Round,Year,RaceName,MeetingKey,SessionKey,CircuitKey,CircuitShortName,StartDate,DriverNumber,FullName,Abbreviation,DriverId,TeamId,Position,GridPosition,ClassifiedPosition,Status,Points,Time,Laps,AirTemp,RainFall,WindSpeed,QualiTime,DriverPoints,ConstructorPoints
1,2018,Australian Grand Prix,979,5066,10,Melbourne,2018-03-25 16:10:00,5,Sebastian Vettel,VET,vettel,ferrari,1.0,3.0,1,Finished,25.0,0 days 01:29:33.283000,58.0,24.077477477477476,0.045045045045045,3.691891891891892,0 days 00:00:00.674000,25.0,40.0
1,2018,Australian Grand Prix,979,5066,10,Melbourne,2018-03-25 16:10:00,44,Lewis Hamilton,HAM,hamilton,mercedes,2.0,1.0,2,Finished,18.0,0 days 00:00:05.036000,58.0,24.077477477477476,0.045045045045045,3.691891891891892,0 days 00:00:00,18.0,22.0
1,2018,Australian Grand Prix,979,5066,10,Melbourne,2018-03-25 16:10:00,7,Kimi Räikkönen,RAI,raikkonen,ferrari,3.0,2.0,3,Finished,15.0,0 days 00:00:06.309000,58.0,24.077477477477476,0.045045045045045,3.691891891891892,0 days 00:00:00.664000,15.0,40.0
1,2018,Australian Grand Prix,979,5066,10,Melbourne,2018-03-25 16:10:00,3,Daniel Ricciardo,RIC,ricciardo,red_bull,4.0,8.0,4,Finished,12.0,0 days 00:00:07.069000,58.0,24.077477477477476,0.045045045045045,3.691891891891892,0 days 00:00:00.988000,12.0,20.0
1,2018,Australian Grand Prix,979,5066,10,Melbourne,2018-03-25 16:10:00,14,Fernando Alonso,ALO,alonso,mclaren,5.0,10.0,5,Finished,10.0,0 days 00:00:27.886000,58.0,24.077477477477476,0.045045045045045,3.691891891891892,0 days 00:00:02.433000,10.0,12.0
1,2018,Australian Grand Prix,979,5066,10,Melbourne,2018-03-25 16:10:00,33,Max Verstappen,VER,max_verstappen,red_bull,6.0,4.0,6,Finished,8.0,0 days 00:00:28.945000,58.0,24.077477477477476,0.045045045045045,3.691891891891892,0 days 00:00:00.715000,8.0,20.0
1,2018,Australian Grand Prix,979,5066,10,Melbourne,2018-03-25 16:10:00,27,Nico Hulkenberg,HUL,hulkenberg,renault,7.0,7.0,7,Finished,6.0,0 days 00:00:32.671000,58.0,24.077477477477476,0.045045045045045,3.691891891891892,0 days 00:00:02.368000,6.0,7.0
1,2018,Australian Grand Prix,979,5066,10,Melbourne,2018-03-25 16:10:00,77,Valtteri Bottas,BOT,bottas,mercedes,8.0,15.0,8,Finished,4.0,0 days 00:00:34.339000,58.0,24.077477477477476,0.045045045045045,3.691891891891892,0 days 00:00:00.925000,4.0,22.0
1,2018,Australian Grand Prix,979,5066,10,Melbourne,2018-03-25 16:10:00,2,Stoffel Vandoorne,VAN,vandoorne,mclaren,9.0,11.0,9,Finished,2.0,0 days 00:00:34.921000,58.0,24.077477477477476,0.045045045045045,3.691891891891892,0 days 00:00:02.689000,2.0,12.0
1,2018,Australian Grand Prix,979,5066,10,Melbourne,2018-03-25 16:10:00,55,Carlos Sainz,SAI,sainz,renault,10.0,9.0,10,Finished,1.0,0 days 00:00:45.722000,58.0,24.077477477477476,0.045045045045045,3.691891891891892,0 days 00:00:01.897000,1.0,7.0
1,2018,Australian Grand Prix,979,5066,10,Melbourne,2018-03-25 16:10:00,11,Sergio Perez,PER,perez,force_india,11.0,12.0,11,Finished,0.0,0 days 00:00:46.817000,58.0,24.077477477477476,0.045045045045045,3.691891891891892,0 days 00:00:02.841000,0.0,0.0
1,2018,Australian Grand Prix,979,5066,10,Melbourne,2018-03-25 16:10:00,31,Esteban Ocon,OCO,ocon,force_india,12.0,14.0,12,Finished,0.0,0 days 00:01:00.278000,58.0,24.077477477477476,0.045045045045045,3.691891891891892,0 days 00:00:03.339000,0.0,0.0
1,2018,Australian Grand Prix,979,5066,10,Melbourne,2018-03-25 16:10:00,16,Charles Leclerc,LEC,leclerc,sauber,13.0,18.0,13,Finished,0.0,0 days 00:01:15.759000,58.0,24.077477477477476,0.045045045045045,3.691891891891892,0 days 00:00:03.472000,0.0,0.0
1,2018,Australian Grand Prix,979,5066,10,Melbourne,2018-03-25 16:10:00,18,Lance Stroll,STR,stroll,williams,14.0,13.0,14,Finished,0.0,0 days 00:01:18.288000,58.0,24.077477477477476,0.045045045045045,3.691891891891892,0 days 00:00:03.066000,0.0,0.0
1,2018,Australian Grand Prix,979,5066,10,Melbourne,2018-03-25 16:10:00,28,Brendon Hartley,HAR,brendon_hartley,toro_rosso,15.0,16.0,15,+1 Lap,0.0,0 days 02:46:00,57.0,24.077477477477476,0.045045045045045,3.691891891891892,0 days 00:00:03.368000,0.0,0.0
1,2018,Australian Grand Prix,979,5066,10,Melbourne,2018-03-25 16:10:00,8,Romain Grosjean,GRO,grosjean,haas,16.0,6.0,R,Wheel,0.0,0 days 02:46:00,24.0,24.077477477477476,0.045045045045045,3.691891891891892,0 days 00:00:02.175000,0.0,0.0
1,2018,Australian Grand Prix,979,5066,10,Melbourne,2018-03-25 16:10:00,20,Kevin Magnussen,MAG,kevin_magnussen,haas,17.0,5.0,R,Wheel,0.0,0 days 02:46:00,22.0,24.077477477477476,0.045045045045045,3.691891891891892,0 days 00:00:02.023000,0.0,0.0
1,2018,Australian Grand Prix,979,5066,10,Melbourne,2018-03-25 16:10:00,10,Pierre Gasly,GAS,gasly,toro_rosso,18.0,20.0,R,Engine,0.0,0 days 02:46:00,13.0,24.077477477477476,0.045045045045045,3.691891891891892,0 days 00:00:04.131000,0.0,0.0
1,2018,Australian Grand Prix,979,5066,10,Melbourne,2018-03-25 16:10:00,9,Marcus Ericsson,ERI,ericsson,sauber,19.0,17.0,R,Steering,0.0,0 days 02:46:00,5.0,24.077477477477476,0.045045045045045,3.691891891891892,0 days 00:00:03.392000,0.0,0.0
1,2018,Australian Grand Prix,979,5066,10,Melbourne,2018-03-25 16:10:00,35,Sergey Sirotkin,SIR,sirotkin,williams,20.0,19.0,R,Brakes,0.0,0 days 02:46:00,4.0,24.077477477477476,0.045045045045045,3.691891891891892,0 days 00:00:03.758000,0.0,0.0
2,2018,Bahrain Grand Prix,980,5074,63,Sakhir,2018-04-08 18:10:00,5,Sebastian Vettel,VET,vettel,ferrari,1.0,1.0,1,Finished,25.0,0 days 01:32:01.940000,57.0,27.982524271844657,0.0,0.958252427184466,0 days 00:00:00,50.0,65.0
2,2018,Bahrain Grand Prix,980,5074,63,Sakhir,2018-04-08 18:10:00,77,Valtteri Bottas,BOT,bottas,mercedes,2.0,3.0,2,Finished,18.0,0 days 00:00:00.699000,57.0,27.982524271844657,0.0,0.958252427184466,0 days 00:00:00.166000,22.0,55.0
2,2018,Bahrain Grand Prix,980,5074,63,Sakhir,2018-04-08 18:10:00,44,Lewis Hamilton,HAM,hamilton,mercedes,3.0,9.0,3,Finished,15.0,0 days 00:00:06.512000,57.0,27.982524271844657,0.0,0.958252427184466,0 days 00:00:00.262000,33.0,55.0
2,2018,Bahrain Grand Prix,980,5074,63,Sakhir,2018-04-08 18:10:00,10,Pierre Gasly,GAS,gasly,toro_rosso,4.0,5.0,4,Finished,12.0,0 days 00:01:02.234000,57.0,27.982524271844657,0.0,0.958252427184466,0 days 00:00:01.371000,12.0,12.0
2,2018,Bahrain Grand Prix,980,5074,63,Sakhir,2018-04-08 18:10:00,20,Kevin Magnussen,MAG,kevin_magnussen,haas,5.0,6.0,5,Finished,10.0,0 days 00:01:15.046000,57.0,27.982524271844657,0.0,0.958252427184466,0 days 00:00:01.400000,10.0,10.0
2,2018,Bahrain Grand Prix,980,5074,63,Sakhir,2018-04-08 18:10:00,27,Nico Hulkenberg,HUL,hulkenberg,renault,6.0,7.0,6,Finished,8.0,0 days 00:01:39.024000,57.0,27.982524271844657,0.0,0.958252427184466,0 days 00:00:01.229000,14.0,15.0
2,2018,Bahrain Grand Prix,980,5074,63,Sakhir,2018-04-08 18:10:00,14,Fernando Alonso,ALO,alonso,mclaren,7.0,13.0,7,+1 Lap,6.0,0 days 02:46:00,56.0,27.982524271844657,0.0,0.958252427184466,0 days 00:00:02.254000,16.0,22.0
2,2018,Bahrain Grand Prix,980,5074,63,Sakhir,2018-04-08 18:10:00,2,Stoffel Vandoorne,VAN,vandoorne,mclaren,8.0,14.0,8,+1 Lap,4.0,0 days 02:46:00,56.0,27.982524271844657,0.0,0.958252427184466,0 days 00:00:02.521000,6.0,22.0
2,2018,Bahrain Grand Prix,980,5074,63,Sakhir,2018-04-08 18:10:00,9,Marcus Ericsson,ERI,ericsson,sauber,9.0,17.0,9,+1 Lap,2.0,0 days 02:46:00,56.0,27.982524271844657,0.0,0.958252427184466,0 days 00:00:03.105000,2.0,2.0
2,2018,Bahrain Grand Prix,980,5074,63,Sakhir,2018-04-08 18:10:00,31,Esteban Ocon,OCO,ocon,force_india,10.0,8.0,10,+1 Lap,1.0,0 days 02:46:00,56.0,27.982524271844657,0.0,0.958252427184466,0 days 00:00:01.916000,1.0,1.0
2,2018,Bahrain Grand Prix,980,5074,63,Sakhir,2018-04-08 18:10:00,55,Carlos Sainz,SAI,sainz,renault,11.0,10.0,11,+1 Lap,0.0,0 days 02:46:00,56.0,27.982524271844657,0.0,0.958252427184466,0 days 00:00:01.844000,1.0,15.0
2,2018,Bahrain Grand Prix,980,5074,63,Sakhir,2018-04-08 18:10:00,16,Charles Leclerc,LEC,leclerc,sauber,12.0,19.0,12,+1 Lap,0.0,0 days 02:46:00,56.0,27.982524271844657,0.0,0.958252427184466,0 days 00:00:03.462000,0.0,2.0
2,2018,Bahrain Grand Prix,980,5074,63,Sakhir,2018-04-08 18:10:00,8,Romain Grosjean,GRO,grosjean,haas,13.0,16.0,13,+1 Lap,0.0,0 days 02:46:00,56.0,27.982524271844657,0.0,0.958252427184466,0 days 00:00:02.572000,0.0,10.0
2,2018,Bahrain Grand Prix,980,5074,63,Sakhir,2018-04-08 18:10:00,18,Lance Stroll,STR,stroll,williams,14.0,20.0,14,+1 Lap,0.0,0 days 02:46:00,56.0,27.982524271844657,0.0,0.958252427184466,0 days 00:00:03.545000,0.0,0.0
2,2018,Bahrain Grand Prix,980,5074,63,Sakhir,2018-04-08 18:10:00,35,Sergey Sirotkin,SIR,sirotkin,williams,15.0,18.0,15,+1 Lap,0.0,0 days 02:46:00,56.0,27.982524271844657,0.0,0.958252427184466,0 days 00:00:03.456000,0.0,0.0
2,2018,Bahrain Grand Prix,980,5074,63,Sakhir,2018-04-08 18:10:00,11,Sergio Perez,PER,perez,force_india,16.0,12.0,16,+1 Lap,0.0,0 days 02:46:00,56.0,27.982524271844657,0.0,0.958252427184466,0 days 00:00:02.198000,0.0,1.0
2,2018,Bahrain Grand Prix,980,5074,63,Sakhir,2018-04-08 18:10:00,28,Brendon Hartley,HAR,brendon_hartley,toro_rosso,17.0,11.0,17,+1 Lap,0.0,0 days 02:46:00,56.0,27.982524271844657,0.0,0.958252427184466,0 days 00:00:02.147000,0.0,12.0
2,2018,Bahrain Grand Prix,980,5074,63,Sakhir,2018-04-08 18:10:00,7,Kimi Räikkönen,RAI,raikkonen,ferrari,18.0,2.0,R,Wheel,0.0,0 days 02:46:00,35.0,27.982524271844657,0.0,0.958252427184466,0 days 00:00:00.143000,15.0,65.0
2,2018,Bahrain Grand Prix,980,5074,63,Sakhir,2018-04-08 18:10:00,33,Max Verstappen,VER,max_verstappen,red_bull,19.0,15.0,R,Puncture,0.0,0 days 02:46:00,3.0,27.982524271844657,0.0,0.958252427184466,0 days 00:00:01.416000,8.0,20.0
2,2018,Bahrain Grand Prix,980,5074,63,Sakhir,2018-04-08 18:10:00,3,Daniel Ricciardo,RIC,ricciardo,red_bull,20.0,4.0,R,Electrical,0.0,0 days 02:46:00,1.0,27.982524271844657,0.0,0.958252427184466,0 days 00:00:00.440000,12.0,20.0
3,2018,Chinese Grand Prix,981,5082,49,Shanghai,2018-04-15 14:10:00,3,Daniel Ricciardo,RIC,ricciardo,red_bull,1.0,6.0,1,Finished,25.0,0 days 01:35:36.380000,56.0,19.446428571428573,0.0178571428571428,1.8375,0 days 00:00:00.853000,37.0,55.0
3,2018,Chinese Grand Prix,981,5082,49,Shanghai,2018-04-15 14:10:00,77,Valtteri Bottas,BOT,bottas,mercedes,2.0,3.0,2,Finished,18.0,0 days 00:00:08.894000,56.0,19.446428571428573,0.0178571428571428,1.8375,0 days 00:00:00.530000,40.0,85.0
3,2018,Chinese Grand Prix,981,5082,49,Shanghai,2018-04-15 14:10:00,7,Kimi Räikkönen,RAI,raikkonen,ferrari,3.0,2.0,3,Finished,15.0,0 days 00:00:09.637000,56.0,19.446428571428573,0.0178571428571428,1.8375,0 days 00:00:00.087000,30.0,84.0
3,2018,Chinese Grand Prix,981,5082,49,Shanghai,2018-04-15 14:10:00,44,Lewis Hamilton,HAM,hamilton,mercedes,4.0,4.0,4,Finished,12.0,0 days 00:00:16.985000,56.0,19.446428571428573,0.0178571428571428,1.8375,0 days 00:00:00.580000,45.0,85.0
3,2018,Chinese Grand Prix,981,5082,49,Shanghai,2018-04-15 14:10:00,33,Max Verstappen,VER,max_verstappen,red_bull,5.0,5.0,5,Finished,10.0,0 days 00:00:20.436000,56.0,19.446428571428573,0.0178571428571428,1.8375,0 days 00:00:00.701000,18.0,55.0
3,2018,Chinese Grand Prix,981,5082,49,Shanghai,2018-04-15 14:10:00,27,Nico Hulkenberg,HUL,hulkenberg,renault,6.0,7.0,6,Finished,8.0,0 days 00:00:21.052000,56.0,19.446428571428573,0.0178571428571428,1.8375,0 days 00:00:01.399000,22.0,25.0
3,2018,Chinese Grand Prix,981,5082,49,Shanghai,2018-04-15 14:10:00,14,Fernando Alonso,ALO,alonso,mclaren,7.0,13.0,7,Finished,6.0,0 days 00:00:30.639000,56.0,19.446428571428573,0.0178571428571428,1.8375,0 days 00:00:02.137000,22.0,28.0
3,2018,Chinese Grand Prix,981,5082,49,Shanghai,2018-04-15 14:10:00,5,Sebastian Vettel,VET,vettel,ferrari,8.0,1.0,8,Finished,4.0,0 days 00:00:35.286000,56.0,19.446428571428573,0.0178571428571428,1.8375,0 days 00:00:00,54.0,84.0
3,2018,Chinese Grand Prix,981,5082,49,Shanghai,2018-04-15 14:10:00,55,Carlos Sainz,SAI,sainz,renault,9.0,9.0,9,Finished,2.0,0 days 00:00:35.763000,56.0,19.446428571428573,0.0178571428571428,1.8375,0 days 00:00:01.724000,3.0,25.0
3,2018,Chinese Grand Prix,981,5082,49,Shanghai,2018-04-15 14:10:00,20,Kevin Magnussen,MAG,kevin_magnussen,haas,10.0,11.0,10,Finished,1.0,0 days 00:00:39.594000,56.0,19.446428571428573,0.0178571428571428,1.8375,0 days 00:00:01.891000,11.0,11.0
3,2018,Chinese Grand Prix,981,5082,49,Shanghai,2018-04-15 14:10:00,31,Esteban Ocon,OCO,ocon,force_india,11.0,12.0,11,Finished,0.0,0 days 00:00:44.050000,56.0,19.446428571428573,0.0178571428571428,1.8375,0 days 00:00:01.962000,1.0,1.0
3,2018,Chinese Grand Prix,981,5082,49,Shanghai,2018-04-15 14:10:00,11,Sergio Perez,PER,perez,force_india,12.0,8.0,12,Finished,0.0,0 days 00:00:44.725000,56.0,19.446428571428573,0.0178571428571428,1.8375,0 days 00:00:01.663000,0.0,1.0
3,2018,Chinese Grand Prix,981,5082,49,Shanghai,2018-04-15 14:10:00,2,Stoffel Vandoorne,VAN,vandoorne,mclaren,13.0,14.0,13,Finished,0.0,0 days 00:00:49.373000,56.0,19.446428571428573,0.0178571428571428,1.8375,0 days 00:00:02.410000,6.0,28.0
3,2018,Chinese Grand Prix,981,5082,49,Shanghai,2018-04-15 14:10:00,18,Lance Stroll,STR,stroll,williams,14.0,18.0,14,Finished,0.0,0 days 00:00:55.490000,56.0,19.446428571428573,0.0178571428571428,1.8375,0 days 00:00:03.190000,0.0,0.0
3,2018,Chinese Grand Prix,981,5082,49,Shanghai,2018-04-15 14:10:00,35,Sergey Sirotkin,SIR,sirotkin,williams,15.0,16.0,15,Finished,0.0,0 days 00:00:58.241000,56.0,19.446428571428573,0.0178571428571428,1.8375,0 days 00:00:02.967000,0.0,0.0
3,2018,Chinese Grand Prix,981,5082,49,Shanghai,2018-04-15 14:10:00,9,Marcus Ericsson,ERI,ericsson,sauber,16.0,20.0,16,Finished,0.0,0 days 00:01:02.604000,56.0,19.446428571428573,0.0178571428571428,1.8375,0 days 00:00:03.819000,2.0,2.0
3,2018,Chinese Grand Prix,981,5082,49,Shanghai,2018-04-15 14:10:00,8,Romain Grosjean,GRO,grosjean,haas,17.0,10.0,17,Finished,0.0,0 days 00:01:05.296000,56.0,19.446428571428573,0.0178571428571428,1.8375,0 days 00:00:01.429000,0.0,11.0
3,2018,Chinese Grand Prix,981,5082,49,Shanghai,2018-04-15 14:10:00,10,Pierre Gasly,GAS,gasly,toro_rosso,18.0,17.0,18,Finished,0.0,0 days 00:01:06.330000,56.0,19.446428571428573,0.0178571428571428,1.8375,0 days 00:00:03.006000,12.0,12.0
3,2018,Chinese Grand Prix,981,5082,49,Shanghai,2018-04-15 14:10:00,16,Charles Leclerc,LEC,leclerc,sauber,19.0,19.0,19,Finished,0.0,0 days 00:01:22.575000,56.0,19.446428571428573,0.0178571428571428,1.8375,0 days 00:00:03.359000,0.0,2.0
3,2018,Chinese Grand Prix,981,5082,49,Shanghai,2018-04-15 14:10:00,28,Brendon Hartley,HAR,brendon_hartley,toro_rosso,20.0,15.0,20,Collision damage,0.0,0 days 02:46:00,51.0,19.446428571428573,0.0178571428571428,1.8375,0 days 00:00:02.700000,0.0,12.0
4,2018,Azerbaijan Grand Prix,982,5090,144,Baku,2018-04-29 16:10:00,44,Lewis Hamilton,HAM,hamilton,mercedes,1.0,2.0,1,Finished,25.0,0 days 01:43:44.291000,51.0,16.66140350877193,0.0,2.2228070175438597,0 days 00:00:00.179000,70.0,110.0
4,2018,Azerbaijan Grand Prix,982,5090,144,Baku,2018-04-29 16:10:00,7,Kimi Räikkönen,RAI,raikkonen,ferrari,2.0,6.0,2,Finished,18.0,0 days 00:00:02.460000,51.0,16.66140350877193,0.0,2.2228070175438597,0 days 00:00:00.992000,48.0,114.0
4,2018,Azerbaijan Grand Prix,982,5090,144,Baku,2018-04-29 16:10:00,11,Sergio Perez,PER,perez,force_india,3.0,8.0,3,Finished,15.0,0 days 00:00:04.024000,51.0,16.66140350877193,0.0,2.2228070175438597,0 days 00:00:01.049000,15.0,16.0
4,2018,Azerbaijan Grand Prix,982,5090,144,Baku,2018-04-29 16:10:00,5,Sebastian Vettel,VET,vettel,ferrari,4.0,1.0,4,Finished,12.0,0 days 00:00:05.329000,51.0,16.66140350877193,0.0,2.2228070175438597,0 days 00:00:00,66.0,114.0
4,2018,Azerbaijan Grand Prix,982,5090,144,Baku,2018-04-29 16:10:00,55,Carlos Sainz,SAI,sainz,renault,5.0,9.0,5,Finished,10.0,0 days 00:00:07.515000,51.0,16.66140350877193,0.0,2.2228070175438597,0 days 00:00:01.853000,13.0,35.0
4,2018,Azerbaijan Grand Prix,982,5090,144,Baku,2018-04-29 16:10:00,16,Charles Leclerc,LEC,leclerc,sauber,6.0,13.0,6,Finished,8.0,0 days 00:00:09.158000,51.0,16.66140350877193,0.0,2.2228070175438597,0 days 00:00:02.254000,8.0,10.0
4,2018,Azerbaijan Grand Prix,982,5090,144,Baku,2018-04-29 16:10:00,14,Fernando Alonso,ALO,alonso,mclaren,7.0,12.0,7,Finished,6.0,0 days 00:00:10.931000,51.0,16.66140350877193,0.0,2.2228070175438597,0 days 00:00:02.512000,28.0,36.0
4,2018,Azerbaijan Grand Prix,982,5090,144,Baku,2018-04-29 16:10:00,18,Lance Stroll,STR,stroll,williams,8.0,10.0,8,Finished,4.0,0 days 00:00:12.546000,51.0,16.66140350877193,0.0,2.2228070175438597,0 days 00:00:02.087000,4.0,4.0
4,2018,Azerbaijan Grand Prix,982,5090,144,Baku,2018-04-29 16:10:00,2,Stoffel Vandoorne,VAN,vandoorne,mclaren,9.0,16.0,9,Finished,2.0,0 days 00:00:14.152000,51.0,16.66140350877193,0.0,2.2228070175438597,0 days 00:00:02.991000,8.0,36.0
4,2018,Azerbaijan Grand Prix,982,5090,144,Baku,2018-04-29 16:10:00,28,Brendon Hartley,HAR,brendon_hartley,toro_rosso,10.0,19.0,10,Finished,1.0,0 days 00:00:18.030000,51.0,16.66140350877193,0.0,2.2228070175438597,0 days 00:00:15.856000,1.0,13.0
4,2018,Azerbaijan Grand Prix,982,5090,144,Baku,2018-04-29 16:10:00,9,Marcus Ericsson,ERI,ericsson,sauber,11.0,18.0,11,Finished,0.0,0 days 00:00:18.512000,51.0,16.66140350877193,0.0,2.2228070175438597,0 days 00:00:04.043000,2.0,10.0
4,2018,Azerbaijan Grand Prix,982,5090,144,Baku,2018-04-29 16:10:00,10,Pierre Gasly,GAS,gasly,toro_rosso,12.0,17.0,12,Finished,0.0,0 days 00:00:24.720000,51.0,16.66140350877193,0.0,2.2228070175438597,0 days 00:00:02.998000,12.0,13.0
4,2018,Azerbaijan Grand Prix,982,5090,144,Baku,2018-04-29 16:10:00,20,Kevin Magnussen,MAG,kevin_magnussen,haas,13.0,15.0,13,Finished,0.0,0 days 00:00:40.663000,51.0,16.66140350877193,0.0,2.2228070175438597,0 days 00:00:02.176000,11.0,11.0
4,2018,Azerbaijan Grand Prix,982,5090,144,Baku,2018-04-29 16:10:00,77,Valtteri Bottas,BOT,bottas,mercedes,14.0,3.0,R,Puncture,0.0,0 days 02:46:00,48.0,16.66140350877193,0.0,2.2228070175438597,0 days 00:00:00.339000,40.0,110.0
4,2018,Azerbaijan Grand Prix,982,5090,144,Baku,2018-04-29 16:10:00,8,Romain Grosjean,GRO,grosjean,haas,15.0,20.0,R,Accident,0.0,0 days 02:46:00,42.0,16.66140350877193,0.0,2.2228070175438597,0 days 02:46:00,0.0,11.0
4,2018,Azerbaijan Grand Prix,982,5090,144,Baku,2018-04-29 16:10:00,33,Max Verstappen,VER,max_verstappen,red_bull,16.0,5.0,R,Collision,0.0,0 days 02:46:00,39.0,16.66140350877193,0.0,2.2228070175438597,0 days 00:00:00.496000,18.0,55.0
4,2018,Azerbaijan Grand Prix,982,5090,144,Baku,2018-04-29 16:10:00,3,Daniel Ricciardo,RIC,ricciardo,red_bull,17.0,4.0,R,Collision,0.0,0 days 02:46:00,39.0,16.66140350877193,0.0,2.2228070175438597,0 days 00:00:00.413000,37.0,55.0
4,2018,Azerbaijan Grand Prix,982,5090,144,Baku,2018-04-29 16:10:00,27,Nico Hulkenberg,HUL,hulkenberg,renault,18.0,14.0,R,Accident,0.0,0 days 02:46:00,10.0,16.66140350877193,0.0,2.2228070175438597,0 days 00:00:01.568000,22.0,35.0
4,2018,Azerbaijan Grand Prix,982,5090,144,Baku,2018-04-29 16:10:00,31,Esteban Ocon,OCO,ocon,force_india,19.0,7.0,R,Collision,0.0,0 days 02:46:00,0.0,16.66140350877193,0.0,2.2228070175438597,0 days 00:00:01.025000,1.0,16.0
4,2018,Azerbaijan Grand Prix,982,5090,144,Baku,2018-04-29 16:10:00,35,Sergey Sirotkin,SIR,sirotkin,williams,20.0,11.0,R,Collision,0.0,0 days 02:46:00,0.0,16.66140350877193,0.0,2.2228070175438597,0 days 00:00:02.388000,0.0,4.0
5,2018,Spanish Grand Prix,983,5098,15,Catalunya,2018-05-13 15:10:00,44,Lewis Hamilton,HAM,hamilton,mercedes,1.0,1.0,1,Finished,25.0,0 days 01:35:29.972000,66.0,16.05047619047619,0.7904761904761904,1.9523809523809523,0 days 00:00:00,95.0,153.0
5,2018,Spanish Grand Prix,983,5098,15,Catalunya,2018-05-13 15:10:00,77,Valtteri Bottas,BOT,bottas,mercedes,2.0,2.0,2,Finished,18.0,0 days 00:00:20.593000,66.0,16.05047619047619,0.7904761904761904,1.9523809523809523,0 days 00:00:00.040000,58.0,153.0
5,2018,Spanish Grand Prix,983,5098,15,Catalunya,2018-05-13 15:10:00,33,Max Verstappen,VER,max_verstappen,red_bull,3.0,5.0,3,Finished,15.0,0 days 00:00:26.873000,66.0,16.05047619047619,0.7904761904761904,1.9523809523809523,0 days 00:00:00.643000,33.0,80.0
5,2018,Spanish Grand Prix,983,5098,15,Catalunya,2018-05-13 15:10:00,5,Sebastian Vettel,VET,vettel,ferrari,4.0,3.0,4,Finished,12.0,0 days 00:00:27.584000,66.0,16.05047619047619,0.7904761904761904,1.9523809523809523,0 days 00:00:00.132000,78.0,126.0
5,2018,Spanish Grand Prix,983,5098,15,Catalunya,2018-05-13 15:10:00,3,Daniel Ricciardo,RIC,ricciardo,red_bull,5.0,6.0,5,Finished,10.0,0 days 00:00:50.058000,66.0,16.05047619047619,0.7904761904761904,1.9523809523809523,0 days 00:00:00.645000,47.0,80.0
5,2018,Spanish Grand Prix,983,5098,15,Catalunya,2018-05-13 15:10:00,20,Kevin Magnussen,MAG,kevin_magnussen,haas,6.0,7.0,6,+1 Lap,8.0,0 days 02:46:00,65.0,16.05047619047619,0.7904761904761904,1.9523809523809523,0 days 00:00:01.445000,19.0,19.0
5,2018,Spanish Grand Prix,983,5098,15,Catalunya,2018-05-13 15:10:00,55,Carlos Sainz,SAI,sainz,renault,7.0,9.0,7,+1 Lap,6.0,0 days 02:46:00,65.0,16.05047619047619,0.7904761904761904,1.9523809523809523,0 days 00:00:01.617000,19.0,41.0
5,2018,Spanish Grand Prix,983,5098,15,Catalunya,2018-05-13 15:10:00,14,Fernando Alonso,ALO,alonso,mclaren,8.0,8.0,8,+1 Lap,4.0,0 days 02:46:00,65.0,16.05047619047619,0.7904761904761904,1.9523809523809523,0 days 00:00:01.548000,32.0,40.0
5,2018,Spanish Grand Prix,983,5098,15,Catalunya,2018-05-13 15:10:00,11,Sergio Perez,PER,perez,force_india,9.0,15.0,9,+2 Laps,2.0,0 days 02:46:00,64.0,16.05047619047619,0.7904761904761904,1.9523809523809523,0 days 00:00:02.567000,17.0,18.0
5,2018,Spanish Grand Prix,983,5098,15,Catalunya,2018-05-13 15:10:00,16,Charles Leclerc,LEC,leclerc,sauber,10.0,14.0,10,+2 Laps,1.0,0 days 02:46:00,64.0,16.05047619047619,0.7904761904761904,1.9523809523809523,0 days 00:00:02.488000,9.0,11.0
5,2018,Spanish Grand Prix,983,5098,15,Catalunya,2018-05-13 15:10:00,18,Lance Stroll,STR,stroll,williams,11.0,18.0,11,+2 Laps,0.0,0 days 02:46:00,64.0,16.05047619047619,0.7904761904761904,1.9523809523809523,0 days 00:00:04.052000,4.0,4.0
5,2018,Spanish Grand Prix,983,5098,15,Catalunya,2018-05-13 15:10:00,28,Brendon Hartley,HAR,brendon_hartley,toro_rosso,12.0,20.0,12,+2 Laps,0.0,0 days 02:46:00,64.0,16.05047619047619,0.7904761904761904,1.9523809523809523,0 days 02:46:00,1.0,13.0
5,2018,Spanish Grand Prix,983,5098,15,Catalunya,2018-05-13 15:10:00,9,Marcus Ericsson,ERI,ericsson,sauber,13.0,17.0,13,+2 Laps,0.0,0 days 02:46:00,64.0,16.05047619047619,0.7904761904761904,1.9523809523809523,0 days 00:00:03.320000,2.0,11.0
5,2018,Spanish Grand Prix,983,5098,15,Catalunya,2018-05-13 15:10:00,35,Sergey Sirotkin,SIR,sirotkin,williams,14.0,19.0,14,+3 Laps,0.0,0 days 02:46:00,63.0,16.05047619047619,0.7904761904761904,1.9523809523809523,0 days 00:00:03.522000,0.0,4.0
5,2018,Spanish Grand Prix,983,5098,15,Catalunya,2018-05-13 15:10:00,2,Stoffel Vandoorne,VAN,vandoorne,mclaren,15.0,11.0,R,Gearbox,0.0,0 days 02:46:00,45.0,16.05047619047619,0.7904761904761904,1.9523809523809523,0 days 00:00:02.150000,8.0,40.0
5,2018,Spanish Grand Prix,983,5098,15,Catalunya,2018-05-13 15:10:00,31,Esteban Ocon,OCO,ocon,force_india,16.0,13.0,R,Oil leak,0.0,0 days 02:46:00,38.0,16.05047619047619,0.7904761904761904,1.9523809523809523,0 days 00:00:02.523000,1.0,18.0
5,2018,Spanish Grand Prix,983,5098,15,Catalunya,2018-05-13 15:10:00,7,Kimi Räikkönen,RAI,raikkonen,ferrari,17.0,4.0,R,Turbo,0.0,0 days 02:46:00,25.0,16.05047619047619,0.7904761904761904,1.9523809523809523,0 days 00:00:00.439000,48.0,126.0
5,2018,Spanish Grand Prix,983,5098,15,Catalunya,2018-05-13 15:10:00,8,Romain Grosjean,GRO,grosjean,haas,18.0,10.0,R,Collision,0.0,0 days 02:46:00,0.0,16.05047619047619,0.7904761904761904,1.9523809523809523,0 days 00:00:01.526000,0.0,19.0
5,2018,Spanish Grand Prix,983,5098,15,Catalunya,2018-05-13 15:10:00,10,Pierre Gasly,GAS,gasly,toro_rosso,19.0,12.0,R,Collision,0.0,0 days 02:46:00,0.0,16.05047619047619,0.7904761904761904,1.9523809523809523,0 days 00:00:02.290000,12.0,13.0
5,2018,Spanish Grand Prix,983,5098,15,Catalunya,2018-05-13 15:10:00,27,Nico Hulkenberg,HUL,hulkenberg,renault,20.0,16.0,R,Collision,0.0,0 days 02:46:00,0.0,16.05047619047619,0.7904761904761904,1.9523809523809523,0 days 00:00:02.750000,22.0,41.0
6,2018,Monaco Grand Prix,984,5106,22,Monte Carlo,2018-05-27 15:10:00,3,Daniel Ricciardo,RIC,ricciardo,red_bull,1.0,1.0,1,Finished,25.0,0 days 01:42:54.807000,78.0,26.64070796460177,0.1238938053097345,1.382300884955752,0 days 00:00:00,72.0,107.0
6,2018,Monaco Grand Prix,984,5106,22,Monte Carlo,2018-05-27 15:10:00,5,Sebastian Vettel,VET,vettel,ferrari,2.0,2.0,2,Finished,18.0,0 days 00:00:07.336000,78.0,26.64070796460177,0.1238938053097345,1.382300884955752,0 days 00:00:00.229000,96.0,156.0
6,2018,Monaco Grand Prix,984,5106,22,Monte Carlo,2018-05-27 15:10:00,44,Lewis Hamilton,HAM,hamilton,mercedes,3.0,3.0,3,Finished,15.0,0 days 00:00:17.013000,78.0,26.64070796460177,0.1238938053097345,1.382300884955752,0 days 00:00:00.422000,110.0,178.0
6,2018,Monaco Grand Prix,984,5106,22,Monte Carlo,2018-05-27 15:10:00,7,Kimi Räikkönen,RAI,raikkonen,ferrari,4.0,4.0,4,Finished,12.0,0 days 00:00:18.127000,78.0,26.64070796460177,0.1238938053097345,1.382300884955752,0 days 00:00:00.456000,60.0,156.0
6,2018,Monaco Grand Prix,984,5106,22,Monte Carlo,2018-05-27 15:10:00,77,Valtteri Bottas,BOT,bottas,mercedes,5.0,5.0,5,Finished,10.0,0 days 00:00:18.822000,78.0,26.64070796460177,0.1238938053097345,1.382300884955752,0 days 00:00:00.631000,68.0,178.0
6,2018,Monaco Grand Prix,984,5106,22,Monte Carlo,2018-05-27 15:10:00,31,Esteban Ocon,OCO,ocon,force_india,6.0,6.0,6,Finished,8.0,0 days 00:00:23.667000,78.0,26.64070796460177,0.1238938053097345,1.382300884955752,0 days 00:00:01.251000,9.0,26.0
6,2018,Monaco Grand Prix,984,5106,22,Monte Carlo,2018-05-27 15:10:00,10,Pierre Gasly,GAS,gasly,toro_rosso,7.0,10.0,7,Finished,6.0,0 days 00:00:24.331000,78.0,26.64070796460177,0.1238938053097345,1.382300884955752,0 days 00:00:01.411000,18.0,19.0
6,2018,Monaco Grand Prix,984,5106,22,Monte Carlo,2018-05-27 15:10:00,27,Nico Hulkenberg,HUL,hulkenberg,renault,8.0,11.0,8,Finished,4.0,0 days 00:00:24.839000,78.0,26.64070796460177,0.1238938053097345,1.382300884955752,0 days 00:00:01.601000,26.0,46.0
6,2018,Monaco Grand Prix,984,5106,22,Monte Carlo,2018-05-27 15:10:00,33,Max Verstappen,VER,max_verstappen,red_bull,9.0,20.0,9,Finished,2.0,0 days 00:00:25.317000,78.0,26.64070796460177,0.1238938053097345,1.382300884955752,0 days 02:46:00,35.0,107.0
6,2018,Monaco Grand Prix,984,5106,22,Monte Carlo,2018-05-27 15:10:00,55,Carlos Sainz,SAI,sainz,renault,10.0,8.0,10,Finished,1.0,0 days 00:01:09.013000,78.0,26.64070796460177,0.1238938053097345,1.382300884955752,0 days 00:00:01.320000,20.0,46.0
6,2018,Monaco Grand Prix,984,5106,22,Monte Carlo,2018-05-27 15:10:00,9,Marcus Ericsson,ERI,ericsson,sauber,11.0,16.0,11,Finished,0.0,0 days 00:01:09.864000,78.0,26.64070796460177,0.1238938053097345,1.382300884955752,0 days 00:00:02.455000,2.0,11.0
6,2018,Monaco Grand Prix,984,5106,22,Monte Carlo,2018-05-27 15:10:00,11,Sergio Perez,PER,perez,force_india,12.0,9.0,12,Finished,0.0,0 days 00:01:10.461000,78.0,26.64070796460177,0.1238938053097345,1.382300884955752,0 days 00:00:01.344000,17.0,26.0
6,2018,Monaco Grand Prix,984,5106,22,Monte Carlo,2018-05-27 15:10:00,20,Kevin Magnussen,MAG,kevin_magnussen,haas,13.0,19.0,13,Finished,0.0,0 days 00:01:14.823000,78.0,26.64070796460177,0.1238938053097345,1.382300884955752,0 days 00:00:02.583000,19.0,19.0
6,2018,Monaco Grand Prix,984,5106,22,Monte Carlo,2018-05-27 15:10:00,2,Stoffel Vandoorne,VAN,vandoorne,mclaren,14.0,12.0,14,+1 Lap,0.0,0 days 02:46:00,77.0,26.64070796460177,0.1238938053097345,1.382300884955752,0 days 00:00:01.630000,8.0,40.0
6,2018,Monaco Grand Prix,984,5106,22,Monte Carlo,2018-05-27 15:10:00,8,Romain Grosjean,GRO,grosjean,haas,15.0,18.0,15,+1 Lap,0.0,0 days 02:46:00,77.0,26.64070796460177,0.1238938053097345,1.382300884955752,0 days 00:00:01.918000,0.0,19.0
6,2018,Monaco Grand Prix,984,5106,22,Monte Carlo,2018-05-27 15:10:00,35,Sergey Sirotkin,SIR,sirotkin,williams,16.0,13.0,16,+1 Lap,0.0,0 days 02:46:00,77.0,26.64070796460177,0.1238938053097345,1.382300884955752,0 days 00:00:01.711000,0.0,4.0
6,2018,Monaco Grand Prix,984,5106,22,Monte Carlo,2018-05-27 15:10:00,18,Lance Stroll,STR,stroll,williams,17.0,17.0,17,+2 Laps,0.0,0 days 02:46:00,76.0,26.64070796460177,0.1238938053097345,1.382300884955752,0 days 00:00:02.513000,4.0,4.0
6,2018,Monaco Grand Prix,984,5106,22,Monte Carlo,2018-05-27 15:10:00,16,Charles Leclerc,LEC,leclerc,sauber,18.0,14.0,R,Collision,0.0,0 days 02:46:00,70.0,26.64070796460177,0.1238938053097345,1.382300884955752,0 days 00:00:01.904000,9.0,11.0
6,2018,Monaco Grand Prix,984,5106,22,Monte Carlo,2018-05-27 15:10:00,28,Brendon Hartley,HAR,brendon_hartley,toro_rosso,19.0,15.0,R,Collision,0.0,0 days 02:46:00,70.0,26.64070796460177,0.1238938053097345,1.382300884955752,0 days 00:00:02.369000,1.0,19.0
6,2018,Monaco Grand Prix,984,5106,22,Monte Carlo,2018-05-27 15:10:00,14,Fernando Alonso,ALO,alonso,mclaren,20.0,7.0,R,Gearbox,0.0,0 days 02:46:00,52.0,26.64070796460177,0.1238938053097345,1.382300884955752,0 days 00:00:01.300000,32.0,40.0
7,2018,Canadian Grand Prix,985,5114,23,Montreal,2018-06-10 14:10:00,5,Sebastian Vettel,VET,vettel,ferrari,1.0,1.0,1,Finished,25.0,0 days 01:28:31.377000,68.0,20.52358490566038,0.0,2.4716981132075473,0 days 00:00:00,121.0,189.0
7,2018,Canadian Grand Prix,985,5114,23,Montreal,2018-06-10 14:10:00,77,Valtteri Bottas,BOT,bottas,mercedes,2.0,2.0,2,Finished,18.0,0 days 00:00:07.376000,68.0,20.52358490566038,0.0,2.4716981132075473,0 days 00:00:00.093000,86.0,206.0
7,2018,Canadian Grand Prix,985,5114,23,Montreal,2018-06-10 14:10:00,33,Max Verstappen,VER,max_verstappen,red_bull,3.0,3.0,3,Finished,15.0,0 days 00:00:08.360000,68.0,20.52358490566038,0.0,2.4716981132075473,0 days 00:00:00.173000,50.0,134.0
7,2018,Canadian Grand Prix,985,5114,23,Montreal,2018-06-10 14:10:00,3,Daniel Ricciardo,RIC,ricciardo,red_bull,4.0,6.0,4,Finished,12.0,0 days 00:00:20.892000,68.0,20.52358490566038,0.0,2.4716981132075473,0 days 00:00:00.352000,84.0,134.0
7,2018,Canadian Grand Prix,985,5114,23,Montreal,2018-06-10 14:10:00,44,Lewis Hamilton,HAM,hamilton,mercedes,5.0,4.0,5,Finished,10.0,0 days 00:00:21.559000,68.0,20.52358490566038,0.0,2.4716981132075473,0 days 00:00:00.232000,120.0,206.0
7,2018,Canadian Grand Prix,985,5114,23,Montreal,2018-06-10 14:10:00,7,Kimi Räikkönen,RAI,raikkonen,ferrari,6.0,5.0,6,Finished,8.0,0 days 00:00:27.184000,68.0,20.52358490566038,0.0,2.4716981132075473,0 days 00:00:00.331000,68.0,189.0
7,2018,Canadian Grand Prix,985,5114,23,Montreal,2018-06-10 14:10:00,27,Nico Hulkenberg,HUL,hulkenberg,renault,7.0,7.0,7,+1 Lap,6.0,0 days 02:46:00,67.0,20.52358490566038,0.0,2.4716981132075473,0 days 00:00:01.152000,32.0,56.0
7,2018,Canadian Grand Prix,985,5114,23,Montreal,2018-06-10 14:10:00,55,Carlos Sainz,SAI,sainz,renault,8.0,9.0,8,+1 Lap,4.0,0 days 02:46:00,67.0,20.52358490566038,0.0,2.4716981132075473,0 days 00:00:01.333000,24.0,56.0
7,2018,Canadian Grand Prix,985,5114,23,Montreal,2018-06-10 14:10:00,31,Esteban Ocon,OCO,ocon,force_india,9.0,8.0,9,+1 Lap,2.0,0 days 02:46:00,67.0,20.52358490566038,0.0,2.4716981132075473,0 days 00:00:01.320000,11.0,28.0
7,2018,Canadian Grand Prix,985,5114,23,Montreal,2018-06-10 14:10:00,16,Charles Leclerc,LEC,leclerc,sauber,10.0,13.0,10,+1 Lap,1.0,0 days 02:46:00,67.0,20.52358490566038,0.0,2.4716981132075473,0 days 00:00:01.897000,10.0,12.0
7,2018,Canadian Grand Prix,985,5114,23,Montreal,2018-06-10 14:10:00,10,Pierre Gasly,GAS,gasly,toro_rosso,11.0,16.0,11,+1 Lap,0.0,0 days 02:46:00,67.0,20.52358490566038,0.0,2.4716981132075473,0 days 00:00:02.283000,18.0,19.0
7,2018,Canadian Grand Prix,985,5114,23,Montreal,2018-06-10 14:10:00,8,Romain Grosjean,GRO,grosjean,haas,12.0,20.0,12,+1 Lap,0.0,0 days 02:46:00,67.0,20.52358490566038,0.0,2.4716981132075473,0 days 02:46:00,0.0,19.0
7,2018,Canadian Grand Prix,985,5114,23,Montreal,2018-06-10 14:10:00,20,Kevin Magnussen,MAG,kevin_magnussen,haas,13.0,11.0,13,+1 Lap,0.0,0 days 02:46:00,67.0,20.52358490566038,0.0,2.4716981132075473,0 days 00:00:01.842000,19.0,19.0
7,2018,Canadian Grand Prix,985,5114,23,Montreal,2018-06-10 14:10:00,11,Sergio Perez,PER,perez,force_india,14.0,10.0,14,+1 Lap,0.0,0 days 02:46:00,67.0,20.52358490566038,0.0,2.4716981132075473,0 days 00:00:01.631000,17.0,28.0
7,2018,Canadian Grand Prix,985,5114,23,Montreal,2018-06-10 14:10:00,9,Marcus Ericsson,ERI,ericsson,sauber,15.0,19.0,15,+2 Laps,0.0,0 days 02:46:00,66.0,20.52358490566038,0.0,2.4716981132075473,0 days 00:00:03.829000,2.0,12.0
7,2018,Canadian Grand Prix,985,5114,23,Montreal,2018-06-10 14:10:00,2,Stoffel Vandoorne,VAN,vandoorne,mclaren,16.0,15.0,16,+2 Laps,0.0,0 days 02:46:00,66.0,20.52358490566038,0.0,2.4716981132075473,0 days 00:00:02.101000,8.0,40.0
7,2018,Canadian Grand Prix,985,5114,23,Montreal,2018-06-10 14:10:00,35,Sergey Sirotkin,SIR,sirotkin,williams,17.0,18.0,17,+2 Laps,0.0,0 days 02:46:00,66.0,20.52358490566038,0.0,2.4716981132075473,0 days 00:00:02.879000,0.0,4.0
7,2018,Canadian Grand Prix,985,5114,23,Montreal,2018-06-10 14:10:00,14,Fernando Alonso,ALO,alonso,mclaren,18.0,14.0,R,Exhaust,0.0,0 days 02:46:00,40.0,20.52358490566038,0.0,2.4716981132075473,0 days 00:00:02.092000,32.0,40.0
7,2018,Canadian Grand Prix,985,5114,23,Montreal,2018-06-10 14:10:00,28,Brendon Hartley,HAR,brendon_hartley,toro_rosso,19.0,12.0,R,Collision,0.0,0 days 02:46:00,0.0,20.52358490566038,0.0,2.4716981132075473,0 days 00:00:01.823000,1.0,19.0
7,2018,Canadian Grand Prix,985,5114,23,Montreal,2018-06-10 14:10:00,18,Lance Stroll,STR,stroll,williams,20.0,17.0,R,Collision,0.0,0 days 02:46:00,0.0,20.52358490566038,0.0,2.4716981132075473,0 days 00:00:02.826000,4.0,4.0
8,2018,French Grand Prix,986,5122,28,Paul Ricard,2018-06-24 16:10:00,44,Lewis Hamilton,HAM,hamilton,mercedes,1.0,1.0,1,Finished,25.0,0 days 01:30:11.385000,53.0,24.546078431372543,0.0098039215686274,1.815686274509804,0 days 00:00:00,145.0,237.0
8,2018,French Grand Prix,986,5122,28,Paul Ricard,2018-06-24 16:10:00,33,Max Verstappen,VER,max_verstappen,red_bull,2.0,4.0,2,Finished,18.0,0 days 00:00:07.090000,53.0,24.546078431372543,0.0098039215686274,1.815686274509804,0 days 00:00:00.676000,68.0,164.0
8,2018,French Grand Prix,986,5122,28,Paul Ricard,2018-06-24 16:10:00,7,Kimi Räikkönen,RAI,raikkonen,ferrari,3.0,6.0,3,Finished,15.0,0 days 00:00:25.888000,53.0,24.546078431372543,0.0098039215686274,1.815686274509804,0 days 00:00:00.743000,83.0,214.0
8,2018,French Grand Prix,986,5122,28,Paul Ricard,2018-06-24 16:10:00,3,Daniel Ricciardo,RIC,ricciardo,red_bull,4.0,5.0,4,Finished,12.0,0 days 00:00:34.736000,53.0,24.546078431372543,0.0098039215686274,1.815686274509804,0 days 00:00:00.866000,96.0,164.0
8,2018,French Grand Prix,986,5122,28,Paul Ricard,2018-06-24 16:10:00,5,Sebastian Vettel,VET,vettel,ferrari,5.0,3.0,5,Finished,10.0,0 days 00:01:01.935000,53.0,24.546078431372543,0.0098039215686274,1.815686274509804,0 days 00:00:00.371000,131.0,214.0
8,2018,French Grand Prix,986,5122,28,Paul Ricard,2018-06-24 16:10:00,20,Kevin Magnussen,MAG,kevin_magnussen,haas,6.0,9.0,6,Finished,8.0,0 days 00:01:19.364000,53.0,24.546078431372543,0.0098039215686274,1.815686274509804,0 days 00:00:01.481000,27.0,27.0
8,2018,French Grand Prix,986,5122,28,Paul Ricard,2018-06-24 16:10:00,77,Valtteri Bottas,BOT,bottas,mercedes,7.0,2.0,7,Finished,6.0,0 days 00:01:20.632000,53.0,24.546078431372543,0.0098039215686274,1.815686274509804,0 days 00:00:00.118000,92.0,237.0
8,2018,French Grand Prix,986,5122,28,Paul Ricard,2018-06-24 16:10:00,55,Carlos Sainz,SAI,sainz,renault,8.0,7.0,8,Finished,4.0,0 days 00:01:27.184000,53.0,24.546078431372543,0.0098039215686274,1.815686274509804,0 days 00:00:01.987000,28.0,62.0
8,2018,French Grand Prix,986,5122,28,Paul Ricard,2018-06-24 16:10:00,27,Nico Hulkenberg,HUL,hulkenberg,renault,9.0,12.0,9,Finished,2.0,0 days 00:01:31.989000,53.0,24.546078431372543,0.0098039215686274,1.815686274509804,0 days 00:00:02.086000,34.0,62.0
8,2018,French Grand Prix,986,5122,28,Paul Ricard,2018-06-24 16:10:00,16,Charles Leclerc,LEC,leclerc,sauber,10.0,8.0,10,Finished,1.0,0 days 00:01:33.873000,53.0,24.546078431372543,0.0098039215686274,1.815686274509804,0 days 00:00:02.026000,11.0,13.0
8,2018,French Grand Prix,986,5122,28,Paul Ricard,2018-06-24 16:10:00,8,Romain Grosjean,GRO,grosjean,haas,11.0,10.0,11,+1 Lap,0.0,0 days 02:46:00,52.0,24.546078431372543,0.0098039215686274,1.815686274509804,0 days 00:00:01.443000,0.0,27.0
8,2018,French Grand Prix,986,5122,28,Paul Ricard,2018-06-24 16:10:00,2,Stoffel Vandoorne,VAN,vandoorne,mclaren,12.0,17.0,12,+1 Lap,0.0,0 days 02:46:00,52.0,24.546078431372543,0.0098039215686274,1.815686274509804,0 days 00:00:03.133000,8.0,40.0
8,2018,French Grand Prix,986,5122,28,Paul Ricard,2018-06-24 16:10:00,9,Marcus Ericsson,ERI,ericsson,sauber,13.0,15.0,13,+1 Lap,0.0,0 days 02:46:00,52.0,24.546078431372543,0.0098039215686274,1.815686274509804,0 days 00:00:02.775000,2.0,13.0
8,2018,French Grand Prix,986,5122,28,Paul Ricard,2018-06-24 16:10:00,28,Brendon Hartley,HAR,brendon_hartley,toro_rosso,14.0,20.0,14,+1 Lap,0.0,0 days 02:46:00,52.0,24.546078431372543,0.0098039215686274,1.815686274509804,0 days 00:00:02.996000,1.0,19.0
8,2018,French Grand Prix,986,5122,28,Paul Ricard,2018-06-24 16:10:00,35,Sergey Sirotkin,SIR,sirotkin,williams,15.0,18.0,15,+1 Lap,0.0,0 days 02:46:00,52.0,24.546078431372543,0.0098039215686274,1.815686274509804,0 days 00:00:03.607000,0.0,4.0
8,2018,French Grand Prix,986,5122,28,Paul Ricard,2018-06-24 16:10:00,14,Fernando Alonso,ALO,alonso,mclaren,16.0,16.0,16,Wheel,0.0,0 days 02:46:00,50.0,24.546078431372543,0.0098039215686274,1.815686274509804,0 days 00:00:02.947000,32.0,40.0
8,2018,French Grand Prix,986,5122,28,Paul Ricard,2018-06-24 16:10:00,18,Lance Stroll,STR,stroll,williams,17.0,19.0,17,Puncture,0.0,0 days 02:46:00,48.0,24.546078431372543,0.0098039215686274,1.815686274509804,0 days 00:00:03.700000,4.0,4.0
8,2018,French Grand Prix,986,5122,28,Paul Ricard,2018-06-24 16:10:00,11,Sergio Perez,PER,perez,force_india,18.0,13.0,R,Engine,0.0,0 days 02:46:00,27.0,24.546078431372543,0.0098039215686274,1.815686274509804,0 days 00:00:02.425000,17.0,28.0
8,2018,French Grand Prix,986,5122,28,Paul Ricard,2018-06-24 16:10:00,31,Esteban Ocon,OCO,ocon,force_india,19.0,11.0,R,Collision,0.0,0 days 02:46:00,0.0,24.546078431372543,0.0098039215686274,1.815686274509804,0 days 00:00:02.046000,11.0,28.0
8,2018,French Grand Prix,986,5122,28,Paul Ricard,2018-06-24 16:10:00,10,Pierre Gasly,GAS,gasly,toro_rosso,20.0,14.0,R,Collision,0.0,0 days 02:46:00,0.0,24.546078431372543,0.0098039215686274,1.815686274509804,0 days 00:00:02.418000,18.0,19.0
9,2018,Austrian Grand Prix,987,5130,19,Spielberg,2018-07-01 15:10:00,33,Max Verstappen,VER,max_verstappen,red_bull,1.0,4.0,1,Finished,25.0,0 days 01:21:56.024000,71.0,23.176086956521736,0.0,2.484782608695652,0 days 00:00:00.710000,93.0,189.0
9,2018,Austrian Grand Prix,987,5130,19,Spielberg,2018-07-01 15:10:00,7,Kimi Räikkönen,RAI,raikkonen,ferrari,2.0,3.0,2,Finished,18.0,0 days 00:00:01.504000,71.0,23.176086956521736,0.0,2.484782608695652,0 days 00:00:00.530000,101.0,247.0
9,2018,Austrian Grand Prix,987,5130,19,Spielberg,2018-07-01 15:10:00,5,Sebastian Vettel,VET,vettel,ferrari,3.0,6.0,3,Finished,15.0,0 days 00:00:03.181000,71.0,23.176086956521736,0.0,2.484782608695652,0 days 00:00:00.334000,146.0,247.0
9,2018,Austrian Grand Prix,987,5130,19,Spielberg,2018-07-01 15:10:00,8,Romain Grosjean,GRO,grosjean,haas,4.0,5.0,4,+1 Lap,12.0,0 days 02:46:00,70.0,23.176086956521736,0.0,2.484782608695652,0 days 00:00:00.762000,12.0,49.0
9,2018,Austrian Grand Prix,987,5130,19,Spielberg,2018-07-01 15:10:00,20,Kevin Magnussen,MAG,kevin_magnussen,haas,5.0,8.0,5,+1 Lap,10.0,0 days 02:46:00,70.0,23.176086956521736,0.0,2.484782608695652,0 days 00:00:00.921000,37.0,49.0
9,2018,Austrian Grand Prix,987,5130,19,Spielberg,2018-07-01 15:10:00,31,Esteban Ocon,OCO,ocon,force_india,6.0,11.0,6,+1 Lap,8.0,0 days 02:46:00,70.0,23.176086956521736,0.0,2.484782608695652,0 days 00:00:01.715000,19.0,42.0
9,2018,Austrian Grand Prix,987,5130,19,Spielberg,2018-07-01 15:10:00,11,Sergio Perez,PER,perez,force_india,7.0,16.0,7,+1 Lap,6.0,0 days 02:46:00,70.0,23.176086956521736,0.0,2.484782608695652,0 days 00:00:02.149000,23.0,42.0
9,2018,Austrian Grand Prix,987,5130,19,Spielberg,2018-07-01 15:10:00,14,Fernando Alonso,ALO,alonso,mclaren,8.0,13.0,8,+1 Lap,4.0,0 days 02:46:00,70.0,23.176086956521736,0.0,2.484782608695652,0 days 00:00:01.835000,36.0,44.0
9,2018,Austrian Grand Prix,987,5130,19,Spielberg,2018-07-01 15:10:00,16,Charles Leclerc,LEC,leclerc,sauber,9.0,18.0,9,+1 Lap,2.0,0 days 02:46:00,70.0,23.176086956521736,0.0,2.484782608695652,0 days 00:00:01.837000,13.0,16.0
9,2018,Austrian Grand Prix,987,5130,19,Spielberg,2018-07-01 15:10:00,9,Marcus Ericsson,ERI,ericsson,sauber,10.0,20.0,10,+1 Lap,1.0,0 days 02:46:00,70.0,23.176086956521736,0.0,2.484782608695652,0 days 00:00:02.349000,3.0,16.0
9,2018,Austrian Grand Prix,987,5130,19,Spielberg,2018-07-01 15:10:00,10,Pierre Gasly,GAS,gasly,toro_rosso,11.0,12.0,11,+1 Lap,0.0,0 days 02:46:00,70.0,23.176086956521736,0.0,2.484782608695652,0 days 00:00:01.744000,18.0,19.0
9,2018,Austrian Grand Prix,987,5130,19,Spielberg,2018-07-01 15:10:00,55,Carlos Sainz,SAI,sainz,renault,12.0,9.0,12,+1 Lap,0.0,0 days 02:46:00,70.0,23.176086956521736,0.0,2.484782608695652,0 days 00:00:01.431000,28.0,62.0
9,2018,Austrian Grand Prix,987,5130,19,Spielberg,2018-07-01 15:10:00,35,Sergey Sirotkin,SIR,sirotkin,williams,13.0,17.0,13,+2 Laps,0.0,0 days 02:46:00,69.0,23.176086956521736,0.0,2.484782608695652,0 days 00:00:02.192000,0.0,4.0
9,2018,Austrian Grand Prix,987,5130,19,Spielberg,2018-07-01 15:10:00,18,Lance Stroll,STR,stroll,williams,14.0,14.0,14,+2 Laps,0.0,0 days 02:46:00,69.0,23.176086956521736,0.0,2.484782608695652,0 days 00:00:02.134000,4.0,4.0
9,2018,Austrian Grand Prix,987,5130,19,Spielberg,2018-07-01 15:10:00,2,Stoffel Vandoorne,VAN,vandoorne,mclaren,15.0,15.0,15,Collision damage,0.0,0 days 02:46:00,65.0,23.176086956521736,0.0,2.484782608695652,0 days 00:00:02.141000,8.0,44.0
9,2018,Austrian Grand Prix,987,5130,19,Spielberg,2018-07-01 15:10:00,44,Lewis Hamilton,HAM,hamilton,mercedes,16.0,2.0,R,Fuel pressure,0.0,0 days 02:46:00,62.0,23.176086956521736,0.0,2.484782608695652,0 days 00:00:00.019000,145.0,237.0
9,2018,Austrian Grand Prix,987,5130,19,Spielberg,2018-07-01 15:10:00,28,Brendon Hartley,HAR,brendon_hartley,toro_rosso,17.0,19.0,R,Hydraulics,0.0,0 days 02:46:00,54.0,23.176086956521736,0.0,2.484782608695652,0 days 00:00:02.236000,1.0,19.0
9,2018,Austrian Grand Prix,987,5130,19,Spielberg,2018-07-01 15:10:00,3,Daniel Ricciardo,RIC,ricciardo,red_bull,18.0,7.0,R,Exhaust,0.0,0 days 02:46:00,53.0,23.176086956521736,0.0,2.484782608695652,0 days 00:00:00.866000,96.0,189.0
9,2018,Austrian Grand Prix,987,5130,19,Spielberg,2018-07-01 15:10:00,77,Valtteri Bottas,BOT,bottas,mercedes,19.0,1.0,R,Hydraulics,0.0,0 days 02:46:00,13.0,23.176086956521736,0.0,2.484782608695652,0 days 00:00:00,92.0,237.0
9,2018,Austrian Grand Prix,987,5130,19,Spielberg,2018-07-01 15:10:00,27,Nico Hulkenberg,HUL,hulkenberg,renault,20.0,10.0,R,Engine,0.0,0 days 02:46:00,11.0,23.176086956521736,0.0,2.484782608695652,0 days 00:00:01.546000,34.0,62.0
10,2018,British Grand Prix,988,5138,2,Silverstone,2018-07-08 14:10:00,5,Sebastian Vettel,VET,vettel,ferrari,1.0,2.0,1,Finished,25.0,0 days 01:27:29.784000,52.0,27.431632653061225,0.0,1.4612244897959183,0 days 00:00:00.044000,171.0,287.0
10,2018,British Grand Prix,988,5138,2,Silverstone,2018-07-08 14:10:00,44,Lewis Hamilton,HAM,hamilton,mercedes,2.0,1.0,2,Finished,18.0,0 days 00:00:02.264000,52.0,27.431632653061225,0.0,1.4612244897959183,0 days 00:00:00,163.0,267.0
10,2018,British Grand Prix,988,5138,2,Silverstone,2018-07-08 14:10:00,7,Kimi Räikkönen,RAI,raikkonen,ferrari,3.0,3.0,3,Finished,15.0,0 days 00:00:03.652000,52.0,27.431632653061225,0.0,1.4612244897959183,0 days 00:00:00.098000,116.0,287.0
10,2018,British Grand Prix,988,5138,2,Silverstone,2018-07-08 14:10:00,77,Valtteri Bottas,BOT,bottas,mercedes,4.0,4.0,4,Finished,12.0,0 days 00:00:08.883000,52.0,27.431632653061225,0.0,1.4612244897959183,0 days 00:00:00.325000,104.0,267.0
10,2018,British Grand Prix,988,5138,2,Silverstone,2018-07-08 14:10:00,3,Daniel Ricciardo,RIC,ricciardo,red_bull,5.0,6.0,5,Finished,10.0,0 days 00:00:09.500000,52.0,27.431632653061225,0.0,1.4612244897959183,0 days 00:00:01.207000,106.0,199.0
10,2018,British Grand Prix,988,5138,2,Silverstone,2018-07-08 14:10:00,27,Nico Hulkenberg,HUL,hulkenberg,renault,6.0,11.0,6,Finished,8.0,0 days 00:00:28.220000,52.0,27.431632653061225,0.0,1.4612244897959183,0 days 00:00:02.009000,42.0,70.0
10,2018,British Grand Prix,988,5138,2,Silverstone,2018-07-08 14:10:00,31,Esteban Ocon,OCO,ocon,force_india,7.0,10.0,7,Finished,6.0,0 days 00:00:29.930000,52.0,27.431632653061225,0.0,1.4612244897959183,0 days 00:00:01.951000,25.0,49.0
10,2018,British Grand Prix,988,5138,2,Silverstone,2018-07-08 14:10:00,14,Fernando Alonso,ALO,alonso,mclaren,8.0,13.0,8,Finished,4.0,0 days 00:00:31.115000,52.0,27.431632653061225,0.0,1.4612244897959183,0 days 00:00:02.247000,40.0,48.0
10,2018,British Grand Prix,988,5138,2,Silverstone,2018-07-08 14:10:00,20,Kevin Magnussen,MAG,kevin_magnussen,haas,9.0,7.0,9,Finished,2.0,0 days 00:00:33.188000,52.0,27.431632653061225,0.0,1.4612244897959183,0 days 00:00:01.352000,39.0,51.0
10,2018,British Grand Prix,988,5138,2,Silverstone,2018-07-08 14:10:00,11,Sergio Perez,PER,perez,force_india,10.0,12.0,10,Finished,1.0,0 days 00:00:34.708000,52.0,27.431632653061225,0.0,1.4612244897959183,0 days 00:00:02.036000,24.0,49.0
10,2018,British Grand Prix,988,5138,2,Silverstone,2018-07-08 14:10:00,2,Stoffel Vandoorne,VAN,vandoorne,mclaren,11.0,17.0,11,Finished,0.0,0 days 00:00:35.774000,52.0,27.431632653061225,0.0,1.4612244897959183,0 days 00:00:03.204000,8.0,48.0
10,2018,British Grand Prix,988,5138,2,Silverstone,2018-07-08 14:10:00,18,Lance Stroll,STR,stroll,williams,12.0,19.0,12,Finished,0.0,0 days 00:00:38.106000,52.0,27.431632653061225,0.0,1.4612244897959183,0 days 02:46:00,4.0,4.0
10,2018,British Grand Prix,988,5138,2,Silverstone,2018-07-08 14:10:00,10,Pierre Gasly,GAS,gasly,toro_rosso,13.0,14.0,13,Finished,0.0,0 days 00:00:39.129000,52.0,27.431632653061225,0.0,1.4612244897959183,0 days 00:00:02.451000,18.0,19.0
10,2018,British Grand Prix,988,5138,2,Silverstone,2018-07-08 14:10:00,35,Sergey Sirotkin,SIR,sirotkin,williams,14.0,18.0,14,Finished,0.0,0 days 00:00:48.113000,52.0,27.431632653061225,0.0,1.4612244897959183,0 days 00:00:03.360000,0.0,4.0
10,2018,British Grand Prix,988,5138,2,Silverstone,2018-07-08 14:10:00,33,Max Verstappen,VER,max_verstappen,red_bull,15.0,5.0,R,Brakes,0.0,0 days 02:46:00,46.0,27.431632653061225,0.0,1.4612244897959183,0 days 00:00:00.710000,93.0,199.0
10,2018,British Grand Prix,988,5138,2,Silverstone,2018-07-08 14:10:00,8,Romain Grosjean,GRO,grosjean,haas,16.0,8.0,R,Collision,0.0,0 days 02:46:00,37.0,27.431632653061225,0.0,1.4612244897959183,0 days 00:00:01.563000,12.0,51.0
10,2018,British Grand Prix,988,5138,2,Silverstone,2018-07-08 14:10:00,55,Carlos Sainz,SAI,sainz,renault,17.0,16.0,R,Collision,0.0,0 days 02:46:00,37.0,27.431632653061225,0.0,1.4612244897959183,0 days 00:00:02.564000,28.0,70.0
10,2018,British Grand Prix,988,5138,2,Silverstone,2018-07-08 14:10:00,9,Marcus Ericsson,ERI,ericsson,sauber,18.0,15.0,R,Accident,0.0,0 days 02:46:00,31.0,27.431632653061225,0.0,1.4612244897959183,0 days 00:00:02.357000,3.0,16.0
10,2018,British Grand Prix,988,5138,2,Silverstone,2018-07-08 14:10:00,16,Charles Leclerc,LEC,leclerc,sauber,19.0,9.0,R,Tyre,0.0,0 days 02:46:00,18.0,27.431632653061225,0.0,1.4612244897959183,0 days 00:00:01.898000,13.0,16.0
10,2018,British Grand Prix,988,5138,2,Silverstone,2018-07-08 14:10:00,28,Brendon Hartley,HAR,brendon_hartley,toro_rosso,20.0,0.0,R,Power Unit,0.0,0 days 02:46:00,1.0,27.431632653061225,0.0,1.4612244897959183,0 days 02:46:00,1.0,19.0
11,2018,German Grand Prix,989,5146,34,Hockenheim,2018-07-22 15:10:00,44,Lewis Hamilton,HAM,hamilton,mercedes,1.0,14.0,1,Finished,25.0,0 days 01:32:29.845000,67.0,26.40192307692308,0.2596153846153846,2.0086538461538463,0 days 00:00:01.800000,188.0,310.0
11,2018,German Grand Prix,989,5146,34,Hockenheim,2018-07-22 15:10:00,77,Valtteri Bottas,BOT,bottas,mercedes,2.0,2.0,2,Finished,18.0,0 days 00:00:04.535000,67.0,26.40192307692308,0.2596153846153846,2.0086538461538463,0 days 00:00:00.204000,122.0,310.0
11,2018,German Grand Prix,989,5146,34,Hockenheim,2018-07-22 15:10:00,7,Kimi Räikkönen,RAI,raikkonen,ferrari,3.0,3.0,3,Finished,15.0,0 days 00:00:06.732000,67.0,26.40192307692308,0.2596153846153846,2.0086538461538463,0 days 00:00:00.335000,131.0,302.0
11,2018,German Grand Prix,989,5146,34,Hockenheim,2018-07-22 15:10:00,33,Max Verstappen,VER,max_verstappen,red_bull,4.0,4.0,4,Finished,12.0,0 days 00:00:07.654000,67.0,26.40192307692308,0.2596153846153846,2.0086538461538463,0 days 00:00:00.610000,105.0,211.0
11,2018,German Grand Prix,989,5146,34,Hockenheim,2018-07-22 15:10:00,27,Nico Hulkenberg,HUL,hulkenberg,renault,5.0,7.0,5,Finished,10.0,0 days 00:00:26.609000,67.0,26.40192307692308,0.2596153846153846,2.0086538461538463,0 days 00:00:01.348000,52.0,80.0
11,2018,German Grand Prix,989,5146,34,Hockenheim,2018-07-22 15:10:00,8,Romain Grosjean,GRO,grosjean,haas,6.0,6.0,6,Finished,8.0,0 days 00:00:28.871000,67.0,26.40192307692308,0.2596153846153846,2.0086538461538463,0 days 00:00:01.332000,20.0,59.0
11,2018,German Grand Prix,989,5146,34,Hockenheim,2018-07-22 15:10:00,11,Sergio Perez,PER,perez,force_india,7.0,10.0,7,Finished,6.0,0 days 00:00:30.556000,67.0,26.40192307692308,0.2596153846153846,2.0086538461538463,0 days 00:00:01.562000,30.0,59.0
11,2018,German Grand Prix,989,5146,34,Hockenheim,2018-07-22 15:10:00,31,Esteban Ocon,OCO,ocon,force_india,8.0,15.0,8,Finished,4.0,0 days 00:00:31.750000,67.0,26.40192307692308,0.2596153846153846,2.0086538461538463,0 days 00:00:02.508000,29.0,59.0
11,2018,German Grand Prix,989,5146,34,Hockenheim,2018-07-22 15:10:00,9,Marcus Ericsson,ERI,ericsson,sauber,9.0,13.0,9,Finished,2.0,0 days 00:00:32.362000,67.0,26.40192307692308,0.2596153846153846,2.0086538461538463,0 days 00:00:02.350000,5.0,18.0
11,2018,German Grand Prix,989,5146,34,Hockenheim,2018-07-22 15:10:00,28,Brendon Hartley,HAR,brendon_hartley,toro_rosso,10.0,17.0,10,Finished,1.0,0 days 00:00:34.197000,67.0,26.40192307692308,0.2596153846153846,2.0086538461538463,0 days 00:00:02.833000,2.0,20.0
11,2018,German Grand Prix,989,5146,34,Hockenheim,2018-07-22 15:10:00,20,Kevin Magnussen,MAG,kevin_magnussen,haas,11.0,5.0,11,Finished,0.0,0 days 00:00:34.919000,67.0,26.40192307692308,0.2596153846153846,2.0086538461538463,0 days 00:00:00.988000,39.0,59.0
11,2018,German Grand Prix,989,5146,34,Hockenheim,2018-07-22 15:10:00,55,Carlos Sainz,SAI,sainz,renault,12.0,8.0,12,Finished,0.0,0 days 00:00:43.069000,67.0,26.40192307692308,0.2596153846153846,2.0086538461538463,0 days 00:00:01.480000,28.0,80.0
11,2018,German Grand Prix,989,5146,34,Hockenheim,2018-07-22 15:10:00,2,Stoffel Vandoorne,VAN,vandoorne,mclaren,13.0,19.0,13,Finished,0.0,0 days 00:00:46.617000,67.0,26.40192307692308,0.2596153846153846,2.0086538461538463,0 days 00:00:03.189000,8.0,48.0
11,2018,German Grand Prix,989,5146,34,Hockenheim,2018-07-22 15:10:00,10,Pierre Gasly,GAS,gasly,toro_rosso,14.0,16.0,14,+1 Lap,0.0,0 days 02:46:00,66.0,26.40192307692308,0.2596153846153846,2.0086538461538463,0 days 00:00:02.537000,18.0,20.0
11,2018,German Grand Prix,989,5146,34,Hockenheim,2018-07-22 15:10:00,16,Charles Leclerc,LEC,leclerc,sauber,15.0,9.0,15,+1 Lap,0.0,0 days 02:46:00,66.0,26.40192307692308,0.2596153846153846,2.0086538461538463,0 days 00:00:01.505000,13.0,18.0
11,2018,German Grand Prix,989,5146,34,Hockenheim,2018-07-22 15:10:00,14,Fernando Alonso,ALO,alonso,mclaren,16.0,11.0,16,Retired,0.0,0 days 02:46:00,65.0,26.40192307692308,0.2596153846153846,2.0086538461538463,0 days 00:00:02.402000,40.0,48.0
11,2018,German Grand Prix,989,5146,34,Hockenheim,2018-07-22 15:10:00,18,Lance Stroll,STR,stroll,williams,17.0,18.0,R,Engine,0.0,0 days 02:46:00,53.0,26.40192307692308,0.2596153846153846,2.0086538461538463,0 days 00:00:02.994000,4.0,4.0
11,2018,German Grand Prix,989,5146,34,Hockenheim,2018-07-22 15:10:00,5,Sebastian Vettel,VET,vettel,ferrari,18.0,1.0,R,Accident,0.0,0 days 02:46:00,51.0,26.40192307692308,0.2596153846153846,2.0086538461538463,0 days 00:00:00,171.0,302.0
11,2018,German Grand Prix,989,5146,34,Hockenheim,2018-07-22 15:10:00,35,Sergey Sirotkin,SIR,sirotkin,williams,19.0,12.0,R,Engine,0.0,0 days 02:46:00,51.0,26.40192307692308,0.2596153846153846,2.0086538461538463,0 days 00:00:02.490000,0.0,4.0
11,2018,German Grand Prix,989,5146,34,Hockenheim,2018-07-22 15:10:00,3,Daniel Ricciardo,RIC,ricciardo,red_bull,20.0,20.0,R,Engine,0.0,0 days 02:46:00,27.0,26.40192307692308,0.2596153846153846,2.0086538461538463,0 days 00:00:02.106000,106.0,211.0
12,2018,Hungarian Grand Prix,990,5154,4,Hungaroring,2018-07-29 15:10:00,44,Lewis Hamilton,HAM,hamilton,mercedes,1.0,1.0,1,Finished,25.0,0 days 01:37:16.427000,70.0,33.75887850467289,0.0,1.1429906542056074,0 days 00:00:00.753000,213.0,345.0
12,2018,Hungarian Grand Prix,990,5154,4,Hungaroring,2018-07-29 15:10:00,5,Sebastian Vettel,VET,vettel,ferrari,2.0,4.0,2,Finished,18.0,0 days 00:00:17.123000,70.0,33.75887850467289,0.0,1.1429906542056074,0 days 00:00:00,189.0,335.0
12,2018,Hungarian Grand Prix,990,5154,4,Hungaroring,2018-07-29 15:10:00,7,Kimi Räikkönen,RAI,raikkonen,ferrari,3.0,3.0,3,Finished,15.0,0 days 00:00:20.101000,70.0,33.75887850467289,0.0,1.1429906542056074,0 days 00:00:00.860000,146.0,335.0
12,2018,Hungarian Grand Prix,990,5154,4,Hungaroring,2018-07-29 15:10:00,3,Daniel Ricciardo,RIC,ricciardo,red_bull,4.0,12.0,4,Finished,12.0,0 days 00:00:46.419000,70.0,33.75887850467289,0.0,1.1429906542056074,0 days 00:00:01.874000,118.0,223.0
12,2018,Hungarian Grand Prix,990,5154,4,Hungaroring,2018-07-29 15:10:00,77,Valtteri Bottas,BOT,bottas,mercedes,5.0,2.0,5,Finished,10.0,0 days 00:00:50,70.0,33.75887850467289,0.0,1.1429906542056074,0 days 00:00:00.457000,132.0,345.0
12,2018,Hungarian Grand Prix,990,5154,4,Hungaroring,2018-07-29 15:10:00,10,Pierre Gasly,GAS,gasly,toro_rosso,6.0,6.0,6,Finished,8.0,0 days 00:01:13.273000,70.0,33.75887850467289,0.0,1.1429906542056074,0 days 00:00:01.911000,26.0,28.0
12,2018,Hungarian Grand Prix,990,5154,4,Hungaroring,2018-07-29 15:10:00,20,Kevin Magnussen,MAG,kevin_magnussen,haas,7.0,9.0,7,+1 Lap,6.0,0 days 02:46:00,69.0,33.75887850467289,0.0,1.1429906542056074,0 days 00:00:01.648000,45.0,66.0
12,2018,Hungarian Grand Prix,990,5154,4,Hungaroring,2018-07-29 15:10:00,14,Fernando Alonso,ALO,alonso,mclaren,8.0,11.0,8,+1 Lap,4.0,0 days 02:46:00,69.0,33.75887850467289,0.0,1.1429906542056074,0 days 00:00:01.542000,44.0,52.0
12,2018,Hungarian Grand Prix,990,5154,4,Hungaroring,2018-07-29 15:10:00,55,Carlos Sainz,SAI,sainz,renault,9.0,5.0,9,+1 Lap,2.0,0 days 02:46:00,69.0,33.75887850467289,0.0,1.1429906542056074,0 days 00:00:01.163000,30.0,82.0
12,2018,Hungarian Grand Prix,990,5154,4,Hungaroring,2018-07-29 15:10:00,8,Romain Grosjean,GRO,grosjean,haas,10.0,10.0,10,+1 Lap,1.0,0 days 02:46:00,69.0,33.75887850467289,0.0,1.1429906542056074,0 days 00:00:01.235000,21.0,66.0
12,2018,Hungarian Grand Prix,990,5154,4,Hungaroring,2018-07-29 15:10:00,28,Brendon Hartley,HAR,brendon_hartley,toro_rosso,11.0,8.0,11,+1 Lap,0.0,0 days 02:46:00,69.0,33.75887850467289,0.0,1.1429906542056074,0 days 00:00:01.763000,2.0,28.0
12,2018,Hungarian Grand Prix,990,5154,4,Hungaroring,2018-07-29 15:10:00,27,Nico Hulkenberg,HUL,hulkenberg,renault,12.0,13.0,12,+1 Lap,0.0,0 days 02:46:00,69.0,33.75887850467289,0.0,1.1429906542056074,0 days 00:00:01.239000,52.0,82.0
12,2018,Hungarian Grand Prix,990,5154,4,Hungaroring,2018-07-29 15:10:00,31,Esteban Ocon,OCO,ocon,force_india,13.0,18.0,13,+1 Lap,0.0,0 days 02:46:00,69.0,33.75887850467289,0.0,1.1429906542056074,0 days 00:00:02.476000,29.0,59.0
12,2018,Hungarian Grand Prix,990,5154,4,Hungaroring,2018-07-29 15:10:00,11,Sergio Perez,PER,perez,force_india,14.0,19.0,14,+1 Lap,0.0,0 days 02:46:00,69.0,33.75887850467289,0.0,1.1429906542056074,0 days 00:00:02.534000,30.0,59.0
12,2018,Hungarian Grand Prix,990,5154,4,Hungaroring,2018-07-29 15:10:00,9,Marcus Ericsson,ERI,ericsson,sauber,15.0,14.0,15,+2 Laps,0.0,0 days 02:46:00,68.0,33.75887850467289,0.0,1.1429906542056074,0 days 00:00:01.975000,5.0,18.0
12,2018,Hungarian Grand Prix,990,5154,4,Hungaroring,2018-07-29 15:10:00,35,Sergey Sirotkin,SIR,sirotkin,williams,16.0,20.0,16,+2 Laps,0.0,0 days 02:46:00,68.0,33.75887850467289,0.0,1.1429906542056074,0 days 00:00:02.635000,0.0,4.0
12,2018,Hungarian Grand Prix,990,5154,4,Hungaroring,2018-07-29 15:10:00,18,Lance Stroll,STR,stroll,williams,17.0,15.0,17,+2 Laps,0.0,0 days 02:46:00,68.0,33.75887850467289,0.0,1.1429906542056074,0 days 00:00:01.894000,4.0,4.0
12,2018,Hungarian Grand Prix,990,5154,4,Hungaroring,2018-07-29 15:10:00,2,Stoffel Vandoorne,VAN,vandoorne,mclaren,18.0,16.0,R,Gearbox,0.0,0 days 02:46:00,49.0,33.75887850467289,0.0,1.1429906542056074,0 days 00:00:02.116000,8.0,52.0
12,2018,Hungarian Grand Prix,990,5154,4,Hungaroring,2018-07-29 15:10:00,33,Max Verstappen,VER,max_verstappen,red_bull,19.0,7.0,R,Power loss,0.0,0 days 02:46:00,5.0,33.75887850467289,0.0,1.1429906542056074,0 days 00:00:00.274000,105.0,223.0
12,2018,Hungarian Grand Prix,990,5154,4,Hungaroring,2018-07-29 15:10:00,16,Charles Leclerc,LEC,leclerc,sauber,20.0,17.0,R,Suspension,0.0,0 days 02:46:00,0.0,33.75887850467289,0.0,1.1429906542056074,0 days 00:00:02.151000,13.0,18.0
13,2018,Belgian Grand Prix,991,5162,7,Spa-Francorchamps,2018-08-26 15:10:00,5,Sebastian Vettel,VET,vettel,ferrari,1.0,2.0,1,Finished,25.0,0 days 01:23:34.476000,44.0,17.327358490566038,0.0,2.039622641509434,0 days 00:00:00,214.0,360.0
13,2018,Belgian Grand Prix,991,5162,7,Spa-Francorchamps,2018-08-26 15:10:00,44,Lewis Hamilton,HAM,hamilton,mercedes,2.0,1.0,2,Finished,18.0,0 days 00:00:11.061000,44.0,17.327358490566038,0.0,2.039622641509434,0 days 00:00:00.052000,231.0,375.0
13,2018,Belgian Grand Prix,991,5162,7,Spa-Francorchamps,2018-08-26 15:10:00,33,Max Verstappen,VER,max_verstappen,red_bull,3.0,7.0,3,Finished,15.0,0 days 00:00:31.372000,44.0,17.327358490566038,0.0,2.039622641509434,0 days 00:00:01.053000,120.0,238.0
13,2018,Belgian Grand Prix,991,5162,7,Spa-Francorchamps,2018-08-26 15:10:00,77,Valtteri Bottas,BOT,bottas,mercedes,4.0,19.0,4,Finished,12.0,0 days 00:01:03.605000,44.0,17.327358490566038,0.0,2.039622641509434,0 days 00:00:00.690000,144.0,375.0
13,2018,Belgian Grand Prix,991,5162,7,Spa-Francorchamps,2018-08-26 15:10:00,11,Sergio Perez,PER,perez,force_india,5.0,4.0,5,Finished,10.0,0 days 00:01:11.023000,44.0,17.327358490566038,0.0,2.039622641509434,0 days 00:00:01.513000,40.0,77.0
13,2018,Belgian Grand Prix,991,5162,7,Spa-Francorchamps,2018-08-26 15:10:00,31,Esteban Ocon,OCO,ocon,force_india,6.0,3.0,6,Finished,8.0,0 days 00:01:19.520000,44.0,17.327358490566038,0.0,2.039622641509434,0 days 00:00:01.801000,37.0,77.0
13,2018,Belgian Grand Prix,991,5162,7,Spa-Francorchamps,2018-08-26 15:10:00,8,Romain Grosjean,GRO,grosjean,haas,7.0,5.0,7,Finished,6.0,0 days 00:01:25.953000,44.0,17.327358490566038,0.0,2.039622641509434,0 days 00:00:01.541000,27.0,76.0
13,2018,Belgian Grand Prix,991,5162,7,Spa-Francorchamps,2018-08-26 15:10:00,20,Kevin Magnussen,MAG,kevin_magnussen,haas,8.0,9.0,8,Finished,4.0,0 days 00:01:27.639000,44.0,17.327358490566038,0.0,2.039622641509434,0 days 00:00:01.819000,49.0,76.0
13,2018,Belgian Grand Prix,991,5162,7,Spa-Francorchamps,2018-08-26 15:10:00,10,Pierre Gasly,GAS,gasly,toro_rosso,9.0,10.0,9,Finished,2.0,0 days 00:01:45.892000,44.0,17.327358490566038,0.0,2.039622641509434,0 days 00:00:02.343000,28.0,30.0
13,2018,Belgian Grand Prix,991,5162,7,Spa-Francorchamps,2018-08-26 15:10:00,9,Marcus Ericsson,ERI,ericsson,sauber,10.0,13.0,10,+1 Lap,1.0,0 days 02:46:00,43.0,17.327358490566038,0.0,2.039622641509434,0 days 00:00:02.345000,6.0,19.0
13,2018,Belgian Grand Prix,991,5162,7,Spa-Francorchamps,2018-08-26 15:10:00,55,Carlos Sainz,SAI,sainz,renault,11.0,14.0,11,+1 Lap,0.0,0 days 02:46:00,43.0,17.327358490566038,0.0,2.039622641509434,0 days 00:00:02.988000,30.0,82.0
13,2018,Belgian Grand Prix,991,5162,7,Spa-Francorchamps,2018-08-26 15:10:00,35,Sergey Sirotkin,SIR,sirotkin,williams,12.0,16.0,12,+1 Lap,0.0,0 days 02:46:00,43.0,17.327358490566038,0.0,2.039622641509434,0 days 00:00:03.497000,0.0,4.0
13,2018,Belgian Grand Prix,991,5162,7,Spa-Francorchamps,2018-08-26 15:10:00,18,Lance Stroll,STR,stroll,williams,13.0,17.0,13,+1 Lap,0.0,0 days 02:46:00,43.0,17.327358490566038,0.0,2.039622641509434,0 days 00:00:03.633000,4.0,4.0
13,2018,Belgian Grand Prix,991,5162,7,Spa-Francorchamps,2018-08-26 15:10:00,28,Brendon Hartley,HAR,brendon_hartley,toro_rosso,14.0,11.0,14,+1 Lap,0.0,0 days 02:46:00,43.0,17.327358490566038,0.0,2.039622641509434,0 days 00:00:02.364000,2.0,30.0
13,2018,Belgian Grand Prix,991,5162,7,Spa-Francorchamps,2018-08-26 15:10:00,2,Stoffel Vandoorne,VAN,vandoorne,mclaren,15.0,18.0,15,+1 Lap,0.0,0 days 02:46:00,43.0,17.327358490566038,0.0,2.039622641509434,0 days 00:00:03.806000,8.0,52.0
13,2018,Belgian Grand Prix,991,5162,7,Spa-Francorchamps,2018-08-26 15:10:00,3,Daniel Ricciardo,RIC,ricciardo,red_bull,16.0,8.0,R,Retired,0.0,0 days 02:46:00,28.0,17.327358490566038,0.0,2.039622641509434,0 days 00:00:01.625000,118.0,238.0
13,2018,Belgian Grand Prix,991,5162,7,Spa-Francorchamps,2018-08-26 15:10:00,7,Kimi Räikkönen,RAI,raikkonen,ferrari,17.0,6.0,R,Brakes,0.0,0 days 02:46:00,8.0,17.327358490566038,0.0,2.039622641509434,0 days 00:00:00.032000,146.0,360.0
13,2018,Belgian Grand Prix,991,5162,7,Spa-Francorchamps,2018-08-26 15:10:00,16,Charles Leclerc,LEC,leclerc,sauber,18.0,12.0,R,Accident,0.0,0 days 02:46:00,0.0,17.327358490566038,0.0,2.039622641509434,0 days 00:00:02.153000,13.0,19.0
13,2018,Belgian Grand Prix,991,5162,7,Spa-Francorchamps,2018-08-26 15:10:00,14,Fernando Alonso,ALO,alonso,mclaren,19.0,15.0,R,Accident,0.0,0 days 02:46:00,0.0,17.327358490566038,0.0,2.039622641509434,0 days 00:00:03.416000,44.0,52.0
13,2018,Belgian Grand Prix,991,5162,7,Spa-Francorchamps,2018-08-26 15:10:00,27,Nico Hulkenberg,HUL,hulkenberg,renault,20.0,20.0,R,Accident,0.0,0 days 02:46:00,0.0,17.327358490566038,0.0,2.039622641509434,0 days 00:00:02.644000,52.0,82.0
14,2018,Italian Grand Prix,992,5170,39,Monza,2018-09-02 15:10:00,44,Lewis Hamilton,HAM,hamilton,mercedes,1.0,3.0,1,Finished,25.0,0 days 01:16:54.484000,53.0,22.189898989898992,0.2323232323232323,2.1242424242424245,0 days 00:00:00.175000,256.0,415.0
14,2018,Italian Grand Prix,992,5170,39,Monza,2018-09-02 15:10:00,7,Kimi Räikkönen,RAI,raikkonen,ferrari,2.0,1.0,2,Finished,18.0,0 days 00:00:08.705000,53.0,22.189898989898992,0.2323232323232323,2.1242424242424245,0 days 00:00:00,164.0,390.0
14,2018,Italian Grand Prix,992,5170,39,Monza,2018-09-02 15:10:00,77,Valtteri Bottas,BOT,bottas,mercedes,3.0,4.0,3,Finished,15.0,0 days 00:00:14.066000,53.0,22.189898989898992,0.2323232323232323,2.1242424242424245,0 days 00:00:00.537000,159.0,415.0
14,2018,Italian Grand Prix,992,5170,39,Monza,2018-09-02 15:10:00,5,Sebastian Vettel,VET,vettel,ferrari,4.0,2.0,4,Finished,12.0,0 days 00:00:16.151000,53.0,22.189898989898992,0.2323232323232323,2.1242424242424245,0 days 00:00:00.161000,226.0,390.0
14,2018,Italian Grand Prix,992,5170,39,Monza,2018-09-02 15:10:00,33,Max Verstappen,VER,max_verstappen,red_bull,5.0,5.0,5,Finished,10.0,0 days 00:00:18.208000,53.0,22.189898989898992,0.2323232323232323,2.1242424242424245,0 days 00:00:01.214000,130.0,248.0
14,2018,Italian Grand Prix,992,5170,39,Monza,2018-09-02 15:10:00,31,Esteban Ocon,OCO,ocon,force_india,6.0,8.0,6,Finished,8.0,0 days 00:00:57.761000,53.0,22.189898989898992,0.2323232323232323,2.1242424242424245,0 days 00:00:01.980000,45.0,91.0
14,2018,Italian Grand Prix,992,5170,39,Monza,2018-09-02 15:10:00,11,Sergio Perez,PER,perez,force_india,7.0,14.0,7,Finished,6.0,0 days 00:00:58.678000,53.0,22.189898989898992,0.2323232323232323,2.1242424242424245,0 days 00:00:02.769000,46.0,91.0
14,2018,Italian Grand Prix,992,5170,39,Monza,2018-09-02 15:10:00,55,Carlos Sainz,SAI,sainz,renault,8.0,7.0,8,Finished,4.0,0 days 00:01:18.140000,53.0,22.189898989898992,0.2323232323232323,2.1242424242424245,0 days 00:00:01.922000,34.0,86.0
14,2018,Italian Grand Prix,992,5170,39,Monza,2018-09-02 15:10:00,18,Lance Stroll,STR,stroll,williams,9.0,10.0,9,+1 Lap,2.0,0 days 02:46:00,52.0,22.189898989898992,0.2323232323232323,2.1242424242424245,0 days 00:00:02.375000,6.0,7.0
14,2018,Italian Grand Prix,992,5170,39,Monza,2018-09-02 15:10:00,35,Sergey Sirotkin,SIR,sirotkin,williams,10.0,12.0,10,+1 Lap,1.0,0 days 02:46:00,52.0,22.189898989898992,0.2323232323232323,2.1242424242424245,0 days 00:00:02.613000,1.0,7.0
14,2018,Italian Grand Prix,992,5170,39,Monza,2018-09-02 15:10:00,16,Charles Leclerc,LEC,leclerc,sauber,11.0,15.0,11,+1 Lap,0.0,0 days 02:46:00,52.0,22.189898989898992,0.2323232323232323,2.1242424242424245,0 days 00:00:02.770000,13.0,19.0
14,2018,Italian Grand Prix,992,5170,39,Monza,2018-09-02 15:10:00,2,Stoffel Vandoorne,VAN,vandoorne,mclaren,12.0,17.0,12,+1 Lap,0.0,0 days 02:46:00,52.0,22.189898989898992,0.2323232323232323,2.1242424242424245,0 days 00:00:02.966000,8.0,52.0
14,2018,Italian Grand Prix,992,5170,39,Monza,2018-09-02 15:10:00,27,Nico Hulkenberg,HUL,hulkenberg,renault,13.0,20.0,13,+1 Lap,0.0,0 days 02:46:00,52.0,22.189898989898992,0.2323232323232323,2.1242424242424245,0 days 00:00:02.682000,52.0,86.0
14,2018,Italian Grand Prix,992,5170,39,Monza,2018-09-02 15:10:00,10,Pierre Gasly,GAS,gasly,toro_rosso,14.0,9.0,14,+1 Lap,0.0,0 days 02:46:00,52.0,22.189898989898992,0.2323232323232323,2.1242424242424245,0 days 00:00:02.231000,28.0,30.0
14,2018,Italian Grand Prix,992,5170,39,Monza,2018-09-02 15:10:00,9,Marcus Ericsson,ERI,ericsson,sauber,15.0,18.0,15,+1 Lap,0.0,0 days 02:46:00,52.0,22.189898989898992,0.2323232323232323,2.1242424242424245,0 days 00:00:02.929000,6.0,19.0
14,2018,Italian Grand Prix,992,5170,39,Monza,2018-09-02 15:10:00,20,Kevin Magnussen,MAG,kevin_magnussen,haas,16.0,11.0,16,+1 Lap,0.0,0 days 02:46:00,52.0,22.189898989898992,0.2323232323232323,2.1242424242424245,0 days 00:00:02.550000,49.0,76.0
14,2018,Italian Grand Prix,992,5170,39,Monza,2018-09-02 15:10:00,3,Daniel Ricciardo,RIC,ricciardo,red_bull,17.0,19.0,R,Engine,0.0,0 days 02:46:00,23.0,22.189898989898992,0.2323232323232323,2.1242424242424245,0 days 00:00:02.161000,118.0,248.0
14,2018,Italian Grand Prix,992,5170,39,Monza,2018-09-02 15:10:00,14,Fernando Alonso,ALO,alonso,mclaren,18.0,13.0,R,Engine,0.0,0 days 02:46:00,9.0,22.189898989898992,0.2323232323232323,2.1242424242424245,0 days 00:00:02.731000,44.0,52.0
14,2018,Italian Grand Prix,992,5170,39,Monza,2018-09-02 15:10:00,28,Brendon Hartley,HAR,brendon_hartley,toro_rosso,19.0,16.0,R,Brakes,0.0,0 days 02:46:00,0.0,22.189898989898992,0.2323232323232323,2.1242424242424245,0 days 00:00:02.815000,2.0,30.0
14,2018,Italian Grand Prix,992,5170,39,Monza,2018-09-02 15:10:00,8,Romain Grosjean,GRO,grosjean,haas,20.0,6.0,D,Disqualified,0.0,0 days 02:46:00,53.0,22.189898989898992,0.2323232323232323,2.1242424242424245,0 days 00:00:01.817000,27.0,76.0
15,2018,Singapore Grand Prix,993,5178,61,Singapore,2018-09-16 20:10:00,44,Lewis Hamilton,HAM,hamilton,mercedes,1.0,1.0,1,Finished,25.0,0 days 01:51:11.611000,61.0,29.865413533834587,0.0,1.9789473684210528,0 days 00:00:00,281.0,452.0
15,2018,Singapore Grand Prix,993,5178,61,Singapore,2018-09-16 20:10:00,33,Max Verstappen,VER,max_verstappen,red_bull,2.0,2.0,2,Finished,18.0,0 days 00:00:08.961000,61.0,29.865413533834587,0.0,1.9789473684210528,0 days 00:00:00.319000,148.0,274.0
15,2018,Singapore Grand Prix,993,5178,61,Singapore,2018-09-16 20:10:00,5,Sebastian Vettel,VET,vettel,ferrari,3.0,3.0,3,Finished,15.0,0 days 00:00:39.984000,61.0,29.865413533834587,0.0,1.9789473684210528,0 days 00:00:00.613000,241.0,415.0
15,2018,Singapore Grand Prix,993,5178,61,Singapore,2018-09-16 20:10:00,77,Valtteri Bottas,BOT,bottas,mercedes,4.0,4.0,4,Finished,12.0,0 days 00:00:51.930000,61.0,29.865413533834587,0.0,1.9789473684210528,0 days 00:00:00.687000,171.0,452.0
15,2018,Singapore Grand Prix,993,5178,61,Singapore,2018-09-16 20:10:00,7,Kimi Räikkönen,RAI,raikkonen,ferrari,5.0,5.0,5,Finished,10.0,0 days 00:00:53.001000,61.0,29.865413533834587,0.0,1.9789473684210528,0 days 00:00:00.779000,174.0,415.0
15,2018,Singapore Grand Prix,993,5178,61,Singapore,2018-09-16 20:10:00,3,Daniel Ricciardo,RIC,ricciardo,red_bull,6.0,6.0,6,Finished,8.0,0 days 00:00:53.982000,61.0,29.865413533834587,0.0,1.9789473684210528,0 days 00:00:00.981000,126.0,274.0
15,2018,Singapore Grand Prix,993,5178,61,Singapore,2018-09-16 20:10:00,14,Fernando Alonso,ALO,alonso,mclaren,7.0,11.0,7,Finished,6.0,0 days 00:01:43.001000,61.0,29.865413533834587,0.0,1.9789473684210528,0 days 00:00:02.626000,50.0,58.0
15,2018,Singapore Grand Prix,993,5178,61,Singapore,2018-09-16 20:10:00,55,Carlos Sainz,SAI,sainz,renault,8.0,12.0,8,+1 Lap,4.0,0 days 02:46:00,60.0,29.865413533834587,0.0,1.9789473684210528,0 days 00:00:02.701000,38.0,91.0
15,2018,Singapore Grand Prix,993,5178,61,Singapore,2018-09-16 20:10:00,16,Charles Leclerc,LEC,leclerc,sauber,9.0,13.0,9,+1 Lap,2.0,0 days 02:46:00,60.0,29.865413533834587,0.0,1.9789473684210528,0 days 00:00:02.732000,15.0,21.0
15,2018,Singapore Grand Prix,993,5178,61,Singapore,2018-09-16 20:10:00,27,Nico Hulkenberg,HUL,hulkenberg,renault,10.0,10.0,10,+1 Lap,1.0,0 days 02:46:00,60.0,29.865413533834587,0.0,1.9789473684210528,0 days 00:00:02.435000,53.0,91.0
15,2018,Singapore Grand Prix,993,5178,61,Singapore,2018-09-16 20:10:00,9,Marcus Ericsson,ERI,ericsson,sauber,11.0,14.0,11,+1 Lap,0.0,0 days 02:46:00,60.0,29.865413533834587,0.0,1.9789473684210528,0 days 00:00:03.351000,6.0,21.0
15,2018,Singapore Grand Prix,993,5178,61,Singapore,2018-09-16 20:10:00,2,Stoffel Vandoorne,VAN,vandoorne,mclaren,12.0,18.0,12,+1 Lap,0.0,0 days 02:46:00,60.0,29.865413533834587,0.0,1.9789473684210528,0 days 00:00:03.849000,8.0,58.0
15,2018,Singapore Grand Prix,993,5178,61,Singapore,2018-09-16 20:10:00,10,Pierre Gasly,GAS,gasly,toro_rosso,13.0,15.0,13,+1 Lap,0.0,0 days 02:46:00,60.0,29.865413533834587,0.0,1.9789473684210528,0 days 00:00:03.599000,28.0,30.0
15,2018,Singapore Grand Prix,993,5178,61,Singapore,2018-09-16 20:10:00,18,Lance Stroll,STR,stroll,williams,14.0,20.0,14,+1 Lap,0.0,0 days 02:46:00,60.0,29.865413533834587,0.0,1.9789473684210528,0 days 00:00:05.319000,6.0,7.0
15,2018,Singapore Grand Prix,993,5178,61,Singapore,2018-09-16 20:10:00,8,Romain Grosjean,GRO,grosjean,haas,15.0,8.0,15,+1 Lap,0.0,0 days 02:46:00,60.0,29.865413533834587,0.0,1.9789473684210528,0 days 00:00:02.305000,27.0,76.0
15,2018,Singapore Grand Prix,993,5178,61,Singapore,2018-09-16 20:10:00,11,Sergio Perez,PER,perez,force_india,16.0,7.0,16,+1 Lap,0.0,0 days 02:46:00,60.0,29.865413533834587,0.0,1.9789473684210528,0 days 00:00:01.970000,46.0,91.0
15,2018,Singapore Grand Prix,993,5178,61,Singapore,2018-09-16 20:10:00,28,Brendon Hartley,HAR,brendon_hartley,toro_rosso,17.0,17.0,17,+1 Lap,0.0,0 days 02:46:00,60.0,29.865413533834587,0.0,1.9789473684210528,0 days 00:00:03.794000,2.0,30.0
15,2018,Singapore Grand Prix,993,5178,61,Singapore,2018-09-16 20:10:00,20,Kevin Magnussen,MAG,kevin_magnussen,haas,18.0,16.0,18,+2 Laps,0.0,0 days 02:46:00,59.0,29.865413533834587,0.0,1.9789473684210528,0 days 00:00:03.629000,49.0,76.0
15,2018,Singapore Grand Prix,993,5178,61,Singapore,2018-09-16 20:10:00,35,Sergey Sirotkin,SIR,sirotkin,williams,19.0,19.0,19,+2 Laps,0.0,0 days 02:46:00,59.0,29.865413533834587,0.0,1.9789473684210528,0 days 00:00:05.248000,1.0,7.0
15,2018,Singapore Grand Prix,993,5178,61,Singapore,2018-09-16 20:10:00,31,Esteban Ocon,OCO,ocon,force_india,20.0,9.0,R,Collision,0.0,0 days 02:46:00,0.0,29.865413533834587,0.0,1.9789473684210528,0 days 00:00:02.350000,45.0,91.0
16,2018,Russian Grand Prix,994,5186,79,Sochi,2018-09-30 14:10:00,44,Lewis Hamilton,HAM,hamilton,mercedes,1.0,2.0,1,Finished,25.0,0 days 01:27:25.181000,53.0,24.778181818181817,0.0181818181818181,1.997272727272727,0 days 00:00:00.145000,306.0,495.0
16,2018,Russian Grand Prix,994,5186,79,Sochi,2018-09-30 14:10:00,77,Valtteri Bottas,BOT,bottas,mercedes,2.0,1.0,2,Finished,18.0,0 days 00:00:02.545000,53.0,24.778181818181817,0.0181818181818181,1.997272727272727,0 days 00:00:00,189.0,495.0
16,2018,Russian Grand Prix,994,5186,79,Sochi,2018-09-30 14:10:00,5,Sebastian Vettel,VET,vettel,ferrari,3.0,3.0,3,Finished,15.0,0 days 00:00:07.487000,53.0,24.778181818181817,0.0181818181818181,1.997272727272727,0 days 00:00:00.556000,256.0,442.0
16,2018,Russian Grand Prix,994,5186,79,Sochi,2018-09-30 14:10:00,7,Kimi Räikkönen,RAI,raikkonen,ferrari,4.0,4.0,4,Finished,12.0,0 days 00:00:16.543000,53.0,24.778181818181817,0.0181818181818181,1.997272727272727,0 days 00:00:00.850000,186.0,442.0
16,2018,Russian Grand Prix,994,5186,79,Sochi,2018-09-30 14:10:00,33,Max Verstappen,VER,max_verstappen,red_bull,5.0,19.0,5,Finished,10.0,0 days 00:00:31.016000,53.0,24.778181818181817,0.0181818181818181,1.997272727272727,0 days 00:00:01.661000,158.0,292.0
16,2018,Russian Grand Prix,994,5186,79,Sochi,2018-09-30 14:10:00,3,Daniel Ricciardo,RIC,ricciardo,red_bull,6.0,18.0,6,Finished,8.0,0 days 00:01:20.451000,53.0,24.778181818181817,0.0181818181818181,1.997272727272727,0 days 00:00:01.860000,134.0,292.0
16,2018,Russian Grand Prix,994,5186,79,Sochi,2018-09-30 14:10:00,16,Charles Leclerc,LEC,leclerc,sauber,7.0,7.0,7,Finished,6.0,0 days 00:01:38.390000,53.0,24.778181818181817,0.0181818181818181,1.997272727272727,0 days 00:00:02.032000,21.0,27.0
16,2018,Russian Grand Prix,994,5186,79,Sochi,2018-09-30 14:10:00,20,Kevin Magnussen,MAG,kevin_magnussen,haas,8.0,5.0,8,+1 Lap,4.0,0 days 02:46:00,52.0,24.778181818181817,0.0181818181818181,1.997272727272727,0 days 00:00:01.794000,53.0,80.0
16,2018,Russian Grand Prix,994,5186,79,Sochi,2018-09-30 14:10:00,31,Esteban Ocon,OCO,ocon,force_india,9.0,6.0,9,+1 Lap,2.0,0 days 02:46:00,52.0,24.778181818181817,0.0181818181818181,1.997272727272727,0 days 00:00:02.026000,47.0,94.0
16,2018,Russian Grand Prix,994,5186,79,Sochi,2018-09-30 14:10:00,11,Sergio Perez,PER,perez,force_india,10.0,8.0,10,+1 Lap,1.0,0 days 02:46:00,52.0,24.778181818181817,0.0181818181818181,1.997272727272727,0 days 00:00:02.176000,47.0,94.0
16,2018,Russian Grand Prix,994,5186,79,Sochi,2018-09-30 14:10:00,8,Romain Grosjean,GRO,grosjean,haas,11.0,9.0,11,+1 Lap,0.0,0 days 02:46:00,52.0,24.778181818181817,0.0181818181818181,1.997272727272727,0 days 00:00:02.130000,27.0,80.0
16,2018,Russian Grand Prix,994,5186,79,Sochi,2018-09-30 14:10:00,27,Nico Hulkenberg,HUL,hulkenberg,renault,12.0,12.0,12,+1 Lap,0.0,0 days 02:46:00,52.0,24.778181818181817,0.0181818181818181,1.997272727272727,0 days 00:00:03.268000,53.0,91.0
16,2018,Russian Grand Prix,994,5186,79,Sochi,2018-09-30 14:10:00,9,Marcus Ericsson,ERI,ericsson,sauber,13.0,10.0,13,+1 Lap,0.0,0 days 02:46:00,52.0,24.778181818181817,0.0181818181818181,1.997272727272727,0 days 00:00:02.608000,6.0,27.0
16,2018,Russian Grand Prix,994,5186,79,Sochi,2018-09-30 14:10:00,14,Fernando Alonso,ALO,alonso,mclaren,14.0,16.0,14,+1 Lap,0.0,0 days 02:46:00,52.0,24.778181818181817,0.0181818181818181,1.997272727272727,0 days 00:00:04.117000,50.0,58.0
16,2018,Russian Grand Prix,994,5186,79,Sochi,2018-09-30 14:10:00,18,Lance Stroll,STR,stroll,williams,15.0,14.0,15,+1 Lap,0.0,0 days 02:46:00,52.0,24.778181818181817,0.0181818181818181,1.997272727272727,0 days 00:00:05.050000,6.0,7.0
16,2018,Russian Grand Prix,994,5186,79,Sochi,2018-09-30 14:10:00,2,Stoffel Vandoorne,VAN,vandoorne,mclaren,16.0,15.0,16,+2 Laps,0.0,0 days 02:46:00,51.0,24.778181818181817,0.0181818181818181,1.997272727272727,0 days 00:00:04.590000,8.0,58.0
16,2018,Russian Grand Prix,994,5186,79,Sochi,2018-09-30 14:10:00,55,Carlos Sainz,SAI,sainz,renault,17.0,11.0,17,+2 Laps,0.0,0 days 02:46:00,51.0,24.778181818181817,0.0181818181818181,1.997272727272727,0 days 00:00:03.239000,38.0,91.0
16,2018,Russian Grand Prix,994,5186,79,Sochi,2018-09-30 14:10:00,35,Sergey Sirotkin,SIR,sirotkin,williams,18.0,13.0,18,+2 Laps,0.0,0 days 02:46:00,51.0,24.778181818181817,0.0181818181818181,1.997272727272727,0 days 00:00:04.225000,1.0,7.0
16,2018,Russian Grand Prix,994,5186,79,Sochi,2018-09-30 14:10:00,10,Pierre Gasly,GAS,gasly,toro_rosso,19.0,17.0,R,Brakes,0.0,0 days 02:46:00,4.0,24.778181818181817,0.0181818181818181,1.997272727272727,0 days 00:00:02.996000,28.0,30.0
16,2018,Russian Grand Prix,994,5186,79,Sochi,2018-09-30 14:10:00,28,Brendon Hartley,HAR,brendon_hartley,toro_rosso,20.0,20.0,R,Brakes,0.0,0 days 02:46:00,4.0,24.778181818181817,0.0181818181818181,1.997272727272727,0 days 00:00:03.650000,2.0,30.0
17,2018,Japanese Grand Prix,995,5194,46,Suzuka,2018-10-07 14:10:00,44,Lewis Hamilton,HAM,hamilton,mercedes,1.0,1.0,1,Finished,25.0,0 days 01:27:17.062000,53.0,28.264814814814812,0.0,1.7916666666666667,0 days 00:00:00,331.0,538.0
17,2018,Japanese Grand Prix,995,5194,46,Suzuka,2018-10-07 14:10:00,77,Valtteri Bottas,BOT,bottas,mercedes,2.0,2.0,2,Finished,18.0,0 days 00:00:12.919000,53.0,28.264814814814812,0.0,1.7916666666666667,0 days 00:00:00.227000,207.0,538.0
17,2018,Japanese Grand Prix,995,5194,46,Suzuka,2018-10-07 14:10:00,33,Max Verstappen,VER,max_verstappen,red_bull,3.0,3.0,3,Finished,15.0,0 days 00:00:14.295000,53.0,28.264814814814812,0.0,1.7916666666666667,0 days 00:00:01.089000,173.0,319.0
17,2018,Japanese Grand Prix,995,5194,46,Suzuka,2018-10-07 14:10:00,3,Daniel Ricciardo,RIC,ricciardo,red_bull,4.0,15.0,4,Finished,12.0,0 days 00:00:19.495000,53.0,28.264814814814812,0.0,1.7916666666666667,0 days 00:00:02.046000,146.0,319.0
17,2018,Japanese Grand Prix,995,5194,46,Suzuka,2018-10-07 14:10:00,7,Kimi Räikkönen,RAI,raikkonen,ferrari,5.0,4.0,5,Finished,10.0,0 days 00:00:50.998000,53.0,28.264814814814812,0.0,1.7916666666666667,0 days 00:00:00.835000,196.0,460.0
17,2018,Japanese Grand Prix,995,5194,46,Suzuka,2018-10-07 14:10:00,5,Sebastian Vettel,VET,vettel,ferrari,6.0,8.0,6,Finished,8.0,0 days 00:01:09.873000,53.0,28.264814814814812,0.0,1.7916666666666667,0 days 00:00:00.519000,264.0,460.0
17,2018,Japanese Grand Prix,995,5194,46,Suzuka,2018-10-07 14:10:00,11,Sergio Perez,PER,perez,force_india,7.0,9.0,7,Finished,6.0,0 days 00:01:19.379000,53.0,28.264814814814812,0.0,1.7916666666666667,0 days 00:00:01.807000,53.0,102.0
17,2018,Japanese Grand Prix,995,5194,46,Suzuka,2018-10-07 14:10:00,8,Romain Grosjean,GRO,grosjean,haas,8.0,5.0,8,Finished,4.0,0 days 00:01:27.198000,53.0,28.264814814814812,0.0,1.7916666666666667,0 days 00:00:01.918000,31.0,84.0
17,2018,Japanese Grand Prix,995,5194,46,Suzuka,2018-10-07 14:10:00,31,Esteban Ocon,OCO,ocon,force_india,9.0,11.0,9,Finished,2.0,0 days 00:01:28.055000,53.0,28.264814814814812,0.0,1.7916666666666667,0 days 00:00:01.778000,49.0,102.0
17,2018,Japanese Grand Prix,995,5194,46,Suzuka,2018-10-07 14:10:00,55,Carlos Sainz,SAI,sainz,renault,10.0,13.0,10,+1 Lap,1.0,0 days 02:46:00,52.0,28.264814814814812,0.0,1.7916666666666667,0 days 00:00:02.476000,39.0,92.0
17,2018,Japanese Grand Prix,995,5194,46,Suzuka,2018-10-07 14:10:00,10,Pierre Gasly,GAS,gasly,toro_rosso,11.0,7.0,11,+1 Lap,0.0,0 days 02:46:00,52.0,28.264814814814812,0.0,1.7916666666666667,0 days 00:00:02.050000,28.0,30.0
17,2018,Japanese Grand Prix,995,5194,46,Suzuka,2018-10-07 14:10:00,9,Marcus Ericsson,ERI,ericsson,sauber,12.0,20.0,12,+1 Lap,0.0,0 days 02:46:00,52.0,28.264814814814812,0.0,1.7916666666666667,0 days 00:00:03.453000,6.0,27.0
17,2018,Japanese Grand Prix,995,5194,46,Suzuka,2018-10-07 14:10:00,28,Brendon Hartley,HAR,brendon_hartley,toro_rosso,13.0,6.0,13,+1 Lap,0.0,0 days 02:46:00,52.0,28.264814814814812,0.0,1.7916666666666667,0 days 00:00:02.088000,2.0,30.0
17,2018,Japanese Grand Prix,995,5194,46,Suzuka,2018-10-07 14:10:00,14,Fernando Alonso,ALO,alonso,mclaren,14.0,18.0,14,+1 Lap,0.0,0 days 02:46:00,52.0,28.264814814814812,0.0,1.7916666666666667,0 days 00:00:02.813000,50.0,58.0
17,2018,Japanese Grand Prix,995,5194,46,Suzuka,2018-10-07 14:10:00,2,Stoffel Vandoorne,VAN,vandoorne,mclaren,15.0,19.0,15,+1 Lap,0.0,0 days 02:46:00,52.0,28.264814814814812,0.0,1.7916666666666667,0 days 00:00:03.281000,8.0,58.0
17,2018,Japanese Grand Prix,995,5194,46,Suzuka,2018-10-07 14:10:00,35,Sergey Sirotkin,SIR,sirotkin,williams,16.0,17.0,16,+1 Lap,0.0,0 days 02:46:00,52.0,28.264814814814812,0.0,1.7916666666666667,0 days 00:00:02.612000,1.0,7.0
17,2018,Japanese Grand Prix,995,5194,46,Suzuka,2018-10-07 14:10:00,18,Lance Stroll,STR,stroll,williams,17.0,14.0,17,+1 Lap,0.0,0 days 02:46:00,52.0,28.264814814814812,0.0,1.7916666666666667,0 days 00:00:02.557000,6.0,7.0
17,2018,Japanese Grand Prix,995,5194,46,Suzuka,2018-10-07 14:10:00,16,Charles Leclerc,LEC,leclerc,sauber,18.0,10.0,R,Mechanical,0.0,0 days 02:46:00,38.0,28.264814814814812,0.0,1.7916666666666667,0 days 00:00:01.946000,21.0,27.0
17,2018,Japanese Grand Prix,995,5194,46,Suzuka,2018-10-07 14:10:00,27,Nico Hulkenberg,HUL,hulkenberg,renault,19.0,16.0,R,Engine,0.0,0 days 02:46:00,37.0,28.264814814814812,0.0,1.7916666666666667,0 days 00:00:02.601000,53.0,92.0
17,2018,Japanese Grand Prix,995,5194,46,Suzuka,2018-10-07 14:10:00,20,Kevin Magnussen,MAG,kevin_magnussen,haas,20.0,12.0,R,Collision damage,0.0,0 days 02:46:00,8.0,28.264814814814812,0.0,1.7916666666666667,0 days 00:00:02.459000,53.0,84.0
18,2018,United States Grand Prix,996,5202,9,Austin,2018-10-21 13:10:00,7,Kimi Räikkönen,RAI,raikkonen,ferrari,1.0,2.0,1,Finished,25.0,0 days 01:34:18.643000,56.0,21.933587786259544,0.0,2.090839694656488,0 days 00:00:00.070000,221.0,497.0
18,2018,United States Grand Prix,996,5202,9,Austin,2018-10-21 13:10:00,33,Max Verstappen,VER,max_verstappen,red_bull,2.0,18.0,2,Finished,18.0,0 days 00:00:01.281000,56.0,21.933587786259544,0.0,2.090839694656488,0 days 00:00:02.529000,191.0,337.0
18,2018,United States Grand Prix,996,5202,9,Austin,2018-10-21 13:10:00,44,Lewis Hamilton,HAM,hamilton,mercedes,3.0,1.0,3,Finished,15.0,0 days 00:00:02.342000,56.0,21.933587786259544,0.0,2.090839694656488,0 days 00:00:00,346.0,563.0
18,2018,United States Grand Prix,996,5202,9,Austin,2018-10-21 13:10:00,5,Sebastian Vettel,VET,vettel,ferrari,4.0,5.0,4,Finished,12.0,0 days 00:00:18.222000,56.0,21.933587786259544,0.0,2.090839694656488,0 days 00:00:00.061000,276.0,497.0
18,2018,United States Grand Prix,996,5202,9,Austin,2018-10-21 13:10:00,77,Valtteri Bottas,BOT,bottas,mercedes,5.0,3.0,5,Finished,10.0,0 days 00:00:24.744000,56.0,21.933587786259544,0.0,2.090839694656488,0 days 00:00:00.379000,217.0,563.0
18,2018,United States Grand Prix,996,5202,9,Austin,2018-10-21 13:10:00,27,Nico Hulkenberg,HUL,hulkenberg,renault,6.0,7.0,6,Finished,8.0,0 days 00:01:27.210000,56.0,21.933587786259544,0.0,2.090839694656488,0 days 00:00:01.978000,61.0,106.0
18,2018,United States Grand Prix,996,5202,9,Austin,2018-10-21 13:10:00,55,Carlos Sainz,SAI,sainz,renault,7.0,11.0,7,Finished,6.0,0 days 00:01:34.994000,56.0,21.933587786259544,0.0,2.090839694656488,0 days 00:00:02.329000,45.0,106.0
18,2018,United States Grand Prix,996,5202,9,Austin,2018-10-21 13:10:00,11,Sergio Perez,PER,perez,force_india,8.0,10.0,8,Finished,4.0,0 days 00:01:41.080000,56.0,21.933587786259544,0.0,2.090839694656488,0 days 00:00:02.288000,57.0,106.0
18,2018,United States Grand Prix,996,5202,9,Austin,2018-10-21 13:10:00,28,Brendon Hartley,HAR,brendon_hartley,toro_rosso,9.0,20.0,9,+1 Lap,2.0,0 days 02:46:00,55.0,21.933587786259544,0.0,2.090839694656488,0 days 00:00:02.969000,4.0,32.0
18,2018,United States Grand Prix,996,5202,9,Austin,2018-10-21 13:10:00,9,Marcus Ericsson,ERI,ericsson,sauber,10.0,16.0,10,+1 Lap,1.0,0 days 02:46:00,55.0,21.933587786259544,0.0,2.090839694656488,0 days 00:00:03.299000,7.0,28.0
18,2018,United States Grand Prix,996,5202,9,Austin,2018-10-21 13:10:00,2,Stoffel Vandoorne,VAN,vandoorne,mclaren,11.0,17.0,11,+1 Lap,0.0,0 days 02:46:00,55.0,21.933587786259544,0.0,2.090839694656488,0 days 00:00:03.498000,8.0,58.0
18,2018,United States Grand Prix,996,5202,9,Austin,2018-10-21 13:10:00,10,Pierre Gasly,GAS,gasly,toro_rosso,12.0,19.0,12,+1 Lap,0.0,0 days 02:46:00,55.0,21.933587786259544,0.0,2.090839694656488,0 days 00:00:02.613000,28.0,32.0
18,2018,United States Grand Prix,996,5202,9,Austin,2018-10-21 13:10:00,35,Sergey Sirotkin,SIR,sirotkin,williams,13.0,14.0,13,+1 Lap,0.0,0 days 02:46:00,55.0,21.933587786259544,0.0,2.090839694656488,0 days 00:00:03.125000,1.0,7.0
18,2018,United States Grand Prix,996,5202,9,Austin,2018-10-21 13:10:00,18,Lance Stroll,STR,stroll,williams,14.0,15.0,14,+2 Laps,0.0,0 days 02:46:00,54.0,21.933587786259544,0.0,2.090839694656488,0 days 00:00:03.243000,6.0,7.0
18,2018,United States Grand Prix,996,5202,9,Austin,2018-10-21 13:10:00,16,Charles Leclerc,LEC,leclerc,sauber,15.0,9.0,R,Collision damage,0.0,0 days 02:46:00,31.0,21.933587786259544,0.0,2.090839694656488,0 days 00:00:02.018000,21.0,28.0
18,2018,United States Grand Prix,996,5202,9,Austin,2018-10-21 13:10:00,3,Daniel Ricciardo,RIC,ricciardo,red_bull,16.0,4.0,R,Battery,0.0,0 days 02:46:00,8.0,21.933587786259544,0.0,2.090839694656488,0 days 00:00:01.257000,146.0,337.0
18,2018,United States Grand Prix,996,5202,9,Austin,2018-10-21 13:10:00,8,Romain Grosjean,GRO,grosjean,haas,17.0,8.0,R,Collision damage,0.0,0 days 02:46:00,2.0,21.933587786259544,0.0,2.090839694656488,0 days 00:00:02.013000,31.0,84.0
18,2018,United States Grand Prix,996,5202,9,Austin,2018-10-21 13:10:00,14,Fernando Alonso,ALO,alonso,mclaren,18.0,13.0,R,Collision,0.0,0 days 02:46:00,1.0,21.933587786259544,0.0,2.090839694656488,0 days 00:00:03.057000,50.0,58.0
18,2018,United States Grand Prix,996,5202,9,Austin,2018-10-21 13:10:00,31,Esteban Ocon,OCO,ocon,force_india,19.0,6.0,D,Disqualified,0.0,0 days 02:46:00,56.0,21.933587786259544,0.0,2.090839694656488,0 days 00:00:01.908000,49.0,106.0
18,2018,United States Grand Prix,996,5202,9,Austin,2018-10-21 13:10:00,20,Kevin Magnussen,MAG,kevin_magnussen,haas,20.0,12.0,D,Disqualified,0.0,0 days 02:46:00,56.0,21.933587786259544,0.0,2.090839694656488,0 days 00:00:02.495000,53.0,84.0
19,2018,Mexican Grand Prix,997,5210,65,Mexico City,2018-10-28 13:10:00,33,Max Verstappen,VER,max_verstappen,red_bull,1.0,2.0,1,Finished,25.0,0 days 01:38:28.851000,71.0,20.1231884057971,0.0,1.5594202898550724,0 days 00:00:00.026000,216.0,362.0
19,2018,Mexican Grand Prix,997,5210,65,Mexico City,2018-10-28 13:10:00,5,Sebastian Vettel,VET,vettel,ferrari,2.0,4.0,2,Finished,18.0,0 days 00:00:17.316000,71.0,20.1231884057971,0.0,1.5594202898550724,0 days 00:00:00.211000,294.0,530.0
19,2018,Mexican Grand Prix,997,5210,65,Mexico City,2018-10-28 13:10:00,7,Kimi Räikkönen,RAI,raikkonen,ferrari,3.0,6.0,3,Finished,15.0,0 days 00:00:49.914000,71.0,20.1231884057971,0.0,1.5594202898550724,0 days 00:00:00.571000,236.0,530.0
19,2018,Mexican Grand Prix,997,5210,65,Mexico City,2018-10-28 13:10:00,44,Lewis Hamilton,HAM,hamilton,mercedes,4.0,3.0,4,Finished,12.0,0 days 00:01:18.738000,71.0,20.1231884057971,0.0,1.5594202898550724,0 days 00:00:00.135000,358.0,585.0
19,2018,Mexican Grand Prix,997,5210,65,Mexico City,2018-10-28 13:10:00,77,Valtteri Bottas,BOT,bottas,mercedes,5.0,5.0,5,+1 Lap,10.0,0 days 02:46:00,70.0,20.1231884057971,0.0,1.5594202898550724,0 days 00:00:00.401000,227.0,585.0
19,2018,Mexican Grand Prix,997,5210,65,Mexico City,2018-10-28 13:10:00,27,Nico Hulkenberg,HUL,hulkenberg,renault,6.0,7.0,6,+2 Laps,8.0,0 days 02:46:00,69.0,20.1231884057971,0.0,1.5594202898550724,0 days 00:00:01.068000,69.0,114.0
19,2018,Mexican Grand Prix,997,5210,65,Mexico City,2018-10-28 13:10:00,16,Charles Leclerc,LEC,leclerc,sauber,7.0,9.0,7,+2 Laps,6.0,0 days 02:46:00,69.0,20.1231884057971,0.0,1.5594202898550724,0 days 00:00:01.430000,27.0,36.0
19,2018,Mexican Grand Prix,997,5210,65,Mexico City,2018-10-28 13:10:00,2,Stoffel Vandoorne,VAN,vandoorne,mclaren,8.0,15.0,8,+2 Laps,4.0,0 days 02:46:00,69.0,20.1231884057971,0.0,1.5594202898550724,0 days 00:00:02.207000,12.0,62.0
19,2018,Mexican Grand Prix,997,5210,65,Mexico City,2018-10-28 13:10:00,9,Marcus Ericsson,ERI,ericsson,sauber,9.0,10.0,9,+2 Laps,2.0,0 days 02:46:00,69.0,20.1231884057971,0.0,1.5594202898550724,0 days 00:00:01.754000,9.0,36.0
19,2018,Mexican Grand Prix,997,5210,65,Mexico City,2018-10-28 13:10:00,10,Pierre Gasly,GAS,gasly,toro_rosso,10.0,20.0,10,+2 Laps,1.0,0 days 02:46:00,69.0,20.1231884057971,0.0,1.5594202898550724,0 days 00:00:02.069000,29.0,33.0
19,2018,Mexican Grand Prix,997,5210,65,Mexico City,2018-10-28 13:10:00,31,Esteban Ocon,OCO,ocon,force_india,11.0,11.0,11,+2 Laps,0.0,0 days 02:46:00,69.0,20.1231884057971,0.0,1.5594202898550724,0 days 00:00:01.493000,49.0,106.0
19,2018,Mexican Grand Prix,997,5210,65,Mexico City,2018-10-28 13:10:00,18,Lance Stroll,STR,stroll,williams,12.0,17.0,12,+2 Laps,0.0,0 days 02:46:00,69.0,20.1231884057971,0.0,1.5594202898550724,0 days 00:00:02.930000,6.0,7.0
19,2018,Mexican Grand Prix,997,5210,65,Mexico City,2018-10-28 13:10:00,35,Sergey Sirotkin,SIR,sirotkin,williams,13.0,19.0,13,+2 Laps,0.0,0 days 02:46:00,69.0,20.1231884057971,0.0,1.5594202898550724,0 days 00:00:03.127000,1.0,7.0
19,2018,Mexican Grand Prix,997,5210,65,Mexico City,2018-10-28 13:10:00,28,Brendon Hartley,HAR,brendon_hartley,toro_rosso,14.0,14.0,14,+2 Laps,0.0,0 days 02:46:00,69.0,20.1231884057971,0.0,1.5594202898550724,0 days 00:00:01.923000,4.0,33.0
19,2018,Mexican Grand Prix,997,5210,65,Mexico City,2018-10-28 13:10:00,20,Kevin Magnussen,MAG,kevin_magnussen,haas,15.0,16.0,15,+2 Laps,0.0,0 days 02:46:00,69.0,20.1231884057971,0.0,1.5594202898550724,0 days 00:00:02.840000,53.0,84.0
19,2018,Mexican Grand Prix,997,5210,65,Mexico City,2018-10-28 13:10:00,8,Romain Grosjean,GRO,grosjean,haas,16.0,18.0,16,+3 Laps,0.0,0 days 02:46:00,68.0,20.1231884057971,0.0,1.5594202898550724,0 days 00:00:02.152000,31.0,84.0
19,2018,Mexican Grand Prix,997,5210,65,Mexico City,2018-10-28 13:10:00,3,Daniel Ricciardo,RIC,ricciardo,red_bull,17.0,1.0,R,Engine,0.0,0 days 02:46:00,61.0,20.1231884057971,0.0,1.5594202898550724,0 days 00:00:00,146.0,362.0
19,2018,Mexican Grand Prix,997,5210,65,Mexico City,2018-10-28 13:10:00,11,Sergio Perez,PER,perez,force_india,18.0,13.0,R,Brakes,0.0,0 days 02:46:00,38.0,20.1231884057971,0.0,1.5594202898550724,0 days 00:00:01.483000,57.0,106.0
19,2018,Mexican Grand Prix,997,5210,65,Mexico City,2018-10-28 13:10:00,55,Carlos Sainz,SAI,sainz,renault,19.0,8.0,R,Suspension,0.0,0 days 02:46:00,28.0,20.1231884057971,0.0,1.5594202898550724,0 days 00:00:01.325000,45.0,114.0
19,2018,Mexican Grand Prix,997,5210,65,Mexico City,2018-10-28 13:10:00,14,Fernando Alonso,ALO,alonso,mclaren,20.0,12.0,R,Engine,0.0,0 days 02:46:00,3.0,20.1231884057971,0.0,1.5594202898550724,0 days 00:00:02.098000,50.0,62.0
20,2018,Brazilian Grand Prix,998,5218,14,Interlagos,2018-11-11 15:10:00,44,Lewis Hamilton,HAM,hamilton,mercedes,1.0,1.0,1,Finished,25.0,0 days 01:27:09.066000,71.0,23.769599999999997,0.0,2.1872,0 days 00:00:00,383.0,620.0
20,2018,Brazilian Grand Prix,998,5218,14,Interlagos,2018-11-11 15:10:00,33,Max Verstappen,VER,max_verstappen,red_bull,2.0,5.0,2,Finished,18.0,0 days 00:00:01.469000,71.0,23.769599999999997,0.0,2.1872,0 days 00:00:00.497000,234.0,392.0
20,2018,Brazilian Grand Prix,998,5218,14,Interlagos,2018-11-11 15:10:00,7,Kimi Räikkönen,RAI,raikkonen,ferrari,3.0,4.0,3,Finished,15.0,0 days 00:00:04.764000,71.0,23.769599999999997,0.0,2.1872,0 days 00:00:00.175000,251.0,553.0
20,2018,Brazilian Grand Prix,998,5218,14,Interlagos,2018-11-11 15:10:00,3,Daniel Ricciardo,RIC,ricciardo,red_bull,4.0,11.0,4,Finished,12.0,0 days 00:00:05.193000,71.0,23.769599999999997,0.0,2.1872,0 days 00:00:00.499000,158.0,392.0
20,2018,Brazilian Grand Prix,998,5218,14,Interlagos,2018-11-11 15:10:00,77,Valtteri Bottas,BOT,bottas,mercedes,5.0,3.0,5,Finished,10.0,0 days 00:00:22.943000,71.0,23.769599999999997,0.0,2.1872,0 days 00:00:00.160000,237.0,620.0
20,2018,Brazilian Grand Prix,998,5218,14,Interlagos,2018-11-11 15:10:00,5,Sebastian Vettel,VET,vettel,ferrari,6.0,2.0,6,Finished,8.0,0 days 00:00:26.997000,71.0,23.769599999999997,0.0,2.1872,0 days 00:00:00.093000,302.0,553.0
20,2018,Brazilian Grand Prix,998,5218,14,Interlagos,2018-11-11 15:10:00,16,Charles Leclerc,LEC,leclerc,sauber,7.0,7.0,7,Finished,6.0,0 days 00:00:44.199000,71.0,23.769599999999997,0.0,2.1872,0 days 00:00:01.054000,33.0,42.0
20,2018,Brazilian Grand Prix,998,5218,14,Interlagos,2018-11-11 15:10:00,8,Romain Grosjean,GRO,grosjean,haas,8.0,8.0,8,Finished,4.0,0 days 00:00:51.230000,71.0,23.769599999999997,0.0,2.1872,0 days 00:00:00.958000,35.0,90.0
20,2018,Brazilian Grand Prix,998,5218,14,Interlagos,2018-11-11 15:10:00,20,Kevin Magnussen,MAG,kevin_magnussen,haas,9.0,10.0,9,Finished,2.0,0 days 00:00:52.857000,71.0,23.769599999999997,0.0,2.1872,0 days 00:00:01.193000,55.0,90.0
20,2018,Brazilian Grand Prix,998,5218,14,Interlagos,2018-11-11 15:10:00,11,Sergio Perez,PER,perez,force_india,10.0,12.0,10,+1 Lap,1.0,0 days 02:46:00,70.0,23.769599999999997,0.0,2.1872,0 days 00:00:01.460000,58.0,107.0
20,2018,Brazilian Grand Prix,998,5218,14,Interlagos,2018-11-11 15:10:00,28,Brendon Hartley,HAR,brendon_hartley,toro_rosso,11.0,16.0,11,+1 Lap,0.0,0 days 02:46:00,70.0,23.769599999999997,0.0,2.1872,0 days 00:00:01.999000,4.0,33.0
20,2018,Brazilian Grand Prix,998,5218,14,Interlagos,2018-11-11 15:10:00,55,Carlos Sainz,SAI,sainz,renault,12.0,15.0,12,+1 Lap,0.0,0 days 02:46:00,70.0,23.769599999999997,0.0,2.1872,0 days 00:00:01.988000,45.0,114.0
20,2018,Brazilian Grand Prix,998,5218,14,Interlagos,2018-11-11 15:10:00,10,Pierre Gasly,GAS,gasly,toro_rosso,13.0,9.0,13,+1 Lap,0.0,0 days 02:46:00,70.0,23.769599999999997,0.0,2.1872,0 days 00:00:01.335000,29.0,33.0
20,2018,Brazilian Grand Prix,998,5218,14,Interlagos,2018-11-11 15:10:00,2,Stoffel Vandoorne,VAN,vandoorne,mclaren,14.0,20.0,14,+1 Lap,0.0,0 days 02:46:00,70.0,23.769599999999997,0.0,2.1872,0 days 00:00:02.320000,12.0,62.0
20,2018,Brazilian Grand Prix,998,5218,14,Interlagos,2018-11-11 15:10:00,31,Esteban Ocon,OCO,ocon,force_india,15.0,18.0,15,+1 Lap,0.0,0 days 02:46:00,70.0,23.769599999999997,0.0,2.1872,0 days 00:00:01.489000,49.0,107.0
20,2018,Brazilian Grand Prix,998,5218,14,Interlagos,2018-11-11 15:10:00,35,Sergey Sirotkin,SIR,sirotkin,williams,16.0,14.0,16,+2 Laps,0.0,0 days 02:46:00,69.0,23.769599999999997,0.0,2.1872,0 days 00:00:01.978000,1.0,7.0
20,2018,Brazilian Grand Prix,998,5218,14,Interlagos,2018-11-11 15:10:00,14,Fernando Alonso,ALO,alonso,mclaren,17.0,17.0,17,+2 Laps,0.0,0 days 02:46:00,69.0,23.769599999999997,0.0,2.1872,0 days 00:00:02.121000,50.0,62.0
20,2018,Brazilian Grand Prix,998,5218,14,Interlagos,2018-11-11 15:10:00,18,Lance Stroll,STR,stroll,williams,18.0,19.0,18,+2 Laps,0.0,0 days 02:46:00,69.0,23.769599999999997,0.0,2.1872,0 days 00:00:02.160000,6.0,7.0
20,2018,Brazilian Grand Prix,998,5218,14,Interlagos,2018-11-11 15:10:00,27,Nico Hulkenberg,HUL,hulkenberg,renault,19.0,13.0,R,Overheating,0.0,0 days 02:46:00,32.0,23.769599999999997,0.0,2.1872,0 days 00:00:01.553000,69.0,114.0
20,2018,Brazilian Grand Prix,998,5218,14,Interlagos,2018-11-11 15:10:00,9,Marcus Ericsson,ERI,ericsson,sauber,20.0,6.0,R,Collision,0.0,0 days 02:46:00,20.0,23.769599999999997,0.0,2.1872,0 days 00:00:01.015000,9.0,42.0
21,2018,Abu Dhabi Grand Prix,999,5226,70,Yas Marina Circuit,2018-11-25 17:10:00,44,Lewis Hamilton,HAM,hamilton,mercedes,1.0,1.0,1,Finished,25.0,0 days 01:39:40.382000,55.0,31.273722627737225,0.0437956204379562,2.1635036496350364,0 days 00:00:00,408.0,655.0
21,2018,Abu Dhabi Grand Prix,999,5226,70,Yas Marina Circuit,2018-11-25 17:10:00,5,Sebastian Vettel,VET,vettel,ferrari,2.0,3.0,2,Finished,18.0,0 days 00:00:02.581000,55.0,31.273722627737225,0.0437956204379562,2.1635036496350364,0 days 00:00:00.331000,320.0,571.0
21,2018,Abu Dhabi Grand Prix,999,5226,70,Yas Marina Circuit,2018-11-25 17:10:00,33,Max Verstappen,VER,max_verstappen,red_bull,3.0,6.0,3,Finished,15.0,0 days 00:00:12.706000,55.0,31.273722627737225,0.0437956204379562,2.1635036496350364,0 days 00:00:00.795000,249.0,419.0
21,2018,Abu Dhabi Grand Prix,999,5226,70,Yas Marina Circuit,2018-11-25 17:10:00,3,Daniel Ricciardo,RIC,ricciardo,red_bull,4.0,5.0,4,Finished,12.0,0 days 00:00:15.379000,55.0,31.273722627737225,0.0437956204379562,2.1635036496350364,0 days 00:00:00.607000,170.0,419.0
21,2018,Abu Dhabi Grand Prix,999,5226,70,Yas Marina Circuit,2018-11-25 17:10:00,77,Valtteri Bottas,BOT,bottas,mercedes,5.0,2.0,5,Finished,10.0,0 days 00:00:47.957000,55.0,31.273722627737225,0.0437956204379562,2.1635036496350364,0 days 00:00:00.162000,247.0,655.0
21,2018,Abu Dhabi Grand Prix,999,5226,70,Yas Marina Circuit,2018-11-25 17:10:00,55,Carlos Sainz,SAI,sainz,renault,6.0,11.0,6,Finished,8.0,0 days 00:01:12.548000,55.0,31.273722627737225,0.0437956204379562,2.1635036496350364,0 days 00:00:02.188000,53.0,122.0
21,2018,Abu Dhabi Grand Prix,999,5226,70,Yas Marina Circuit,2018-11-25 17:10:00,16,Charles Leclerc,LEC,leclerc,sauber,7.0,8.0,7,Finished,6.0,0 days 00:01:30.789000,55.0,31.273722627737225,0.0437956204379562,2.1635036496350364,0 days 00:00:01.443000,39.0,48.0
21,2018,Abu Dhabi Grand Prix,999,5226,70,Yas Marina Circuit,2018-11-25 17:10:00,11,Sergio Perez,PER,perez,force_india,8.0,14.0,8,Finished,4.0,0 days 00:01:31.275000,55.0,31.273722627737225,0.0437956204379562,2.1635036496350364,0 days 00:00:02.461000,62.0,111.0
21,2018,Abu Dhabi Grand Prix,999,5226,70,Yas Marina Circuit,2018-11-25 17:10:00,8,Romain Grosjean,GRO,grosjean,haas,9.0,7.0,9,+1 Lap,2.0,0 days 02:46:00,54.0,31.273722627737225,0.0437956204379562,2.1635036496350364,0 days 00:00:01.398000,37.0,93.0
21,2018,Abu Dhabi Grand Prix,999,5226,70,Yas Marina Circuit,2018-11-25 17:10:00,20,Kevin Magnussen,MAG,kevin_magnussen,haas,10.0,13.0,10,+1 Lap,1.0,0 days 02:46:00,54.0,31.273722627737225,0.0437956204379562,2.1635036496350364,0 days 00:00:02.515000,56.0,93.0
21,2018,Abu Dhabi Grand Prix,999,5226,70,Yas Marina Circuit,2018-11-25 17:10:00,14,Fernando Alonso,ALO,alonso,mclaren,11.0,15.0,11,+1 Lap,0.0,0 days 02:46:00,54.0,31.273722627737225,0.0437956204379562,2.1635036496350364,0 days 00:00:02.949000,50.0,62.0
21,2018,Abu Dhabi Grand Prix,999,5226,70,Yas Marina Circuit,2018-11-25 17:10:00,28,Brendon Hartley,HAR,brendon_hartley,toro_rosso,12.0,16.0,12,+1 Lap,0.0,0 days 02:46:00,54.0,31.273722627737225,0.0437956204379562,2.1635036496350364,0 days 00:00:03.200000,4.0,33.0
21,2018,Abu Dhabi Grand Prix,999,5226,70,Yas Marina Circuit,2018-11-25 17:10:00,18,Lance Stroll,STR,stroll,williams,13.0,20.0,13,+1 Lap,0.0,0 days 02:46:00,54.0,31.273722627737225,0.0437956204379562,2.1635036496350364,0 days 00:00:03.888000,6.0,7.0
21,2018,Abu Dhabi Grand Prix,999,5226,70,Yas Marina Circuit,2018-11-25 17:10:00,2,Stoffel Vandoorne,VAN,vandoorne,mclaren,14.0,18.0,14,+1 Lap,0.0,0 days 02:46:00,54.0,31.273722627737225,0.0437956204379562,2.1635036496350364,0 days 00:00:03.783000,12.0,62.0
21,2018,Abu Dhabi Grand Prix,999,5226,70,Yas Marina Circuit,2018-11-25 17:10:00,35,Sergey Sirotkin,SIR,sirotkin,williams,15.0,19.0,15,+1 Lap,0.0,0 days 02:46:00,54.0,31.273722627737225,0.0437956204379562,2.1635036496350364,0 days 00:00:03.841000,1.0,7.0
21,2018,Abu Dhabi Grand Prix,999,5226,70,Yas Marina Circuit,2018-11-25 17:10:00,10,Pierre Gasly,GAS,gasly,toro_rosso,16.0,17.0,R,Engine,0.0,0 days 02:46:00,46.0,31.273722627737225,0.0437956204379562,2.1635036496350364,0 days 00:00:03.372000,29.0,33.0
21,2018,Abu Dhabi Grand Prix,999,5226,70,Yas Marina Circuit,2018-11-25 17:10:00,31,Esteban Ocon,OCO,ocon,force_india,17.0,9.0,R,Engine,0.0,0 days 02:46:00,44.0,31.273722627737225,0.0437956204379562,2.1635036496350364,0 days 00:00:01.746000,49.0,111.0
21,2018,Abu Dhabi Grand Prix,999,5226,70,Yas Marina Circuit,2018-11-25 17:10:00,9,Marcus Ericsson,ERI,ericsson,sauber,18.0,12.0,R,Power loss,0.0,0 days 02:46:00,24.0,31.273722627737225,0.0437956204379562,2.1635036496350364,0 days 00:00:02.338000,9.0,48.0
21,2018,Abu Dhabi Grand Prix,999,5226,70,Yas Marina Circuit,2018-11-25 17:10:00,7,Kimi Räikkönen,RAI,raikkonen,ferrari,19.0,4.0,R,Power loss,0.0,0 days 02:46:00,6.0,31.273722627737225,0.0437956204379562,2.1635036496350364,0 days 00:00:00.571000,251.0,571.0
21,2018,Abu Dhabi Grand Prix,999,5226,70,Yas Marina Circuit,2018-11-25 17:10:00,27,Nico Hulkenberg,HUL,hulkenberg,renault,20.0,10.0,R,Collision,0.0,0 days 02:46:00,0.0,31.273722627737225,0.0437956204379562,2.1635036496350364,0 days 00:00:01.748000,69.0,122.0
1,2019,Australian Grand Prix,1000,5394,10,Melbourne,2019-03-17 16:10:00,77,Valtteri Bottas,BOT,bottas,mercedes,1.0,2.0,1,Finished,26.0,0 days 01:25:27.325000,58.0,23.477868852459014,0.0,1.166393442622951,0 days 00:00:00.112000,26.0,44.0
1,2019,Australian Grand Prix,1000,5394,10,Melbourne,2019-03-17 16:10:00,44,Lewis Hamilton,HAM,hamilton,mercedes,2.0,1.0,2,Finished,18.0,0 days 00:00:20.886000,58.0,23.477868852459014,0.0,1.166393442622951,0 days 00:00:00,18.0,44.0
1,2019,Australian Grand Prix,1000,5394,10,Melbourne,2019-03-17 16:10:00,33,Max Verstappen,VER,max_verstappen,red_bull,3.0,4.0,3,Finished,15.0,0 days 00:00:22.520000,58.0,23.477868852459014,0.0,1.166393442622951,0 days 00:00:00.834000,15.0,15.0
1,2019,Australian Grand Prix,1000,5394,10,Melbourne,2019-03-17 16:10:00,5,Sebastian Vettel,VET,vettel,ferrari,4.0,3.0,4,Finished,12.0,0 days 00:00:57.109000,58.0,23.477868852459014,0.0,1.166393442622951,0 days 00:00:00.704000,12.0,22.0
1,2019,Australian Grand Prix,1000,5394,10,Melbourne,2019-03-17 16:10:00,16,Charles Leclerc,LEC,leclerc,ferrari,5.0,5.0,5,Finished,10.0,0 days 00:00:58.203000,58.0,23.477868852459014,0.0,1.166393442622951,0 days 00:00:00.956000,10.0,22.0
1,2019,Australian Grand Prix,1000,5394,10,Melbourne,2019-03-17 16:10:00,20,Kevin Magnussen,MAG,kevin_magnussen,haas,6.0,7.0,6,Finished,8.0,0 days 00:01:27.156000,58.0,23.477868852459014,0.0,1.166393442622951,0 days 00:00:01.613000,8.0,8.0
1,2019,Australian Grand Prix,1000,5394,10,Melbourne,2019-03-17 16:10:00,27,Nico Hulkenberg,HUL,hulkenberg,renault,7.0,11.0,7,+1 Lap,6.0,0 days 02:46:00,57.0,23.477868852459014,0.0,1.166393442622951,0 days 00:00:02.054000,6.0,6.0
1,2019,Australian Grand Prix,1000,5394,10,Melbourne,2019-03-17 16:10:00,7,Kimi Räikkönen,RAI,raikkonen,alfa,8.0,9.0,8,+1 Lap,4.0,0 days 02:46:00,57.0,23.477868852459014,0.0,1.166393442622951,0 days 00:00:01.828000,4.0,4.0
1,2019,Australian Grand Prix,1000,5394,10,Melbourne,2019-03-17 16:10:00,18,Lance Stroll,STR,stroll,racing_point,9.0,16.0,9,+1 Lap,2.0,0 days 02:46:00,57.0,23.477868852459014,0.0,1.166393442622951,0 days 00:00:02.531000,2.0,2.0
1,2019,Australian Grand Prix,1000,5394,10,Melbourne,2019-03-17 16:10:00,26,Daniil Kvyat,KVY,kvyat,toro_rosso,10.0,15.0,10,+1 Lap,1.0,0 days 02:46:00,57.0,23.477868852459014,0.0,1.166393442622951,0 days 00:00:02.025000,1.0,1.0
1,2019,Australian Grand Prix,1000,5394,10,Melbourne,2019-03-17 16:10:00,10,Pierre Gasly,GAS,gasly,red_bull,11.0,17.0,11,+1 Lap,0.0,0 days 02:46:00,57.0,23.477868852459014,0.0,1.166393442622951,0 days 00:00:02.534000,0.0,15.0
1,2019,Australian Grand Prix,1000,5394,10,Melbourne,2019-03-17 16:10:00,4,Lando Norris,NOR,norris,mclaren,12.0,8.0,12,+1 Lap,0.0,0 days 02:46:00,57.0,23.477868852459014,0.0,1.166393442622951,0 days 00:00:01.818000,0.0,0.0
1,2019,Australian Grand Prix,1000,5394,10,Melbourne,2019-03-17 16:10:00,11,Sergio Perez,PER,perez,racing_point,13.0,10.0,13,+1 Lap,0.0,0 days 02:46:00,57.0,23.477868852459014,0.0,1.166393442622951,0 days 00:00:02.046000,0.0,2.0
1,2019,Australian Grand Prix,1000,5394,10,Melbourne,2019-03-17 16:10:00,23,Alexander Albon,ALB,albon,toro_rosso,14.0,13.0,14,+1 Lap,0.0,0 days 02:46:00,57.0,23.477868852459014,0.0,1.166393442622951,0 days 00:00:02.150000,0.0,1.0
1,2019,Australian Grand Prix,1000,5394,10,Melbourne,2019-03-17 16:10:00,99,Antonio Giovinazzi,GIO,giovinazzi,alfa,15.0,14.0,15,+1 Lap,0.0,0 days 02:46:00,57.0,23.477868852459014,0.0,1.166393442622951,0 days 00:00:01.945000,0.0,4.0
1,2019,Australian Grand Prix,1000,5394,10,Melbourne,2019-03-17 16:10:00,63,George Russell,RUS,russell,williams,16.0,19.0,16,+2 Laps,0.0,0 days 02:46:00,56.0,23.477868852459014,0.0,1.166393442622951,0 days 00:00:03.874000,0.0,0.0
1,2019,Australian Grand Prix,1000,5394,10,Melbourne,2019-03-17 16:10:00,88,Robert Kubica,KUB,kubica,williams,17.0,20.0,17,+3 Laps,0.0,0 days 02:46:00,55.0,23.477868852459014,0.0,1.166393442622951,0 days 00:00:05.581000,0.0,0.0
1,2019,Australian Grand Prix,1000,5394,10,Melbourne,2019-03-17 16:10:00,8,Romain Grosjean,GRO,grosjean,haas,18.0,6.0,R,Wheel,0.0,0 days 02:46:00,29.0,23.477868852459014,0.0,1.166393442622951,0 days 00:00:01.340000,0.0,8.0
1,2019,Australian Grand Prix,1000,5394,10,Melbourne,2019-03-17 16:10:00,3,Daniel Ricciardo,RIC,ricciardo,renault,19.0,12.0,R,Damage,0.0,0 days 02:46:00,28.0,23.477868852459014,0.0,1.166393442622951,0 days 00:00:02.084000,0.0,6.0
1,2019,Australian Grand Prix,1000,5394,10,Melbourne,2019-03-17 16:10:00,55,Carlos Sainz,SAI,sainz,mclaren,20.0,18.0,R,Engine,0.0,0 days 02:46:00,9.0,23.477868852459014,0.0,1.166393442622951,0 days 00:00:02.598000,0.0,0.0
2,2019,Bahrain Grand Prix,1001,5402,63,Sakhir,2019-03-31 18:10:00,44,Lewis Hamilton,HAM,hamilton,mercedes,1.0,3.0,1,Finished,25.0,0 days 01:34:21.295000,57.0,26.210852713178294,0.0,2.7108527131782947,0 days 00:00:00.324000,43.0,87.0
2,2019,Bahrain Grand Prix,1001,5402,63,Sakhir,2019-03-31 18:10:00,77,Valtteri Bottas,BOT,bottas,mercedes,2.0,4.0,2,Finished,18.0,0 days 00:00:02.980000,57.0,26.210852713178294,0.0,2.7108527131782947,0 days 00:00:00.390000,44.0,87.0
2,2019,Bahrain Grand Prix,1001,5402,63,Sakhir,2019-03-31 18:10:00,16,Charles Leclerc,LEC,leclerc,ferrari,3.0,1.0,3,Finished,16.0,0 days 00:00:06.131000,57.0,26.210852713178294,0.0,2.7108527131782947,0 days 00:00:00,26.0,48.0
2,2019,Bahrain Grand Prix,1001,5402,63,Sakhir,2019-03-31 18:10:00,33,Max Verstappen,VER,max_verstappen,red_bull,4.0,5.0,4,Finished,12.0,0 days 00:00:06.408000,57.0,26.210852713178294,0.0,2.7108527131782947,0 days 00:00:00.886000,27.0,31.0
2,2019,Bahrain Grand Prix,1001,5402,63,Sakhir,2019-03-31 18:10:00,5,Sebastian Vettel,VET,vettel,ferrari,5.0,2.0,5,Finished,10.0,0 days 00:00:36.068000,57.0,26.210852713178294,0.0,2.7108527131782947,0 days 00:00:00.294000,22.0,48.0
2,2019,Bahrain Grand Prix,1001,5402,63,Sakhir,2019-03-31 18:10:00,4,Lando Norris,NOR,norris,mclaren,6.0,9.0,6,Finished,8.0,0 days 00:00:45.754000,57.0,26.210852713178294,0.0,2.7108527131782947,0 days 00:00:01.177000,8.0,8.0
2,2019,Bahrain Grand Prix,1001,5402,63,Sakhir,2019-03-31 18:10:00,7,Kimi Räikkönen,RAI,raikkonen,alfa,7.0,8.0,7,Finished,6.0,0 days 00:00:47.470000,57.0,26.210852713178294,0.0,2.7108527131782947,0 days 00:00:01.156000,10.0,10.0
2,2019,Bahrain Grand Prix,1001,5402,63,Sakhir,2019-03-31 18:10:00,10,Pierre Gasly,GAS,gasly,red_bull,8.0,13.0,8,Finished,4.0,0 days 00:00:58.094000,57.0,26.210852713178294,0.0,2.7108527131782947,0 days 00:00:01.660000,4.0,31.0
2,2019,Bahrain Grand Prix,1001,5402,63,Sakhir,2019-03-31 18:10:00,23,Alexander Albon,ALB,albon,toro_rosso,9.0,12.0,9,Finished,2.0,0 days 00:01:02.697000,57.0,26.210852713178294,0.0,2.7108527131782947,0 days 00:00:01.647000,2.0,3.0
2,2019,Bahrain Grand Prix,1001,5402,63,Sakhir,2019-03-31 18:10:00,11,Sergio Perez,PER,perez,racing_point,10.0,14.0,10,Finished,1.0,0 days 00:01:03.696000,57.0,26.210852713178294,0.0,2.7108527131782947,0 days 00:00:01.890000,1.0,3.0
2,2019,Bahrain Grand Prix,1001,5402,63,Sakhir,2019-03-31 18:10:00,99,Antonio Giovinazzi,GIO,giovinazzi,alfa,11.0,16.0,11,Finished,0.0,0 days 00:01:04.599000,57.0,26.210852713178294,0.0,2.7108527131782947,0 days 00:00:02.160000,0.0,10.0
2,2019,Bahrain Grand Prix,1001,5402,63,Sakhir,2019-03-31 18:10:00,26,Daniil Kvyat,KVY,kvyat,toro_rosso,12.0,15.0,12,+1 Lap,0.0,0 days 02:46:00,56.0,26.210852713178294,0.0,2.7108527131782947,0 days 00:00:01.988000,1.0,3.0
2,2019,Bahrain Grand Prix,1001,5402,63,Sakhir,2019-03-31 18:10:00,20,Kevin Magnussen,MAG,kevin_magnussen,haas,13.0,6.0,13,+1 Lap,0.0,0 days 02:46:00,56.0,26.210852713178294,0.0,2.7108527131782947,0 days 00:00:00.891000,8.0,8.0
2,2019,Bahrain Grand Prix,1001,5402,63,Sakhir,2019-03-31 18:10:00,18,Lance Stroll,STR,stroll,racing_point,14.0,18.0,14,+1 Lap,0.0,0 days 02:46:00,56.0,26.210852713178294,0.0,2.7108527131782947,0 days 00:00:02.351000,2.0,3.0
2,2019,Bahrain Grand Prix,1001,5402,63,Sakhir,2019-03-31 18:10:00,63,George Russell,RUS,russell,williams,15.0,19.0,15,+1 Lap,0.0,0 days 02:46:00,56.0,26.210852713178294,0.0,2.7108527131782947,0 days 00:00:03.893000,0.0,0.0
2,2019,Bahrain Grand Prix,1001,5402,63,Sakhir,2019-03-31 18:10:00,88,Robert Kubica,KUB,kubica,williams,16.0,20.0,16,+2 Laps,0.0,0 days 02:46:00,55.0,26.210852713178294,0.0,2.7108527131782947,0 days 00:00:03.933000,0.0,0.0
2,2019,Bahrain Grand Prix,1001,5402,63,Sakhir,2019-03-31 18:10:00,27,Nico Hulkenberg,HUL,hulkenberg,renault,17.0,17.0,R,Engine,0.0,0 days 02:46:00,53.0,26.210852713178294,0.0,2.7108527131782947,0 days 00:00:02.168000,6.0,6.0
2,2019,Bahrain Grand Prix,1001,5402,63,Sakhir,2019-03-31 18:10:00,3,Daniel Ricciardo,RIC,ricciardo,renault,18.0,10.0,R,Out of fuel,0.0,0 days 02:46:00,53.0,26.210852713178294,0.0,2.7108527131782947,0 days 00:00:01.622000,0.0,6.0
2,2019,Bahrain Grand Prix,1001,5402,63,Sakhir,2019-03-31 18:10:00,55,Carlos Sainz,SAI,sainz,mclaren,19.0,7.0,R,Collision damage,0.0,0 days 02:46:00,53.0,26.210852713178294,0.0,2.7108527131782947,0 days 00:00:00.947000,0.0,8.0
2,2019,Bahrain Grand Prix,1001,5402,63,Sakhir,2019-03-31 18:10:00,8,Romain Grosjean,GRO,grosjean,haas,20.0,11.0,R,Retired,0.0,0 days 02:46:00,16.0,26.210852713178294,0.0,2.7108527131782947,0 days 00:00:01.149000,0.0,8.0
3,2019,Chinese Grand Prix,1002,5410,49,Shanghai,2019-04-14 14:10:00,44,Lewis Hamilton,HAM,hamilton,mercedes,1.0,2.0,1,Finished,25.0,0 days 01:32:06.350000,56.0,19.32992125984252,0.0,3.3157480314960632,0 days 00:00:00.023000,68.0,130.0
3,2019,Chinese Grand Prix,1002,5410,49,Shanghai,2019-04-14 14:10:00,77,Valtteri Bottas,BOT,bottas,mercedes,2.0,1.0,2,Finished,18.0,0 days 00:00:06.552000,56.0,19.32992125984252,0.0,3.3157480314960632,0 days 00:00:00,62.0,130.0
3,2019,Chinese Grand Prix,1002,5410,49,Shanghai,2019-04-14 14:10:00,5,Sebastian Vettel,VET,vettel,ferrari,3.0,3.0,3,Finished,15.0,0 days 00:00:13.774000,56.0,19.32992125984252,0.0,3.3157480314960632,0 days 00:00:00.301000,37.0,73.0
3,2019,Chinese Grand Prix,1002,5410,49,Shanghai,2019-04-14 14:10:00,33,Max Verstappen,VER,max_verstappen,red_bull,4.0,5.0,4,Finished,12.0,0 days 00:00:27.627000,56.0,19.32992125984252,0.0,3.3157480314960632,0 days 00:00:00.542000,39.0,52.0
3,2019,Chinese Grand Prix,1002,5410,49,Shanghai,2019-04-14 14:10:00,16,Charles Leclerc,LEC,leclerc,ferrari,5.0,4.0,5,Finished,10.0,0 days 00:00:31.276000,56.0,19.32992125984252,0.0,3.3157480314960632,0 days 00:00:00.318000,36.0,73.0
3,2019,Chinese Grand Prix,1002,5410,49,Shanghai,2019-04-14 14:10:00,10,Pierre Gasly,GAS,gasly,red_bull,6.0,6.0,6,Finished,9.0,0 days 00:01:29.307000,56.0,19.32992125984252,0.0,3.3157480314960632,0 days 00:00:01.383000,13.0,52.0
3,2019,Chinese Grand Prix,1002,5410,49,Shanghai,2019-04-14 14:10:00,3,Daniel Ricciardo,RIC,ricciardo,renault,7.0,7.0,7,+1 Lap,6.0,0 days 02:46:00,55.0,19.32992125984252,0.0,3.3157480314960632,0 days 00:00:01.411000,6.0,12.0
3,2019,Chinese Grand Prix,1002,5410,49,Shanghai,2019-04-14 14:10:00,11,Sergio Perez,PER,perez,racing_point,8.0,12.0,8,+1 Lap,4.0,0 days 02:46:00,55.0,19.32992125984252,0.0,3.3157480314960632,0 days 00:00:01.752000,5.0,7.0
3,2019,Chinese Grand Prix,1002,5410,49,Shanghai,2019-04-14 14:10:00,7,Kimi Räikkönen,RAI,raikkonen,alfa,9.0,13.0,9,+1 Lap,2.0,0 days 02:46:00,55.0,19.32992125984252,0.0,3.3157480314960632,0 days 00:00:01.872000,12.0,12.0
3,2019,Chinese Grand Prix,1002,5410,49,Shanghai,2019-04-14 14:10:00,23,Alexander Albon,ALB,albon,toro_rosso,10.0,0.0,10,+1 Lap,1.0,0 days 02:46:00,55.0,19.32992125984252,0.0,3.3157480314960632,0 days 02:46:00,3.0,4.0
3,2019,Chinese Grand Prix,1002,5410,49,Shanghai,2019-04-14 14:10:00,8,Romain Grosjean,GRO,grosjean,haas,11.0,10.0,11,+1 Lap,0.0,0 days 02:46:00,55.0,19.32992125984252,0.0,3.3157480314960632,0 days 00:00:01.609000,0.0,8.0
3,2019,Chinese Grand Prix,1002,5410,49,Shanghai,2019-04-14 14:10:00,18,Lance Stroll,STR,stroll,racing_point,12.0,16.0,12,+1 Lap,0.0,0 days 02:46:00,55.0,19.32992125984252,0.0,3.3157480314960632,0 days 00:00:02.745000,2.0,7.0
3,2019,Chinese Grand Prix,1002,5410,49,Shanghai,2019-04-14 14:10:00,20,Kevin Magnussen,MAG,kevin_magnussen,haas,13.0,9.0,13,+1 Lap,0.0,0 days 02:46:00,55.0,19.32992125984252,0.0,3.3157480314960632,0 days 00:00:01.603000,8.0,8.0
3,2019,Chinese Grand Prix,1002,5410,49,Shanghai,2019-04-14 14:10:00,55,Carlos Sainz,SAI,sainz,mclaren,14.0,14.0,14,+1 Lap,0.0,0 days 02:46:00,55.0,19.32992125984252,0.0,3.3157480314960632,0 days 00:00:01.976000,0.0,8.0
3,2019,Chinese Grand Prix,1002,5410,49,Shanghai,2019-04-14 14:10:00,99,Antonio Giovinazzi,GIO,giovinazzi,alfa,15.0,19.0,15,+1 Lap,0.0,0 days 02:46:00,55.0,19.32992125984252,0.0,3.3157480314960632,0 days 02:46:00,0.0,12.0
3,2019,Chinese Grand Prix,1002,5410,49,Shanghai,2019-04-14 14:10:00,63,George Russell,RUS,russell,williams,16.0,17.0,16,+2 Laps,0.0,0 days 02:46:00,54.0,19.32992125984252,0.0,3.3157480314960632,0 days 00:00:03.706000,0.0,0.0
3,2019,Chinese Grand Prix,1002,5410,49,Shanghai,2019-04-14 14:10:00,88,Robert Kubica,KUB,kubica,williams,17.0,18.0,17,+2 Laps,0.0,0 days 02:46:00,54.0,19.32992125984252,0.0,3.3157480314960632,0 days 00:00:03.734000,0.0,0.0
3,2019,Chinese Grand Prix,1002,5410,49,Shanghai,2019-04-14 14:10:00,4,Lando Norris,NOR,norris,mclaren,18.0,15.0,18,Collision,0.0,0 days 02:46:00,50.0,19.32992125984252,0.0,3.3157480314960632,0 days 00:00:02.420000,8.0,8.0
3,2019,Chinese Grand Prix,1002,5410,49,Shanghai,2019-04-14 14:10:00,26,Daniil Kvyat,KVY,kvyat,toro_rosso,19.0,11.0,R,Collision,0.0,0 days 02:46:00,41.0,19.32992125984252,0.0,3.3157480314960632,0 days 00:00:01.689000,1.0,4.0
3,2019,Chinese Grand Prix,1002,5410,49,Shanghai,2019-04-14 14:10:00,27,Nico Hulkenberg,HUL,hulkenberg,renault,20.0,8.0,R,Power Unit,0.0,0 days 02:46:00,16.0,19.32992125984252,0.0,3.3157480314960632,0 days 00:00:01.415000,6.0,12.0
4,2019,Azerbaijan Grand Prix,1003,5418,144,Baku,2019-04-28 16:10:00,77,Valtteri Bottas,BOT,bottas,mercedes,1.0,1.0,1,Finished,25.0,0 days 01:31:52.942000,51.0,19.76356589147287,0.0,1.2496124031007751,0 days 00:00:00,87.0,173.0
4,2019,Azerbaijan Grand Prix,1003,5418,144,Baku,2019-04-28 16:10:00,44,Lewis Hamilton,HAM,hamilton,mercedes,2.0,2.0,2,Finished,18.0,0 days 00:00:01.524000,51.0,19.76356589147287,0.0,1.2496124031007751,0 days 00:00:00.059000,86.0,173.0
4,2019,Azerbaijan Grand Prix,1003,5418,144,Baku,2019-04-28 16:10:00,5,Sebastian Vettel,VET,vettel,ferrari,3.0,3.0,3,Finished,15.0,0 days 00:00:11.739000,51.0,19.76356589147287,0.0,1.2496124031007751,0 days 00:00:00.302000,52.0,99.0
4,2019,Azerbaijan Grand Prix,1003,5418,144,Baku,2019-04-28 16:10:00,33,Max Verstappen,VER,max_verstappen,red_bull,4.0,4.0,4,Finished,12.0,0 days 00:00:17.493000,51.0,19.76356589147287,0.0,1.2496124031007751,0 days 00:00:00.574000,51.0,64.0
4,2019,Azerbaijan Grand Prix,1003,5418,144,Baku,2019-04-28 16:10:00,16,Charles Leclerc,LEC,leclerc,ferrari,5.0,8.0,5,Finished,11.0,0 days 00:01:09.107000,51.0,19.76356589147287,0.0,1.2496124031007751,0 days 00:00:00.931000,47.0,99.0
4,2019,Azerbaijan Grand Prix,1003,5418,144,Baku,2019-04-28 16:10:00,11,Sergio Perez,PER,perez,racing_point,6.0,5.0,6,Finished,8.0,0 days 00:01:16.416000,51.0,19.76356589147287,0.0,1.2496124031007751,0 days 00:00:01.098000,13.0,17.0
4,2019,Azerbaijan Grand Prix,1003,5418,144,Baku,2019-04-28 16:10:00,55,Carlos Sainz,SAI,sainz,mclaren,7.0,9.0,7,Finished,6.0,0 days 00:01:23.826000,51.0,19.76356589147287,0.0,1.2496124031007751,0 days 00:00:01.441000,6.0,18.0
4,2019,Azerbaijan Grand Prix,1003,5418,144,Baku,2019-04-28 16:10:00,4,Lando Norris,NOR,norris,mclaren,8.0,7.0,8,Finished,4.0,0 days 00:01:40.268000,51.0,19.76356589147287,0.0,1.2496124031007751,0 days 00:00:01.391000,12.0,18.0
4,2019,Azerbaijan Grand Prix,1003,5418,144,Baku,2019-04-28 16:10:00,18,Lance Stroll,STR,stroll,racing_point,9.0,13.0,9,Finished,2.0,0 days 00:01:43.816000,51.0,19.76356589147287,0.0,1.2496124031007751,0 days 00:00:02.135000,4.0,17.0
4,2019,Azerbaijan Grand Prix,1003,5418,144,Baku,2019-04-28 16:10:00,7,Kimi Räikkönen,RAI,raikkonen,alfa,10.0,0.0,10,+1 Lap,1.0,0 days 02:46:00,50.0,19.76356589147287,0.0,1.2496124031007751,0 days 02:46:00,13.0,13.0
4,2019,Azerbaijan Grand Prix,1003,5418,144,Baku,2019-04-28 16:10:00,23,Alexander Albon,ALB,albon,toro_rosso,11.0,11.0,11,+1 Lap,0.0,0 days 02:46:00,50.0,19.76356589147287,0.0,1.2496124031007751,0 days 00:00:01.659000,3.0,4.0
4,2019,Azerbaijan Grand Prix,1003,5418,144,Baku,2019-04-28 16:10:00,99,Antonio Giovinazzi,GIO,giovinazzi,alfa,12.0,17.0,12,+1 Lap,0.0,0 days 02:46:00,50.0,19.76356589147287,0.0,1.2496124031007751,0 days 00:00:01.645000,0.0,13.0
4,2019,Azerbaijan Grand Prix,1003,5418,144,Baku,2019-04-28 16:10:00,20,Kevin Magnussen,MAG,kevin_magnussen,haas,13.0,12.0,13,+1 Lap,0.0,0 days 02:46:00,50.0,19.76356589147287,0.0,1.2496124031007751,0 days 00:00:01.887000,8.0,8.0
4,2019,Azerbaijan Grand Prix,1003,5418,144,Baku,2019-04-28 16:10:00,27,Nico Hulkenberg,HUL,hulkenberg,renault,14.0,15.0,14,+1 Lap,0.0,0 days 02:46:00,50.0,19.76356589147287,0.0,1.2496124031007751,0 days 00:00:02.932000,6.0,12.0
4,2019,Azerbaijan Grand Prix,1003,5418,144,Baku,2019-04-28 16:10:00,63,George Russell,RUS,russell,williams,15.0,16.0,15,+2 Laps,0.0,0 days 02:46:00,49.0,19.76356589147287,0.0,1.2496124031007751,0 days 00:00:04.567000,0.0,0.0
4,2019,Azerbaijan Grand Prix,1003,5418,144,Baku,2019-04-28 16:10:00,88,Robert Kubica,KUB,kubica,williams,16.0,0.0,16,+2 Laps,0.0,0 days 02:46:00,49.0,19.76356589147287,0.0,1.2496124031007751,0 days 00:00:04.960000,0.0,0.0
4,2019,Azerbaijan Grand Prix,1003,5418,144,Baku,2019-04-28 16:10:00,10,Pierre Gasly,GAS,gasly,red_bull,17.0,0.0,R,Transmission,0.0,0 days 02:46:00,38.0,19.76356589147287,0.0,1.2496124031007751,0 days 02:46:00,13.0,64.0
4,2019,Azerbaijan Grand Prix,1003,5418,144,Baku,2019-04-28 16:10:00,8,Romain Grosjean,GRO,grosjean,haas,18.0,14.0,R,Brakes,0.0,0 days 02:46:00,38.0,19.76356589147287,0.0,1.2496124031007751,0 days 00:00:02.912000,0.0,8.0
4,2019,Azerbaijan Grand Prix,1003,5418,144,Baku,2019-04-28 16:10:00,26,Daniil Kvyat,KVY,kvyat,toro_rosso,19.0,6.0,R,Collision,0.0,0 days 02:46:00,33.0,19.76356589147287,0.0,1.2496124031007751,0 days 00:00:01.186000,1.0,4.0
4,2019,Azerbaijan Grand Prix,1003,5418,144,Baku,2019-04-28 16:10:00,3,Daniel Ricciardo,RIC,ricciardo,renault,20.0,10.0,R,Collision,0.0,0 days 02:46:00,31.0,19.76356589147287,0.0,1.2496124031007751,0 days 00:00:01.982000,6.0,12.0
5,2019,Spanish Grand Prix,1004,5426,15,Catalunya,2019-05-12 15:10:00,44,Lewis Hamilton,HAM,hamilton,mercedes,1.0,2.0,1,Finished,26.0,0 days 01:35:50.443000,66.0,20.147727272727273,0.0,1.9295454545454545,0 days 00:00:00.632000,112.0,217.0
5,2019,Spanish Grand Prix,1004,5426,15,Catalunya,2019-05-12 15:10:00,77,Valtteri Bottas,BOT,bottas,mercedes,2.0,1.0,2,Finished,18.0,0 days 00:00:04.074000,66.0,20.147727272727273,0.0,1.9295454545454545,0 days 00:00:00,105.0,217.0
5,2019,Spanish Grand Prix,1004,5426,15,Catalunya,2019-05-12 15:10:00,33,Max Verstappen,VER,max_verstappen,red_bull,3.0,4.0,3,Finished,15.0,0 days 00:00:07.679000,66.0,20.147727272727273,0.0,1.9295454545454545,0 days 00:00:00.951000,66.0,87.0
5,2019,Spanish Grand Prix,1004,5426,15,Catalunya,2019-05-12 15:10:00,5,Sebastian Vettel,VET,vettel,ferrari,4.0,3.0,4,Finished,12.0,0 days 00:00:09.167000,66.0,20.147727272727273,0.0,1.9295454545454545,0 days 00:00:00.866000,64.0,121.0
5,2019,Spanish Grand Prix,1004,5426,15,Catalunya,2019-05-12 15:10:00,16,Charles Leclerc,LEC,leclerc,ferrari,5.0,5.0,5,Finished,10.0,0 days 00:00:13.361000,66.0,20.147727272727273,0.0,1.9295454545454545,0 days 00:00:01.182000,57.0,121.0
5,2019,Spanish Grand Prix,1004,5426,15,Catalunya,2019-05-12 15:10:00,10,Pierre Gasly,GAS,gasly,red_bull,6.0,6.0,6,Finished,8.0,0 days 00:00:19.576000,66.0,20.147727272727273,0.0,1.9295454545454545,0 days 00:00:01.302000,21.0,87.0
5,2019,Spanish Grand Prix,1004,5426,15,Catalunya,2019-05-12 15:10:00,20,Kevin Magnussen,MAG,kevin_magnussen,haas,7.0,8.0,7,Finished,6.0,0 days 00:00:28.159000,66.0,20.147727272727273,0.0,1.9295454545454545,0 days 00:00:01.516000,14.0,15.0
5,2019,Spanish Grand Prix,1004,5426,15,Catalunya,2019-05-12 15:10:00,55,Carlos Sainz,SAI,sainz,mclaren,8.0,12.0,8,Finished,4.0,0 days 00:00:32.342000,66.0,20.147727272727273,0.0,1.9295454545454545,0 days 00:00:02.193000,10.0,22.0
5,2019,Spanish Grand Prix,1004,5426,15,Catalunya,2019-05-12 15:10:00,26,Daniil Kvyat,KVY,kvyat,toro_rosso,9.0,9.0,9,Finished,2.0,0 days 00:00:33.056000,66.0,20.147727272727273,0.0,1.9295454545454545,0 days 00:00:01.837000,3.0,6.0
5,2019,Spanish Grand Prix,1004,5426,15,Catalunya,2019-05-12 15:10:00,8,Romain Grosjean,GRO,grosjean,haas,10.0,7.0,10,Finished,1.0,0 days 00:00:34.641000,66.0,20.147727272727273,0.0,1.9295454545454545,0 days 00:00:01.505000,1.0,15.0
5,2019,Spanish Grand Prix,1004,5426,15,Catalunya,2019-05-12 15:10:00,23,Alexander Albon,ALB,albon,toro_rosso,11.0,11.0,11,Finished,0.0,0 days 00:00:35.445000,66.0,20.147727272727273,0.0,1.9295454545454545,0 days 00:00:02.039000,3.0,6.0
5,2019,Spanish Grand Prix,1004,5426,15,Catalunya,2019-05-12 15:10:00,3,Daniel Ricciardo,RIC,ricciardo,renault,12.0,13.0,12,Finished,0.0,0 days 00:00:36.758000,66.0,20.147727272727273,0.0,1.9295454545454545,0 days 00:00:01.893000,6.0,12.0
5,2019,Spanish Grand Prix,1004,5426,15,Catalunya,2019-05-12 15:10:00,27,Nico Hulkenberg,HUL,hulkenberg,renault,13.0,0.0,13,Finished,0.0,0 days 00:00:39.241000,66.0,20.147727272727273,0.0,1.9295454545454545,0 days 00:00:02.998000,6.0,12.0
5,2019,Spanish Grand Prix,1004,5426,15,Catalunya,2019-05-12 15:10:00,7,Kimi Räikkönen,RAI,raikkonen,alfa,14.0,14.0,14,Finished,0.0,0 days 00:00:41.803000,66.0,20.147727272727273,0.0,1.9295454545454545,0 days 00:00:02.382000,13.0,13.0
5,2019,Spanish Grand Prix,1004,5426,15,Catalunya,2019-05-12 15:10:00,11,Sergio Perez,PER,perez,racing_point,15.0,15.0,15,Finished,0.0,0 days 00:00:46.877000,66.0,20.147727272727273,0.0,1.9295454545454545,0 days 00:00:02.480000,13.0,17.0
5,2019,Spanish Grand Prix,1004,5426,15,Catalunya,2019-05-12 15:10:00,99,Antonio Giovinazzi,GIO,giovinazzi,alfa,16.0,18.0,16,Finished,0.0,0 days 00:00:47.691000,66.0,20.147727272727273,0.0,1.9295454545454545,0 days 00:00:03.258000,0.0,13.0
5,2019,Spanish Grand Prix,1004,5426,15,Catalunya,2019-05-12 15:10:00,63,George Russell,RUS,russell,williams,17.0,19.0,17,+1 Lap,0.0,0 days 02:46:00,65.0,20.147727272727273,0.0,1.9295454545454545,0 days 00:00:03.666000,0.0,0.0
5,2019,Spanish Grand Prix,1004,5426,15,Catalunya,2019-05-12 15:10:00,88,Robert Kubica,KUB,kubica,williams,18.0,17.0,18,+1 Lap,0.0,0 days 02:46:00,65.0,20.147727272727273,0.0,1.9295454545454545,0 days 00:00:04.848000,0.0,0.0
5,2019,Spanish Grand Prix,1004,5426,15,Catalunya,2019-05-12 15:10:00,18,Lance Stroll,STR,stroll,racing_point,19.0,16.0,R,Collision,0.0,0 days 02:46:00,44.0,20.147727272727273,0.0,1.9295454545454545,0 days 00:00:03.065000,4.0,17.0
5,2019,Spanish Grand Prix,1004,5426,15,Catalunya,2019-05-12 15:10:00,4,Lando Norris,NOR,norris,mclaren,20.0,10.0,R,Collision,0.0,0 days 02:46:00,44.0,20.147727272727273,0.0,1.9295454545454545,0 days 00:00:01.932000,12.0,22.0
6,2019,Monaco Grand Prix,1005,5434,22,Monte Carlo,2019-05-26 15:10:00,44,Lewis Hamilton,HAM,hamilton,mercedes,1.0,1.0,1,Finished,25.0,0 days 01:43:28.437000,78.0,22.75467625899281,0.6258992805755396,0.9035971223021584,0 days 00:00:00,137.0,257.0
6,2019,Monaco Grand Prix,1005,5434,22,Monte Carlo,2019-05-26 15:10:00,5,Sebastian Vettel,VET,vettel,ferrari,2.0,4.0,2,Finished,18.0,0 days 00:00:02.602000,78.0,22.75467625899281,0.6258992805755396,0.9035971223021584,0 days 00:00:00.781000,82.0,139.0
6,2019,Monaco Grand Prix,1005,5434,22,Monte Carlo,2019-05-26 15:10:00,77,Valtteri Bottas,BOT,bottas,mercedes,3.0,2.0,3,Finished,15.0,0 days 00:00:03.162000,78.0,22.75467625899281,0.6258992805755396,0.9035971223021584,0 days 00:00:00.086000,120.0,257.0
6,2019,Monaco Grand Prix,1005,5434,22,Monte Carlo,2019-05-26 15:10:00,33,Max Verstappen,VER,max_verstappen,red_bull,4.0,3.0,4,Finished,12.0,0 days 00:00:05.537000,78.0,22.75467625899281,0.6258992805755396,0.9035971223021584,0 days 00:00:00.452000,78.0,110.0
6,2019,Monaco Grand Prix,1005,5434,22,Monte Carlo,2019-05-26 15:10:00,10,Pierre Gasly,GAS,gasly,red_bull,5.0,8.0,5,Finished,11.0,0 days 00:00:09.946000,78.0,22.75467625899281,0.6258992805755396,0.9035971223021584,0 days 00:00:00.875000,32.0,110.0
6,2019,Monaco Grand Prix,1005,5434,22,Monte Carlo,2019-05-26 15:10:00,55,Carlos Sainz,SAI,sainz,mclaren,6.0,9.0,6,Finished,8.0,0 days 00:00:53.454000,78.0,22.75467625899281,0.6258992805755396,0.9035971223021584,0 days 00:00:01.251000,18.0,30.0
6,2019,Monaco Grand Prix,1005,5434,22,Monte Carlo,2019-05-26 15:10:00,26,Daniil Kvyat,KVY,kvyat,toro_rosso,7.0,7.0,7,Finished,6.0,0 days 00:00:54.574000,78.0,22.75467625899281,0.6258992805755396,0.9035971223021584,0 days 00:00:01.105000,9.0,16.0
6,2019,Monaco Grand Prix,1005,5434,22,Monte Carlo,2019-05-26 15:10:00,23,Alexander Albon,ALB,albon,toro_rosso,8.0,10.0,8,Finished,4.0,0 days 00:00:55.200000,78.0,22.75467625899281,0.6258992805755396,0.9035971223021584,0 days 00:00:01.263000,7.0,16.0
6,2019,Monaco Grand Prix,1005,5434,22,Monte Carlo,2019-05-26 15:10:00,3,Daniel Ricciardo,RIC,ricciardo,renault,9.0,6.0,9,Finished,2.0,0 days 00:01:00.894000,78.0,22.75467625899281,0.6258992805755396,0.9035971223021584,0 days 00:00:01.052000,8.0,14.0
6,2019,Monaco Grand Prix,1005,5434,22,Monte Carlo,2019-05-26 15:10:00,8,Romain Grosjean,GRO,grosjean,haas,10.0,13.0,10,Finished,1.0,0 days 00:01:01.034000,78.0,22.75467625899281,0.6258992805755396,0.9035971223021584,0 days 00:00:01.671000,2.0,16.0
6,2019,Monaco Grand Prix,1005,5434,22,Monte Carlo,2019-05-26 15:10:00,4,Lando Norris,NOR,norris,mclaren,11.0,12.0,11,Finished,0.0,0 days 00:01:06.801000,78.0,22.75467625899281,0.6258992805755396,0.9035971223021584,0 days 00:00:01.558000,12.0,30.0
6,2019,Monaco Grand Prix,1005,5434,22,Monte Carlo,2019-05-26 15:10:00,11,Sergio Perez,PER,perez,racing_point,12.0,16.0,12,+1 Lap,0.0,0 days 02:46:00,77.0,22.75467625899281,0.6258992805755396,0.9035971223021584,0 days 00:00:02.067000,13.0,17.0
6,2019,Monaco Grand Prix,1005,5434,22,Monte Carlo,2019-05-26 15:10:00,27,Nico Hulkenberg,HUL,hulkenberg,renault,13.0,11.0,13,+1 Lap,0.0,0 days 02:46:00,77.0,22.75467625899281,0.6258992805755396,0.9035971223021584,0 days 00:00:01.504000,6.0,14.0
6,2019,Monaco Grand Prix,1005,5434,22,Monte Carlo,2019-05-26 15:10:00,20,Kevin Magnussen,MAG,kevin_magnussen,haas,14.0,5.0,14,+1 Lap,0.0,0 days 02:46:00,77.0,22.75467625899281,0.6258992805755396,0.9035971223021584,0 days 00:00:00.943000,14.0,16.0
6,2019,Monaco Grand Prix,1005,5434,22,Monte Carlo,2019-05-26 15:10:00,63,George Russell,RUS,russell,williams,15.0,19.0,15,+1 Lap,0.0,0 days 02:46:00,77.0,22.75467625899281,0.6258992805755396,0.9035971223021584,0 days 00:00:03.311000,0.0,0.0
6,2019,Monaco Grand Prix,1005,5434,22,Monte Carlo,2019-05-26 15:10:00,18,Lance Stroll,STR,stroll,racing_point,16.0,17.0,16,+1 Lap,0.0,0 days 02:46:00,77.0,22.75467625899281,0.6258992805755396,0.9035971223021584,0 days 00:00:02.680000,4.0,17.0
6,2019,Monaco Grand Prix,1005,5434,22,Monte Carlo,2019-05-26 15:10:00,7,Kimi Räikkönen,RAI,raikkonen,alfa,17.0,14.0,17,+1 Lap,0.0,0 days 02:46:00,77.0,22.75467625899281,0.6258992805755396,0.9035971223021584,0 days 00:00:01.827000,13.0,13.0
6,2019,Monaco Grand Prix,1005,5434,22,Monte Carlo,2019-05-26 15:10:00,88,Robert Kubica,KUB,kubica,williams,18.0,20.0,18,+1 Lap,0.0,0 days 02:46:00,77.0,22.75467625899281,0.6258992805755396,0.9035971223021584,0 days 00:00:03.585000,0.0,0.0
6,2019,Monaco Grand Prix,1005,5434,22,Monte Carlo,2019-05-26 15:10:00,99,Antonio Giovinazzi,GIO,giovinazzi,alfa,19.0,18.0,19,+2 Laps,0.0,0 days 02:46:00,76.0,22.75467625899281,0.6258992805755396,0.9035971223021584,0 days 00:00:01.810000,0.0,13.0
6,2019,Monaco Grand Prix,1005,5434,22,Monte Carlo,2019-05-26 15:10:00,16,Charles Leclerc,LEC,leclerc,ferrari,20.0,15.0,R,Collision,0.0,0 days 02:46:00,16.0,22.75467625899281,0.6258992805755396,0.9035971223021584,0 days 00:00:01.983000,57.0,139.0
7,2019,Canadian Grand Prix,1006,5442,23,Montreal,2019-06-09 14:10:00,44,Lewis Hamilton,HAM,hamilton,mercedes,1.0,2.0,1,Finished,25.0,0 days 01:29:07.084000,70.0,29.36825396825397,0.0,1.3087301587301587,0 days 00:00:00.206000,162.0,295.0
7,2019,Canadian Grand Prix,1006,5442,23,Montreal,2019-06-09 14:10:00,5,Sebastian Vettel,VET,vettel,ferrari,2.0,1.0,2,Finished,18.0,0 days 00:00:03.658000,70.0,29.36825396825397,0.0,1.3087301587301587,0 days 00:00:00,100.0,172.0
7,2019,Canadian Grand Prix,1006,5442,23,Montreal,2019-06-09 14:10:00,16,Charles Leclerc,LEC,leclerc,ferrari,3.0,3.0,3,Finished,15.0,0 days 00:00:04.696000,70.0,29.36825396825397,0.0,1.3087301587301587,0 days 00:00:00.680000,72.0,172.0
7,2019,Canadian Grand Prix,1006,5442,23,Montreal,2019-06-09 14:10:00,77,Valtteri Bottas,BOT,bottas,mercedes,4.0,6.0,4,Finished,13.0,0 days 00:00:51.043000,70.0,29.36825396825397,0.0,1.3087301587301587,0 days 00:00:00.855000,133.0,295.0
7,2019,Canadian Grand Prix,1006,5442,23,Montreal,2019-06-09 14:10:00,33,Max Verstappen,VER,max_verstappen,red_bull,5.0,9.0,5,Finished,10.0,0 days 00:00:57.655000,70.0,29.36825396825397,0.0,1.3087301587301587,0 days 00:00:01.379000,88.0,124.0
7,2019,Canadian Grand Prix,1006,5442,23,Montreal,2019-06-09 14:10:00,3,Daniel Ricciardo,RIC,ricciardo,renault,6.0,4.0,6,+1 Lap,8.0,0 days 02:46:00,69.0,29.36825396825397,0.0,1.3087301587301587,0 days 00:00:00.831000,16.0,28.0
7,2019,Canadian Grand Prix,1006,5442,23,Montreal,2019-06-09 14:10:00,27,Nico Hulkenberg,HUL,hulkenberg,renault,7.0,7.0,7,+1 Lap,6.0,0 days 02:46:00,69.0,29.36825396825397,0.0,1.3087301587301587,0 days 00:00:01.084000,12.0,28.0
7,2019,Canadian Grand Prix,1006,5442,23,Montreal,2019-06-09 14:10:00,10,Pierre Gasly,GAS,gasly,red_bull,8.0,5.0,8,+1 Lap,4.0,0 days 02:46:00,69.0,29.36825396825397,0.0,1.3087301587301587,0 days 00:00:00.839000,36.0,124.0
7,2019,Canadian Grand Prix,1006,5442,23,Montreal,2019-06-09 14:10:00,18,Lance Stroll,STR,stroll,racing_point,9.0,17.0,9,+1 Lap,2.0,0 days 02:46:00,69.0,29.36825396825397,0.0,1.3087301587301587,0 days 00:00:02.026000,6.0,19.0
7,2019,Canadian Grand Prix,1006,5442,23,Montreal,2019-06-09 14:10:00,26,Daniil Kvyat,KVY,kvyat,toro_rosso,10.0,10.0,10,+1 Lap,1.0,0 days 02:46:00,69.0,29.36825396825397,0.0,1.3087301587301587,0 days 00:00:01.681000,10.0,17.0
7,2019,Canadian Grand Prix,1006,5442,23,Montreal,2019-06-09 14:10:00,55,Carlos Sainz,SAI,sainz,mclaren,11.0,11.0,11,+1 Lap,0.0,0 days 02:46:00,69.0,29.36825396825397,0.0,1.3087301587301587,0 days 00:00:01.332000,18.0,30.0
7,2019,Canadian Grand Prix,1006,5442,23,Montreal,2019-06-09 14:10:00,11,Sergio Perez,PER,perez,racing_point,12.0,15.0,12,+1 Lap,0.0,0 days 02:46:00,69.0,29.36825396825397,0.0,1.3087301587301587,0 days 00:00:01.957000,13.0,19.0
7,2019,Canadian Grand Prix,1006,5442,23,Montreal,2019-06-09 14:10:00,99,Antonio Giovinazzi,GIO,giovinazzi,alfa,13.0,12.0,13,+1 Lap,0.0,0 days 02:46:00,69.0,29.36825396825397,0.0,1.3087301587301587,0 days 00:00:01.882000,0.0,13.0
7,2019,Canadian Grand Prix,1006,5442,23,Montreal,2019-06-09 14:10:00,8,Romain Grosjean,GRO,grosjean,haas,14.0,14.0,14,+1 Lap,0.0,0 days 02:46:00,69.0,29.36825396825397,0.0,1.3087301587301587,0 days 00:00:01.869000,2.0,16.0
7,2019,Canadian Grand Prix,1006,5442,23,Montreal,2019-06-09 14:10:00,7,Kimi Räikkönen,RAI,raikkonen,alfa,15.0,16.0,15,+1 Lap,0.0,0 days 02:46:00,69.0,29.36825396825397,0.0,1.3087301587301587,0 days 00:00:01.990000,13.0,13.0
7,2019,Canadian Grand Prix,1006,5442,23,Montreal,2019-06-09 14:10:00,63,George Russell,RUS,russell,williams,16.0,18.0,16,+2 Laps,0.0,0 days 02:46:00,68.0,29.36825396825397,0.0,1.3087301587301587,0 days 00:00:03.377000,0.0,0.0
7,2019,Canadian Grand Prix,1006,5442,23,Montreal,2019-06-09 14:10:00,20,Kevin Magnussen,MAG,kevin_magnussen,haas,17.0,0.0,17,+2 Laps,0.0,0 days 02:46:00,68.0,29.36825396825397,0.0,1.3087301587301587,0 days 00:00:01.546000,14.0,16.0
7,2019,Canadian Grand Prix,1006,5442,23,Montreal,2019-06-09 14:10:00,88,Robert Kubica,KUB,kubica,williams,18.0,19.0,18,+3 Laps,0.0,0 days 02:46:00,67.0,29.36825396825397,0.0,1.3087301587301587,0 days 00:00:04.153000,0.0,0.0
7,2019,Canadian Grand Prix,1006,5442,23,Montreal,2019-06-09 14:10:00,23,Alexander Albon,ALB,albon,toro_rosso,19.0,13.0,R,Collision damage,0.0,0 days 02:46:00,59.0,29.36825396825397,0.0,1.3087301587301587,0 days 00:00:01.780000,7.0,17.0
7,2019,Canadian Grand Prix,1006,5442,23,Montreal,2019-06-09 14:10:00,4,Lando Norris,NOR,norris,mclaren,20.0,8.0,R,Suspension,0.0,0 days 02:46:00,8.0,29.36825396825397,0.0,1.3087301587301587,0 days 00:00:01.495000,12.0,30.0
8,2019,French Grand Prix,1007,5450,28,Paul Ricard,2019-06-23 15:10:00,44,Lewis Hamilton,HAM,hamilton,mercedes,1.0,1.0,1,Finished,25.0,0 days 01:24:31.198000,53.0,26.894214876033057,0.0,1.6785123966942148,0 days 00:00:00,187.0,338.0
8,2019,French Grand Prix,1007,5450,28,Paul Ricard,2019-06-23 15:10:00,77,Valtteri Bottas,BOT,bottas,mercedes,2.0,2.0,2,Finished,18.0,0 days 00:00:18.056000,53.0,26.894214876033057,0.0,1.6785123966942148,0 days 00:00:00.286000,151.0,338.0
8,2019,French Grand Prix,1007,5450,28,Paul Ricard,2019-06-23 15:10:00,16,Charles Leclerc,LEC,leclerc,ferrari,3.0,3.0,3,Finished,15.0,0 days 00:00:18.985000,53.0,26.894214876033057,0.0,1.6785123966942148,0 days 00:00:00.646000,87.0,198.0
8,2019,French Grand Prix,1007,5450,28,Paul Ricard,2019-06-23 15:10:00,33,Max Verstappen,VER,max_verstappen,red_bull,4.0,4.0,4,Finished,12.0,0 days 00:00:34.905000,53.0,26.894214876033057,0.0,1.6785123966942148,0 days 00:00:01.090000,100.0,137.0
8,2019,French Grand Prix,1007,5450,28,Paul Ricard,2019-06-23 15:10:00,5,Sebastian Vettel,VET,vettel,ferrari,5.0,7.0,5,Finished,11.0,0 days 00:01:02.796000,53.0,26.894214876033057,0.0,1.6785123966942148,0 days 00:00:01.187000,111.0,198.0
8,2019,French Grand Prix,1007,5450,28,Paul Ricard,2019-06-23 15:10:00,55,Carlos Sainz,SAI,sainz,mclaren,6.0,6.0,6,Finished,8.0,0 days 00:01:35.462000,53.0,26.894214876033057,0.0,1.6785123966942148,0 days 00:00:01.203000,26.0,40.0
8,2019,French Grand Prix,1007,5450,28,Paul Ricard,2019-06-23 15:10:00,7,Kimi Räikkönen,RAI,raikkonen,alfa,7.0,12.0,7,+1 Lap,6.0,0 days 02:46:00,52.0,26.894214876033057,0.0,1.6785123966942148,0 days 00:00:02.214000,19.0,19.0
8,2019,French Grand Prix,1007,5450,28,Paul Ricard,2019-06-23 15:10:00,27,Nico Hulkenberg,HUL,hulkenberg,renault,8.0,13.0,8,+1 Lap,4.0,0 days 02:46:00,52.0,26.894214876033057,0.0,1.6785123966942148,0 days 00:00:02.225000,16.0,32.0
8,2019,French Grand Prix,1007,5450,28,Paul Ricard,2019-06-23 15:10:00,4,Lando Norris,NOR,norris,mclaren,9.0,5.0,9,+1 Lap,2.0,0 days 02:46:00,52.0,26.894214876033057,0.0,1.6785123966942148,0 days 00:00:01.099000,14.0,40.0
8,2019,French Grand Prix,1007,5450,28,Paul Ricard,2019-06-23 15:10:00,10,Pierre Gasly,GAS,gasly,red_bull,10.0,9.0,10,+1 Lap,1.0,0 days 02:46:00,52.0,26.894214876033057,0.0,1.6785123966942148,0 days 00:00:01.865000,37.0,137.0
8,2019,French Grand Prix,1007,5450,28,Paul Ricard,2019-06-23 15:10:00,3,Daniel Ricciardo,RIC,ricciardo,renault,11.0,8.0,11,+1 Lap,0.0,0 days 02:46:00,52.0,26.894214876033057,0.0,1.6785123966942148,0 days 00:00:01.599000,16.0,32.0
8,2019,French Grand Prix,1007,5450,28,Paul Ricard,2019-06-23 15:10:00,11,Sergio Perez,PER,perez,racing_point,12.0,14.0,12,+1 Lap,0.0,0 days 02:46:00,52.0,26.894214876033057,0.0,1.6785123966942148,0 days 00:00:02.419000,13.0,19.0
8,2019,French Grand Prix,1007,5450,28,Paul Ricard,2019-06-23 15:10:00,18,Lance Stroll,STR,stroll,racing_point,13.0,17.0,13,+1 Lap,0.0,0 days 02:46:00,52.0,26.894214876033057,0.0,1.6785123966942148,0 days 00:00:03.407000,6.0,19.0
8,2019,French Grand Prix,1007,5450,28,Paul Ricard,2019-06-23 15:10:00,26,Daniil Kvyat,KVY,kvyat,toro_rosso,14.0,19.0,14,+1 Lap,0.0,0 days 02:46:00,52.0,26.894214876033057,0.0,1.6785123966942148,0 days 00:00:03.245000,10.0,17.0
8,2019,French Grand Prix,1007,5450,28,Paul Ricard,2019-06-23 15:10:00,23,Alexander Albon,ALB,albon,toro_rosso,15.0,11.0,15,+1 Lap,0.0,0 days 02:46:00,52.0,26.894214876033057,0.0,1.6785123966942148,0 days 00:00:02.142000,7.0,17.0
8,2019,French Grand Prix,1007,5450,28,Paul Ricard,2019-06-23 15:10:00,99,Antonio Giovinazzi,GIO,giovinazzi,alfa,16.0,10.0,16,+1 Lap,0.0,0 days 02:46:00,52.0,26.894214876033057,0.0,1.6785123966942148,0 days 00:00:02.089000,0.0,19.0
8,2019,French Grand Prix,1007,5450,28,Paul Ricard,2019-06-23 15:10:00,20,Kevin Magnussen,MAG,kevin_magnussen,haas,17.0,15.0,17,+1 Lap,0.0,0 days 02:46:00,52.0,26.894214876033057,0.0,1.6785123966942148,0 days 00:00:02.847000,14.0,16.0
8,2019,French Grand Prix,1007,5450,28,Paul Ricard,2019-06-23 15:10:00,88,Robert Kubica,KUB,kubica,williams,18.0,18.0,18,+2 Laps,0.0,0 days 02:46:00,51.0,26.894214876033057,0.0,1.6785123966942148,0 days 00:00:04.886000,0.0,0.0
8,2019,French Grand Prix,1007,5450,28,Paul Ricard,2019-06-23 15:10:00,63,George Russell,RUS,russell,williams,19.0,20.0,19,+2 Laps,0.0,0 days 02:46:00,51.0,26.894214876033057,0.0,1.6785123966942148,0 days 00:00:04.470000,0.0,0.0
8,2019,French Grand Prix,1007,5450,28,Paul Ricard,2019-06-23 15:10:00,8,Romain Grosjean,GRO,grosjean,haas,20.0,16.0,20,Retired,0.0,0 days 02:46:00,44.0,26.894214876033057,0.0,1.6785123966942148,0 days 00:00:03.307000,2.0,16.0
9,2019,Austrian Grand Prix,1008,5458,19,Spielberg,2019-06-30 15:10:00,33,Max Verstappen,VER,max_verstappen,red_bull,1.0,2.0,1,Finished,26.0,0 days 01:22:01.822000,71.0,34.44406779661017,0.0,1.2254237288135592,0 days 00:00:00.436000,126.0,169.0
9,2019,Austrian Grand Prix,1008,5458,19,Spielberg,2019-06-30 15:10:00,16,Charles Leclerc,LEC,leclerc,ferrari,2.0,1.0,2,Finished,18.0,0 days 00:00:02.724000,71.0,34.44406779661017,0.0,1.2254237288135592,0 days 00:00:00,105.0,228.0
9,2019,Austrian Grand Prix,1008,5458,19,Spielberg,2019-06-30 15:10:00,77,Valtteri Bottas,BOT,bottas,mercedes,3.0,3.0,3,Finished,15.0,0 days 00:00:18.960000,71.0,34.44406779661017,0.0,1.2254237288135592,0 days 00:00:00.534000,166.0,363.0
9,2019,Austrian Grand Prix,1008,5458,19,Spielberg,2019-06-30 15:10:00,5,Sebastian Vettel,VET,vettel,ferrari,4.0,9.0,4,Finished,12.0,0 days 00:00:19.610000,71.0,34.44406779661017,0.0,1.2254237288135592,0 days 00:00:00.664000,123.0,228.0
9,2019,Austrian Grand Prix,1008,5458,19,Spielberg,2019-06-30 15:10:00,44,Lewis Hamilton,HAM,hamilton,mercedes,5.0,4.0,5,Finished,10.0,0 days 00:00:22.805000,71.0,34.44406779661017,0.0,1.2254237288135592,0 days 00:00:00.259000,197.0,363.0
9,2019,Austrian Grand Prix,1008,5458,19,Spielberg,2019-06-30 15:10:00,4,Lando Norris,NOR,norris,mclaren,6.0,5.0,6,+1 Lap,8.0,0 days 02:46:00,70.0,34.44406779661017,0.0,1.2254237288135592,0 days 00:00:01.096000,22.0,52.0
9,2019,Austrian Grand Prix,1008,5458,19,Spielberg,2019-06-30 15:10:00,10,Pierre Gasly,GAS,gasly,red_bull,7.0,8.0,7,+1 Lap,6.0,0 days 02:46:00,70.0,34.44406779661017,0.0,1.2254237288135592,0 days 00:00:00.985000,43.0,169.0
9,2019,Austrian Grand Prix,1008,5458,19,Spielberg,2019-06-30 15:10:00,55,Carlos Sainz,SAI,sainz,mclaren,8.0,19.0,8,+1 Lap,4.0,0 days 02:46:00,70.0,34.44406779661017,0.0,1.2254237288135592,0 days 00:00:01.450000,30.0,52.0
9,2019,Austrian Grand Prix,1008,5458,19,Spielberg,2019-06-30 15:10:00,7,Kimi Räikkönen,RAI,raikkonen,alfa,9.0,6.0,9,+1 Lap,2.0,0 days 02:46:00,70.0,34.44406779661017,0.0,1.2254237288135592,0 days 00:00:01.053000,21.0,22.0
9,2019,Austrian Grand Prix,1008,5458,19,Spielberg,2019-06-30 15:10:00,99,Antonio Giovinazzi,GIO,giovinazzi,alfa,10.0,7.0,10,+1 Lap,1.0,0 days 02:46:00,70.0,34.44406779661017,0.0,1.2254237288135592,0 days 00:00:01.176000,1.0,22.0
9,2019,Austrian Grand Prix,1008,5458,19,Spielberg,2019-06-30 15:10:00,11,Sergio Perez,PER,perez,racing_point,11.0,13.0,11,+1 Lap,0.0,0 days 02:46:00,70.0,34.44406779661017,0.0,1.2254237288135592,0 days 00:00:01.786000,13.0,19.0
9,2019,Austrian Grand Prix,1008,5458,19,Spielberg,2019-06-30 15:10:00,3,Daniel Ricciardo,RIC,ricciardo,renault,12.0,12.0,12,+1 Lap,0.0,0 days 02:46:00,70.0,34.44406779661017,0.0,1.2254237288135592,0 days 00:00:01.644000,16.0,32.0
9,2019,Austrian Grand Prix,1008,5458,19,Spielberg,2019-06-30 15:10:00,27,Nico Hulkenberg,HUL,hulkenberg,renault,13.0,15.0,13,+1 Lap,0.0,0 days 02:46:00,70.0,34.44406779661017,0.0,1.2254237288135592,0 days 00:00:01.513000,16.0,32.0
9,2019,Austrian Grand Prix,1008,5458,19,Spielberg,2019-06-30 15:10:00,18,Lance Stroll,STR,stroll,racing_point,14.0,14.0,14,+1 Lap,0.0,0 days 02:46:00,70.0,34.44406779661017,0.0,1.2254237288135592,0 days 00:00:01.829000,6.0,19.0
9,2019,Austrian Grand Prix,1008,5458,19,Spielberg,2019-06-30 15:10:00,23,Alexander Albon,ALB,albon,toro_rosso,15.0,18.0,15,+1 Lap,0.0,0 days 02:46:00,70.0,34.44406779661017,0.0,1.2254237288135592,0 days 00:00:01.662000,7.0,17.0
9,2019,Austrian Grand Prix,1008,5458,19,Spielberg,2019-06-30 15:10:00,8,Romain Grosjean,GRO,grosjean,haas,16.0,11.0,16,+1 Lap,0.0,0 days 02:46:00,70.0,34.44406779661017,0.0,1.2254237288135592,0 days 00:00:01.487000,2.0,16.0
9,2019,Austrian Grand Prix,1008,5458,19,Spielberg,2019-06-30 15:10:00,26,Daniil Kvyat,KVY,kvyat,toro_rosso,17.0,16.0,17,+1 Lap,0.0,0 days 02:46:00,70.0,34.44406779661017,0.0,1.2254237288135592,0 days 00:00:02.321000,10.0,17.0
9,2019,Austrian Grand Prix,1008,5458,19,Spielberg,2019-06-30 15:10:00,63,George Russell,RUS,russell,williams,18.0,0.0,18,+2 Laps,0.0,0 days 02:46:00,69.0,34.44406779661017,0.0,1.2254237288135592,0 days 00:00:02.901000,0.0,0.0
9,2019,Austrian Grand Prix,1008,5458,19,Spielberg,2019-06-30 15:10:00,20,Kevin Magnussen,MAG,kevin_magnussen,haas,19.0,10.0,19,+2 Laps,0.0,0 days 02:46:00,69.0,34.44406779661017,0.0,1.2254237288135592,0 days 00:00:01.069000,14.0,16.0
9,2019,Austrian Grand Prix,1008,5458,19,Spielberg,2019-06-30 15:10:00,88,Robert Kubica,KUB,kubica,williams,20.0,17.0,20,+3 Laps,0.0,0 days 02:46:00,68.0,34.44406779661017,0.0,1.2254237288135592,0 days 00:00:03.203000,0.0,0.0
10,2019,British Grand Prix,1009,5466,2,Silverstone,2019-07-14 14:10:00,44,Lewis Hamilton,HAM,hamilton,mercedes,1.0,2.0,1,Finished,26.0,0 days 01:21:08.452000,52.0,18.90508474576271,0.0,2.011864406779661,0 days 00:00:00.006000,223.0,407.0
10,2019,British Grand Prix,1009,5466,2,Silverstone,2019-07-14 14:10:00,77,Valtteri Bottas,BOT,bottas,mercedes,2.0,1.0,2,Finished,18.0,0 days 00:00:24.928000,52.0,18.90508474576271,0.0,2.011864406779661,0 days 00:00:00,184.0,407.0
10,2019,British Grand Prix,1009,5466,2,Silverstone,2019-07-14 14:10:00,16,Charles Leclerc,LEC,leclerc,ferrari,3.0,3.0,3,Finished,15.0,0 days 00:00:30.117000,52.0,18.90508474576271,0.0,2.011864406779661,0 days 00:00:00.079000,120.0,243.0
10,2019,British Grand Prix,1009,5466,2,Silverstone,2019-07-14 14:10:00,10,Pierre Gasly,GAS,gasly,red_bull,4.0,5.0,4,Finished,12.0,0 days 00:00:34.692000,52.0,18.90508474576271,0.0,2.011864406779661,0 days 00:00:00.497000,55.0,191.0
10,2019,British Grand Prix,1009,5466,2,Silverstone,2019-07-14 14:10:00,33,Max Verstappen,VER,max_verstappen,red_bull,5.0,4.0,5,Finished,10.0,0 days 00:00:39.458000,52.0,18.90508474576271,0.0,2.011864406779661,0 days 00:00:00.183000,136.0,191.0
10,2019,British Grand Prix,1009,5466,2,Silverstone,2019-07-14 14:10:00,55,Carlos Sainz,SAI,sainz,mclaren,6.0,13.0,6,Finished,8.0,0 days 00:00:53.639000,52.0,18.90508474576271,0.0,2.011864406779661,0 days 00:00:01.110000,38.0,60.0
10,2019,British Grand Prix,1009,5466,2,Silverstone,2019-07-14 14:10:00,3,Daniel Ricciardo,RIC,ricciardo,renault,7.0,7.0,7,Finished,6.0,0 days 00:00:54.401000,52.0,18.90508474576271,0.0,2.011864406779661,0 days 00:00:01.089000,22.0,39.0
10,2019,British Grand Prix,1009,5466,2,Silverstone,2019-07-14 14:10:00,7,Kimi Räikkönen,RAI,raikkonen,alfa,8.0,12.0,8,Finished,4.0,0 days 00:01:05.540000,52.0,18.90508474576271,0.0,2.011864406779661,0 days 00:00:01.453000,25.0,26.0
10,2019,British Grand Prix,1009,5466,2,Silverstone,2019-07-14 14:10:00,26,Daniil Kvyat,KVY,kvyat,toro_rosso,9.0,17.0,9,Finished,2.0,0 days 00:01:06.720000,52.0,18.90508474576271,0.0,2.011864406779661,0 days 00:00:01.628000,12.0,19.0
10,2019,British Grand Prix,1009,5466,2,Silverstone,2019-07-14 14:10:00,27,Nico Hulkenberg,HUL,hulkenberg,renault,10.0,10.0,10,Finished,1.0,0 days 00:01:12.733000,52.0,18.90508474576271,0.0,2.011864406779661,0 days 00:00:01.293000,17.0,39.0
10,2019,British Grand Prix,1009,5466,2,Silverstone,2019-07-14 14:10:00,4,Lando Norris,NOR,norris,mclaren,11.0,8.0,11,Finished,0.0,0 days 00:01:14.281000,52.0,18.90508474576271,0.0,2.011864406779661,0 days 00:00:00.986000,22.0,60.0
10,2019,British Grand Prix,1009,5466,2,Silverstone,2019-07-14 14:10:00,23,Alexander Albon,ALB,albon,toro_rosso,12.0,9.0,12,Finished,0.0,0 days 00:01:15.617000,52.0,18.90508474576271,0.0,2.011864406779661,0 days 00:00:01.252000,7.0,19.0
10,2019,British Grand Prix,1009,5466,2,Silverstone,2019-07-14 14:10:00,18,Lance Stroll,STR,stroll,racing_point,13.0,18.0,13,Finished,0.0,0 days 00:01:21.086000,52.0,18.90508474576271,0.0,2.011864406779661,0 days 00:00:01.669000,6.0,19.0
10,2019,British Grand Prix,1009,5466,2,Silverstone,2019-07-14 14:10:00,63,George Russell,RUS,russell,williams,14.0,19.0,14,+1 Lap,0.0,0 days 02:46:00,51.0,18.90508474576271,0.0,2.011864406779661,0 days 00:00:02.696000,0.0,0.0
10,2019,British Grand Prix,1009,5466,2,Silverstone,2019-07-14 14:10:00,88,Robert Kubica,KUB,kubica,williams,15.0,20.0,15,+1 Lap,0.0,0 days 02:46:00,51.0,18.90508474576271,0.0,2.011864406779661,0 days 00:00:03.164000,0.0,0.0
10,2019,British Grand Prix,1009,5466,2,Silverstone,2019-07-14 14:10:00,5,Sebastian Vettel,VET,vettel,ferrari,16.0,6.0,16,+1 Lap,0.0,0 days 02:46:00,51.0,18.90508474576271,0.0,2.011864406779661,0 days 00:00:00.694000,123.0,243.0
10,2019,British Grand Prix,1009,5466,2,Silverstone,2019-07-14 14:10:00,11,Sergio Perez,PER,perez,racing_point,17.0,15.0,17,+1 Lap,0.0,0 days 02:46:00,51.0,18.90508474576271,0.0,2.011864406779661,0 days 00:00:01.556000,13.0,19.0
10,2019,British Grand Prix,1009,5466,2,Silverstone,2019-07-14 14:10:00,99,Antonio Giovinazzi,GIO,giovinazzi,alfa,18.0,11.0,R,Spun off,0.0,0 days 02:46:00,18.0,18.90508474576271,0.0,2.011864406779661,0 days 00:00:01.356000,1.0,26.0
10,2019,British Grand Prix,1009,5466,2,Silverstone,2019-07-14 14:10:00,8,Romain Grosjean,GRO,grosjean,haas,19.0,14.0,R,Collision,0.0,0 days 02:46:00,9.0,18.90508474576271,0.0,2.011864406779661,0 days 00:00:01.254000,2.0,16.0
10,2019,British Grand Prix,1009,5466,2,Silverstone,2019-07-14 14:10:00,20,Kevin Magnussen,MAG,kevin_magnussen,haas,20.0,16.0,R,Collision,0.0,0 days 02:46:00,6.0,18.90508474576271,0.0,2.011864406779661,0 days 00:00:01.569000,14.0,16.0
11,2019,German Grand Prix,1010,5474,34,Hockenheim,2019-07-28 15:10:00,33,Max Verstappen,VER,max_verstappen,red_bull,1.0,2.0,1,Finished,26.0,0 days 01:44:31.275000,64.0,21.503401360544217,0.9659863945578232,1.006122448979592,0 days 00:00:00.346000,162.0,217.0
11,2019,German Grand Prix,1010,5474,34,Hockenheim,2019-07-28 15:10:00,5,Sebastian Vettel,VET,vettel,ferrari,2.0,20.0,2,Finished,18.0,0 days 00:00:07.333000,64.0,21.503401360544217,0.9659863945578232,1.006122448979592,0 days 02:46:00,141.0,261.0
11,2019,German Grand Prix,1010,5474,34,Hockenheim,2019-07-28 15:10:00,26,Daniil Kvyat,KVY,kvyat,toro_rosso,3.0,14.0,3,Finished,15.0,0 days 00:00:08.305000,64.0,21.503401360544217,0.9659863945578232,1.006122448979592,0 days 00:00:01.368000,27.0,42.0
11,2019,German Grand Prix,1010,5474,34,Hockenheim,2019-07-28 15:10:00,18,Lance Stroll,STR,stroll,racing_point,4.0,15.0,4,Finished,12.0,0 days 00:00:08.966000,64.0,21.503401360544217,0.9659863945578232,1.006122448979592,0 days 00:00:01.489000,18.0,31.0
11,2019,German Grand Prix,1010,5474,34,Hockenheim,2019-07-28 15:10:00,55,Carlos Sainz,SAI,sainz,mclaren,5.0,7.0,5,Finished,10.0,0 days 00:00:09.583000,64.0,21.503401360544217,0.9659863945578232,1.006122448979592,0 days 00:00:00.865000,48.0,70.0
11,2019,German Grand Prix,1010,5474,34,Hockenheim,2019-07-28 15:10:00,23,Alexander Albon,ALB,albon,toro_rosso,6.0,16.0,6,Finished,8.0,0 days 00:00:10.052000,64.0,21.503401360544217,0.9659863945578232,1.006122448979592,0 days 00:00:01.694000,15.0,42.0
11,2019,German Grand Prix,1010,5474,34,Hockenheim,2019-07-28 15:10:00,8,Romain Grosjean,GRO,grosjean,haas,7.0,6.0,7,Finished,6.0,0 days 00:00:16.838000,64.0,21.503401360544217,0.9659863945578232,1.006122448979592,0 days 00:00:01.002000,8.0,26.0
11,2019,German Grand Prix,1010,5474,34,Hockenheim,2019-07-28 15:10:00,20,Kevin Magnussen,MAG,kevin_magnussen,haas,8.0,12.0,8,Finished,4.0,0 days 00:00:18.765000,64.0,21.503401360544217,0.9659863945578232,1.006122448979592,0 days 00:00:01.022000,18.0,26.0
11,2019,German Grand Prix,1010,5474,34,Hockenheim,2019-07-28 15:10:00,44,Lewis Hamilton,HAM,hamilton,mercedes,9.0,1.0,9,Finished,2.0,0 days 00:00:19.667000,64.0,21.503401360544217,0.9659863945578232,1.006122448979592,0 days 00:00:00,225.0,409.0
11,2019,German Grand Prix,1010,5474,34,Hockenheim,2019-07-28 15:10:00,88,Robert Kubica,KUB,kubica,williams,10.0,18.0,10,Finished,1.0,0 days 00:00:24.987000,64.0,21.503401360544217,0.9659863945578232,1.006122448979592,0 days 00:00:03.072000,1.0,1.0
11,2019,German Grand Prix,1010,5474,34,Hockenheim,2019-07-28 15:10:00,63,George Russell,RUS,russell,williams,11.0,17.0,11,Finished,0.0,0 days 00:00:26.404000,64.0,21.503401360544217,0.9659863945578232,1.006122448979592,0 days 00:00:02.954000,0.0,1.0
11,2019,German Grand Prix,1010,5474,34,Hockenheim,2019-07-28 15:10:00,7,Kimi Räikkönen,RAI,raikkonen,alfa,12.0,5.0,12,Finished,0.0,0 days 00:00:42.214000,64.0,21.503401360544217,0.9659863945578232,1.006122448979592,0 days 00:00:00.752000,25.0,26.0
11,2019,German Grand Prix,1010,5474,34,Hockenheim,2019-07-28 15:10:00,99,Antonio Giovinazzi,GIO,giovinazzi,alfa,13.0,11.0,13,Finished,0.0,0 days 00:00:43.849000,64.0,21.503401360544217,0.9659863945578232,1.006122448979592,0 days 00:00:01.019000,1.0,26.0
11,2019,German Grand Prix,1010,5474,34,Hockenheim,2019-07-28 15:10:00,10,Pierre Gasly,GAS,gasly,red_bull,14.0,4.0,14,Collision,0.0,0 days 02:46:00,61.0,21.503401360544217,0.9659863945578232,1.006122448979592,0 days 00:00:00.618000,55.0,217.0
11,2019,German Grand Prix,1010,5474,34,Hockenheim,2019-07-28 15:10:00,77,Valtteri Bottas,BOT,bottas,mercedes,15.0,3.0,R,Accident,0.0,0 days 02:46:00,56.0,21.503401360544217,0.9659863945578232,1.006122448979592,0 days 00:00:00.362000,184.0,409.0
11,2019,German Grand Prix,1010,5474,34,Hockenheim,2019-07-28 15:10:00,27,Nico Hulkenberg,HUL,hulkenberg,renault,16.0,9.0,R,Accident,0.0,0 days 02:46:00,39.0,21.503401360544217,0.9659863945578232,1.006122448979592,0 days 00:00:00.999000,17.0,39.0
11,2019,German Grand Prix,1010,5474,34,Hockenheim,2019-07-28 15:10:00,16,Charles Leclerc,LEC,leclerc,ferrari,17.0,10.0,R,Accident,0.0,0 days 02:46:00,27.0,21.503401360544217,0.9659863945578232,1.006122448979592,0 days 00:00:00.462000,120.0,261.0
11,2019,German Grand Prix,1010,5474,34,Hockenheim,2019-07-28 15:10:00,4,Lando Norris,NOR,norris,mclaren,18.0,19.0,R,Power loss,0.0,0 days 02:46:00,25.0,21.503401360544217,0.9659863945578232,1.006122448979592,0 days 00:00:01.566000,22.0,70.0
11,2019,German Grand Prix,1010,5474,34,Hockenheim,2019-07-28 15:10:00,3,Daniel Ricciardo,RIC,ricciardo,renault,19.0,13.0,R,Exhaust,0.0,0 days 02:46:00,13.0,21.503401360544217,0.9659863945578232,1.006122448979592,0 days 00:00:01.032000,22.0,39.0
11,2019,German Grand Prix,1010,5474,34,Hockenheim,2019-07-28 15:10:00,11,Sergio Perez,PER,perez,racing_point,20.0,8.0,R,Spun off,0.0,0 days 02:46:00,1.0,21.503401360544217,0.9659863945578232,1.006122448979592,0 days 00:00:01.009000,13.0,31.0
12,2019,Hungarian Grand Prix,1011,5482,4,Hungaroring,2019-08-04 15:10:00,44,Lewis Hamilton,HAM,hamilton,mercedes,1.0,3.0,1,Finished,25.0,0 days 01:35:03.796000,70.0,25.66,0.0,1.1938461538461538,0 days 00:00:00.197000,250.0,438.0
12,2019,Hungarian Grand Prix,1011,5482,4,Hungaroring,2019-08-04 15:10:00,33,Max Verstappen,VER,max_verstappen,red_bull,2.0,1.0,2,Finished,19.0,0 days 00:00:17.796000,70.0,25.66,0.0,1.1938461538461538,0 days 00:00:00,181.0,244.0
12,2019,Hungarian Grand Prix,1011,5482,4,Hungaroring,2019-08-04 15:10:00,5,Sebastian Vettel,VET,vettel,ferrari,3.0,5.0,3,Finished,15.0,0 days 00:01:01.433000,70.0,25.66,0.0,1.1938461538461538,0 days 00:00:00.499000,156.0,288.0
12,2019,Hungarian Grand Prix,1011,5482,4,Hungaroring,2019-08-04 15:10:00,16,Charles Leclerc,LEC,leclerc,ferrari,4.0,4.0,4,Finished,12.0,0 days 00:01:05.250000,70.0,25.66,0.0,1.1938461538461538,0 days 00:00:00.471000,132.0,288.0
12,2019,Hungarian Grand Prix,1011,5482,4,Hungaroring,2019-08-04 15:10:00,55,Carlos Sainz,SAI,sainz,mclaren,5.0,8.0,5,+1 Lap,10.0,0 days 02:46:00,69.0,25.66,0.0,1.1938461538461538,0 days 00:00:01.280000,58.0,82.0
12,2019,Hungarian Grand Prix,1011,5482,4,Hungaroring,2019-08-04 15:10:00,10,Pierre Gasly,GAS,gasly,red_bull,6.0,6.0,6,+1 Lap,8.0,0 days 02:46:00,69.0,25.66,0.0,1.1938461538461538,0 days 00:00:00.878000,63.0,244.0
12,2019,Hungarian Grand Prix,1011,5482,4,Hungaroring,2019-08-04 15:10:00,7,Kimi Räikkönen,RAI,raikkonen,alfa,7.0,10.0,7,+1 Lap,6.0,0 days 02:46:00,69.0,25.66,0.0,1.1938461538461538,0 days 00:00:01.469000,31.0,32.0
12,2019,Hungarian Grand Prix,1011,5482,4,Hungaroring,2019-08-04 15:10:00,77,Valtteri Bottas,BOT,bottas,mercedes,8.0,2.0,8,+1 Lap,4.0,0 days 02:46:00,69.0,25.66,0.0,1.1938461538461538,0 days 00:00:00.018000,188.0,438.0
12,2019,Hungarian Grand Prix,1011,5482,4,Hungaroring,2019-08-04 15:10:00,4,Lando Norris,NOR,norris,mclaren,9.0,7.0,9,+1 Lap,2.0,0 days 02:46:00,69.0,25.66,0.0,1.1938461538461538,0 days 00:00:01.228000,24.0,82.0
12,2019,Hungarian Grand Prix,1011,5482,4,Hungaroring,2019-08-04 15:10:00,23,Alexander Albon,ALB,albon,toro_rosso,10.0,12.0,10,+1 Lap,1.0,0 days 02:46:00,69.0,25.66,0.0,1.1938461538461538,0 days 00:00:02.115000,16.0,43.0
12,2019,Hungarian Grand Prix,1011,5482,4,Hungaroring,2019-08-04 15:10:00,11,Sergio Perez,PER,perez,racing_point,11.0,16.0,11,+1 Lap,0.0,0 days 02:46:00,69.0,25.66,0.0,1.1938461538461538,0 days 00:00:02.537000,13.0,31.0
12,2019,Hungarian Grand Prix,1011,5482,4,Hungaroring,2019-08-04 15:10:00,27,Nico Hulkenberg,HUL,hulkenberg,renault,12.0,11.0,12,+1 Lap,0.0,0 days 02:46:00,69.0,25.66,0.0,1.1938461538461538,0 days 00:00:01.993000,17.0,39.0
12,2019,Hungarian Grand Prix,1011,5482,4,Hungaroring,2019-08-04 15:10:00,20,Kevin Magnussen,MAG,kevin_magnussen,haas,13.0,14.0,13,+1 Lap,0.0,0 days 02:46:00,69.0,25.66,0.0,1.1938461538461538,0 days 00:00:01.550000,18.0,26.0
12,2019,Hungarian Grand Prix,1011,5482,4,Hungaroring,2019-08-04 15:10:00,3,Daniel Ricciardo,RIC,ricciardo,renault,14.0,20.0,14,+1 Lap,0.0,0 days 02:46:00,69.0,25.66,0.0,1.1938461538461538,0 days 00:00:02.685000,22.0,39.0
12,2019,Hungarian Grand Prix,1011,5482,4,Hungaroring,2019-08-04 15:10:00,26,Daniil Kvyat,KVY,kvyat,toro_rosso,15.0,13.0,15,+2 Laps,0.0,0 days 02:46:00,68.0,25.66,0.0,1.1938461538461538,0 days 00:00:02.120000,27.0,43.0
12,2019,Hungarian Grand Prix,1011,5482,4,Hungaroring,2019-08-04 15:10:00,63,George Russell,RUS,russell,williams,16.0,15.0,16,+2 Laps,0.0,0 days 02:46:00,68.0,25.66,0.0,1.1938461538461538,0 days 00:00:02.459000,0.0,1.0
12,2019,Hungarian Grand Prix,1011,5482,4,Hungaroring,2019-08-04 15:10:00,18,Lance Stroll,STR,stroll,racing_point,17.0,18.0,17,+2 Laps,0.0,0 days 02:46:00,68.0,25.66,0.0,1.1938461538461538,0 days 00:00:02.970000,18.0,31.0
12,2019,Hungarian Grand Prix,1011,5482,4,Hungaroring,2019-08-04 15:10:00,99,Antonio Giovinazzi,GIO,giovinazzi,alfa,18.0,17.0,18,+2 Laps,0.0,0 days 02:46:00,68.0,25.66,0.0,1.1938461538461538,0 days 00:00:02.232000,1.0,32.0
12,2019,Hungarian Grand Prix,1011,5482,4,Hungaroring,2019-08-04 15:10:00,88,Robert Kubica,KUB,kubica,williams,19.0,19.0,19,+3 Laps,0.0,0 days 02:46:00,67.0,25.66,0.0,1.1938461538461538,0 days 00:00:03.752000,1.0,1.0
12,2019,Hungarian Grand Prix,1011,5482,4,Hungaroring,2019-08-04 15:10:00,8,Romain Grosjean,GRO,grosjean,haas,20.0,9.0,R,Water pressure,0.0,0 days 02:46:00,49.0,25.66,0.0,1.1938461538461538,0 days 00:00:01.441000,8.0,26.0
13,2019,Belgian Grand Prix,1012,5490,7,Spa-Francorchamps,2019-09-01 15:10:00,16,Charles Leclerc,LEC,leclerc,ferrari,1.0,1.0,1,Finished,25.0,0 days 01:23:45.710000,44.0,17.4,0.0,2.0358333333333336,0 days 00:00:00,157.0,326.0
13,2019,Belgian Grand Prix,1012,5490,7,Spa-Francorchamps,2019-09-01 15:10:00,44,Lewis Hamilton,HAM,hamilton,mercedes,2.0,3.0,2,Finished,18.0,0 days 00:00:00.981000,44.0,17.4,0.0,2.0358333333333336,0 days 00:00:00.763000,268.0,471.0
13,2019,Belgian Grand Prix,1012,5490,7,Spa-Francorchamps,2019-09-01 15:10:00,77,Valtteri Bottas,BOT,bottas,mercedes,3.0,4.0,3,Finished,15.0,0 days 00:00:12.585000,44.0,17.4,0.0,2.0358333333333336,0 days 00:00:00.896000,203.0,471.0
13,2019,Belgian Grand Prix,1012,5490,7,Spa-Francorchamps,2019-09-01 15:10:00,5,Sebastian Vettel,VET,vettel,ferrari,4.0,2.0,4,Finished,13.0,0 days 00:00:26.422000,44.0,17.4,0.0,2.0358333333333336,0 days 00:00:00.518000,169.0,326.0
13,2019,Belgian Grand Prix,1012,5490,7,Spa-Francorchamps,2019-09-01 15:10:00,23,Alexander Albon,ALB,albon,red_bull,5.0,17.0,5,Finished,10.0,0 days 00:01:21.325000,44.0,17.4,0.0,2.0358333333333336,0 days 00:00:03.009000,26.0,254.0
13,2019,Belgian Grand Prix,1012,5490,7,Spa-Francorchamps,2019-09-01 15:10:00,11,Sergio Perez,PER,perez,racing_point,6.0,7.0,6,Finished,8.0,0 days 00:01:24.448000,44.0,17.4,0.0,2.0358333333333336,0 days 00:00:02.187000,21.0,40.0
13,2019,Belgian Grand Prix,1012,5490,7,Spa-Francorchamps,2019-09-01 15:10:00,26,Daniil Kvyat,KVY,kvyat,toro_rosso,7.0,19.0,7,Finished,6.0,0 days 00:01:29.657000,44.0,17.4,0.0,2.0358333333333336,0 days 00:00:03.999000,33.0,51.0
13,2019,Belgian Grand Prix,1012,5490,7,Spa-Francorchamps,2019-09-01 15:10:00,27,Nico Hulkenberg,HUL,hulkenberg,renault,8.0,12.0,8,Finished,4.0,0 days 00:01:46.639000,44.0,17.4,0.0,2.0358333333333336,0 days 00:00:02.023000,21.0,43.0
13,2019,Belgian Grand Prix,1012,5490,7,Spa-Francorchamps,2019-09-01 15:10:00,10,Pierre Gasly,GAS,gasly,toro_rosso,9.0,13.0,9,Finished,2.0,0 days 00:01:49.168000,44.0,17.4,0.0,2.0358333333333336,0 days 00:00:03.916000,65.0,51.0
13,2019,Belgian Grand Prix,1012,5490,7,Spa-Francorchamps,2019-09-01 15:10:00,18,Lance Stroll,STR,stroll,racing_point,10.0,16.0,10,Finished,1.0,0 days 00:01:49.838000,44.0,17.4,0.0,2.0358333333333336,0 days 00:00:02.528000,19.0,40.0
13,2019,Belgian Grand Prix,1012,5490,7,Spa-Francorchamps,2019-09-01 15:10:00,4,Lando Norris,NOR,norris,mclaren,11.0,11.0,11,Engine,0.0,0 days 02:46:00,43.0,17.4,0.0,2.0358333333333336,0 days 00:00:02.328000,24.0,82.0
13,2019,Belgian Grand Prix,1012,5490,7,Spa-Francorchamps,2019-09-01 15:10:00,20,Kevin Magnussen,MAG,kevin_magnussen,haas,12.0,8.0,12,+1 Lap,0.0,0 days 02:46:00,43.0,17.4,0.0,2.0358333333333336,0 days 00:00:02.219000,18.0,26.0
13,2019,Belgian Grand Prix,1012,5490,7,Spa-Francorchamps,2019-09-01 15:10:00,8,Romain Grosjean,GRO,grosjean,haas,13.0,9.0,13,+1 Lap,0.0,0 days 02:46:00,43.0,17.4,0.0,2.0358333333333336,0 days 00:00:02.278000,8.0,26.0
13,2019,Belgian Grand Prix,1012,5490,7,Spa-Francorchamps,2019-09-01 15:10:00,3,Daniel Ricciardo,RIC,ricciardo,renault,14.0,10.0,14,+1 Lap,0.0,0 days 02:46:00,43.0,17.4,0.0,2.0358333333333336,0 days 00:00:01.584000,22.0,43.0
13,2019,Belgian Grand Prix,1012,5490,7,Spa-Francorchamps,2019-09-01 15:10:00,63,George Russell,RUS,russell,williams,15.0,14.0,15,+1 Lap,0.0,0 days 02:46:00,43.0,17.4,0.0,2.0358333333333336,0 days 00:00:05.029000,0.0,1.0
13,2019,Belgian Grand Prix,1012,5490,7,Spa-Francorchamps,2019-09-01 15:10:00,7,Kimi Räikkönen,RAI,raikkonen,alfa,16.0,6.0,16,+1 Lap,0.0,0 days 02:46:00,43.0,17.4,0.0,2.0358333333333336,0 days 00:00:01.621000,31.0,32.0
13,2019,Belgian Grand Prix,1012,5490,7,Spa-Francorchamps,2019-09-01 15:10:00,88,Robert Kubica,KUB,kubica,williams,17.0,0.0,17,+1 Lap,0.0,0 days 02:46:00,43.0,17.4,0.0,2.0358333333333336,0 days 02:46:00,1.0,1.0
13,2019,Belgian Grand Prix,1012,5490,7,Spa-Francorchamps,2019-09-01 15:10:00,99,Antonio Giovinazzi,GIO,giovinazzi,alfa,18.0,18.0,18,Accident,0.0,0 days 02:46:00,42.0,17.4,0.0,2.0358333333333336,0 days 00:00:03.118000,1.0,32.0
13,2019,Belgian Grand Prix,1012,5490,7,Spa-Francorchamps,2019-09-01 15:10:00,55,Carlos Sainz,SAI,sainz,mclaren,19.0,15.0,R,Power loss,0.0,0 days 02:46:00,1.0,17.4,0.0,2.0358333333333336,0 days 00:00:03.988000,58.0,82.0
13,2019,Belgian Grand Prix,1012,5490,7,Spa-Francorchamps,2019-09-01 15:10:00,33,Max Verstappen,VER,max_verstappen,red_bull,20.0,5.0,R,Accident,0.0,0 days 02:46:00,0.0,17.4,0.0,2.0358333333333336,0 days 00:00:01.171000,181.0,254.0
14,2019,Italian Grand Prix,1013,5498,39,Monza,2019-09-08 15:10:00,16,Charles Leclerc,LEC,leclerc,ferrari,1.0,1.0,1,Finished,25.0,0 days 01:15:26.665000,53.0,21.0972972972973,0.0,1.5666666666666669,0 days 00:00:00,182.0,351.0
14,2019,Italian Grand Prix,1013,5498,39,Monza,2019-09-08 15:10:00,77,Valtteri Bottas,BOT,bottas,mercedes,2.0,3.0,2,Finished,18.0,0 days 00:00:00.835000,53.0,21.0972972972973,0.0,1.5666666666666669,0 days 00:00:00.047000,221.0,505.0
14,2019,Italian Grand Prix,1013,5498,39,Monza,2019-09-08 15:10:00,44,Lewis Hamilton,HAM,hamilton,mercedes,3.0,2.0,3,Finished,16.0,0 days 00:00:35.199000,53.0,21.0972972972973,0.0,1.5666666666666669,0 days 00:00:00.039000,284.0,505.0
14,2019,Italian Grand Prix,1013,5498,39,Monza,2019-09-08 15:10:00,3,Daniel Ricciardo,RIC,ricciardo,renault,4.0,5.0,4,Finished,12.0,0 days 00:00:45.515000,53.0,21.0972972972973,0.0,1.5666666666666669,0 days 00:00:00.526000,34.0,65.0
14,2019,Italian Grand Prix,1013,5498,39,Monza,2019-09-08 15:10:00,27,Nico Hulkenberg,HUL,hulkenberg,renault,5.0,6.0,5,Finished,10.0,0 days 00:00:58.165000,53.0,21.0972972972973,0.0,1.5666666666666669,0 days 00:00:00.742000,31.0,65.0
14,2019,Italian Grand Prix,1013,5498,39,Monza,2019-09-08 15:10:00,23,Alexander Albon,ALB,albon,red_bull,6.0,8.0,6,Finished,8.0,0 days 00:00:59.315000,53.0,21.0972972972973,0.0,1.5666666666666669,0 days 00:00:00.714000,34.0,266.0
14,2019,Italian Grand Prix,1013,5498,39,Monza,2019-09-08 15:10:00,11,Sergio Perez,PER,perez,racing_point,7.0,18.0,7,Finished,6.0,0 days 00:01:13.802000,53.0,21.0972972972973,0.0,1.5666666666666669,0 days 00:00:01.984000,27.0,46.0
14,2019,Italian Grand Prix,1013,5498,39,Monza,2019-09-08 15:10:00,33,Max Verstappen,VER,max_verstappen,red_bull,8.0,19.0,8,Finished,4.0,0 days 00:01:14.492000,53.0,21.0972972972973,0.0,1.5666666666666669,0 days 02:46:00,185.0,266.0
14,2019,Italian Grand Prix,1013,5498,39,Monza,2019-09-08 15:10:00,99,Antonio Giovinazzi,GIO,giovinazzi,alfa,9.0,10.0,9,+1 Lap,2.0,0 days 02:46:00,52.0,21.0972972972973,0.0,1.5666666666666669,0 days 00:00:01.210000,3.0,34.0
14,2019,Italian Grand Prix,1013,5498,39,Monza,2019-09-08 15:10:00,4,Lando Norris,NOR,norris,mclaren,10.0,16.0,10,+1 Lap,1.0,0 days 02:46:00,52.0,21.0972972972973,0.0,1.5666666666666669,0 days 00:00:01.339000,25.0,83.0
14,2019,Italian Grand Prix,1013,5498,39,Monza,2019-09-08 15:10:00,10,Pierre Gasly,GAS,gasly,toro_rosso,11.0,17.0,11,+1 Lap,0.0,0 days 02:46:00,52.0,21.0972972972973,0.0,1.5666666666666669,0 days 00:00:01.201000,65.0,51.0
14,2019,Italian Grand Prix,1013,5498,39,Monza,2019-09-08 15:10:00,18,Lance Stroll,STR,stroll,racing_point,12.0,9.0,12,+1 Lap,0.0,0 days 02:46:00,52.0,21.0972972972973,0.0,1.5666666666666669,0 days 00:00:01.191000,19.0,46.0
14,2019,Italian Grand Prix,1013,5498,39,Monza,2019-09-08 15:10:00,5,Sebastian Vettel,VET,vettel,ferrari,13.0,4.0,13,+1 Lap,0.0,0 days 02:46:00,52.0,21.0972972972973,0.0,1.5666666666666669,0 days 00:00:00.150000,169.0,351.0
14,2019,Italian Grand Prix,1013,5498,39,Monza,2019-09-08 15:10:00,63,George Russell,RUS,russell,williams,14.0,14.0,14,+1 Lap,0.0,0 days 02:46:00,52.0,21.0972972972973,0.0,1.5666666666666669,0 days 00:00:02.493000,0.0,1.0
14,2019,Italian Grand Prix,1013,5498,39,Monza,2019-09-08 15:10:00,7,Kimi Räikkönen,RAI,raikkonen,alfa,15.0,0.0,15,+1 Lap,0.0,0 days 02:46:00,52.0,21.0972972972973,0.0,1.5666666666666669,0 days 00:00:01.208000,31.0,34.0
14,2019,Italian Grand Prix,1013,5498,39,Monza,2019-09-08 15:10:00,8,Romain Grosjean,GRO,grosjean,haas,16.0,13.0,16,+1 Lap,0.0,0 days 02:46:00,52.0,21.0972972972973,0.0,1.5666666666666669,0 days 00:00:01.477000,8.0,26.0
14,2019,Italian Grand Prix,1013,5498,39,Monza,2019-09-08 15:10:00,88,Robert Kubica,KUB,kubica,williams,17.0,15.0,17,+2 Laps,0.0,0 days 02:46:00,51.0,21.0972972972973,0.0,1.5666666666666669,0 days 00:00:03.049000,1.0,1.0
14,2019,Italian Grand Prix,1013,5498,39,Monza,2019-09-08 15:10:00,20,Kevin Magnussen,MAG,kevin_magnussen,haas,18.0,11.0,R,Hydraulics,0.0,0 days 02:46:00,43.0,21.0972972972973,0.0,1.5666666666666669,0 days 00:00:01.308000,18.0,26.0
14,2019,Italian Grand Prix,1013,5498,39,Monza,2019-09-08 15:10:00,26,Daniil Kvyat,KVY,kvyat,toro_rosso,19.0,12.0,R,Engine,0.0,0 days 02:46:00,29.0,21.0972972972973,0.0,1.5666666666666669,0 days 00:00:01.323000,33.0,51.0
14,2019,Italian Grand Prix,1013,5498,39,Monza,2019-09-08 15:10:00,55,Carlos Sainz,SAI,sainz,mclaren,20.0,7.0,R,Wheel,0.0,0 days 02:46:00,27.0,21.0972972972973,0.0,1.5666666666666669,0 days 00:00:00.895000,58.0,83.0
15,2019,Singapore Grand Prix,1014,5506,61,Singapore,2019-09-22 20:10:00,5,Sebastian Vettel,VET,vettel,ferrari,1.0,3.0,1,Finished,25.0,0 days 01:58:33.667000,61.0,29.965161290322584,0.0,1.8574193548387097,0 days 00:00:00.220000,194.0,394.0
15,2019,Singapore Grand Prix,1014,5506,61,Singapore,2019-09-22 20:10:00,16,Charles Leclerc,LEC,leclerc,ferrari,2.0,1.0,2,Finished,18.0,0 days 00:00:02.641000,61.0,29.965161290322584,0.0,1.8574193548387097,0 days 00:00:00,200.0,394.0
15,2019,Singapore Grand Prix,1014,5506,61,Singapore,2019-09-22 20:10:00,33,Max Verstappen,VER,max_verstappen,red_bull,3.0,4.0,3,Finished,15.0,0 days 00:00:03.821000,61.0,29.965161290322584,0.0,1.8574193548387097,0 days 00:00:00.596000,200.0,289.0
15,2019,Singapore Grand Prix,1014,5506,61,Singapore,2019-09-22 20:10:00,44,Lewis Hamilton,HAM,hamilton,mercedes,4.0,2.0,4,Finished,12.0,0 days 00:00:04.608000,61.0,29.965161290322584,0.0,1.8574193548387097,0 days 00:00:00.191000,296.0,527.0
15,2019,Singapore Grand Prix,1014,5506,61,Singapore,2019-09-22 20:10:00,77,Valtteri Bottas,BOT,bottas,mercedes,5.0,5.0,5,Finished,10.0,0 days 00:00:06.119000,61.0,29.965161290322584,0.0,1.8574193548387097,0 days 00:00:00.925000,231.0,527.0
15,2019,Singapore Grand Prix,1014,5506,61,Singapore,2019-09-22 20:10:00,23,Alexander Albon,ALB,albon,red_bull,6.0,6.0,6,Finished,8.0,0 days 00:00:11.663000,61.0,29.965161290322584,0.0,1.8574193548387097,0 days 00:00:01.194000,42.0,289.0
15,2019,Singapore Grand Prix,1014,5506,61,Singapore,2019-09-22 20:10:00,4,Lando Norris,NOR,norris,mclaren,7.0,9.0,7,Finished,6.0,0 days 00:00:14.769000,61.0,29.965161290322584,0.0,1.8574193548387097,0 days 00:00:01.355000,31.0,89.0
15,2019,Singapore Grand Prix,1014,5506,61,Singapore,2019-09-22 20:10:00,10,Pierre Gasly,GAS,gasly,toro_rosso,8.0,11.0,8,Finished,4.0,0 days 00:00:15.547000,61.0,29.965161290322584,0.0,1.8574193548387097,0 days 00:00:02.482000,69.0,55.0
15,2019,Singapore Grand Prix,1014,5506,61,Singapore,2019-09-22 20:10:00,27,Nico Hulkenberg,HUL,hulkenberg,renault,9.0,8.0,9,Finished,2.0,0 days 00:00:16.718000,61.0,29.965161290322584,0.0,1.8574193548387097,0 days 00:00:02.047000,33.0,67.0
15,2019,Singapore Grand Prix,1014,5506,61,Singapore,2019-09-22 20:10:00,99,Antonio Giovinazzi,GIO,giovinazzi,alfa,10.0,10.0,10,Finished,1.0,0 days 00:00:27.855000,61.0,29.965161290322584,0.0,1.8574193548387097,0 days 00:00:02.480000,4.0,35.0
15,2019,Singapore Grand Prix,1014,5506,61,Singapore,2019-09-22 20:10:00,8,Romain Grosjean,GRO,grosjean,haas,11.0,17.0,11,Finished,0.0,0 days 00:00:35.436000,61.0,29.965161290322584,0.0,1.8574193548387097,0 days 00:00:04.060000,8.0,26.0
15,2019,Singapore Grand Prix,1014,5506,61,Singapore,2019-09-22 20:10:00,55,Carlos Sainz,SAI,sainz,mclaren,12.0,7.0,12,Finished,0.0,0 days 00:00:35.974000,61.0,29.965161290322584,0.0,1.8574193548387097,0 days 00:00:01.601000,58.0,89.0
15,2019,Singapore Grand Prix,1014,5506,61,Singapore,2019-09-22 20:10:00,18,Lance Stroll,STR,stroll,racing_point,13.0,16.0,13,Finished,0.0,0 days 00:00:36.419000,61.0,29.965161290322584,0.0,1.8574193548387097,0 days 00:00:03.762000,19.0,46.0
15,2019,Singapore Grand Prix,1014,5506,61,Singapore,2019-09-22 20:10:00,3,Daniel Ricciardo,RIC,ricciardo,renault,14.0,20.0,14,Finished,0.0,0 days 00:00:37.660000,61.0,29.965161290322584,0.0,1.8574193548387097,0 days 02:46:00,34.0,67.0
15,2019,Singapore Grand Prix,1014,5506,61,Singapore,2019-09-22 20:10:00,26,Daniil Kvyat,KVY,kvyat,toro_rosso,15.0,14.0,15,Finished,0.0,0 days 00:00:38.178000,61.0,29.965161290322584,0.0,1.8574193548387097,0 days 00:00:03.740000,33.0,55.0
15,2019,Singapore Grand Prix,1014,5506,61,Singapore,2019-09-22 20:10:00,88,Robert Kubica,KUB,kubica,williams,16.0,19.0,16,Finished,0.0,0 days 00:00:47.024000,61.0,29.965161290322584,0.0,1.8574193548387097,0 days 00:00:04.969000,1.0,1.0
15,2019,Singapore Grand Prix,1014,5506,61,Singapore,2019-09-22 20:10:00,20,Kevin Magnussen,MAG,kevin_magnussen,haas,17.0,13.0,17,Finished,0.0,0 days 00:01:26.522000,61.0,29.965161290322584,0.0,1.8574193548387097,0 days 00:00:03.433000,18.0,26.0
15,2019,Singapore Grand Prix,1014,5506,61,Singapore,2019-09-22 20:10:00,7,Kimi Räikkönen,RAI,raikkonen,alfa,18.0,12.0,R,Collision,0.0,0 days 02:46:00,49.0,29.965161290322584,0.0,1.8574193548387097,0 days 00:00:02.641000,31.0,35.0
15,2019,Singapore Grand Prix,1014,5506,61,Singapore,2019-09-22 20:10:00,11,Sergio Perez,PER,perez,racing_point,19.0,15.0,R,Engine,0.0,0 days 02:46:00,42.0,29.965161290322584,0.0,1.8574193548387097,0 days 00:00:02.303000,27.0,46.0
15,2019,Singapore Grand Prix,1014,5506,61,Singapore,2019-09-22 20:10:00,63,George Russell,RUS,russell,williams,20.0,18.0,R,Collision,0.0,0 days 02:46:00,34.0,29.965161290322584,0.0,1.8574193548387097,0 days 00:00:04.650000,0.0,1.0
16,2019,Russian Grand Prix,1015,5514,79,Sochi,2019-09-29 14:10:00,44,Lewis Hamilton,HAM,hamilton,mercedes,1.0,2.0,1,Finished,26.0,0 days 01:33:38.992000,53.0,22.029770992366412,0.0076335877862595,1.8740458015267176,0 days 00:00:00.402000,322.0,571.0
16,2019,Russian Grand Prix,1015,5514,79,Sochi,2019-09-29 14:10:00,77,Valtteri Bottas,BOT,bottas,mercedes,2.0,4.0,2,Finished,18.0,0 days 00:00:03.829000,53.0,22.029770992366412,0.0076335877862595,1.8740458015267176,0 days 00:00:01.004000,249.0,571.0
16,2019,Russian Grand Prix,1015,5514,79,Sochi,2019-09-29 14:10:00,16,Charles Leclerc,LEC,leclerc,ferrari,3.0,1.0,3,Finished,15.0,0 days 00:00:05.212000,53.0,22.029770992366412,0.0076335877862595,1.8740458015267176,0 days 00:00:00,215.0,409.0
16,2019,Russian Grand Prix,1015,5514,79,Sochi,2019-09-29 14:10:00,33,Max Verstappen,VER,max_verstappen,red_bull,4.0,9.0,4,Finished,12.0,0 days 00:00:14.210000,53.0,22.029770992366412,0.0076335877862595,1.8740458015267176,0 days 00:00:00.682000,212.0,311.0
16,2019,Russian Grand Prix,1015,5514,79,Sochi,2019-09-29 14:10:00,23,Alexander Albon,ALB,albon,red_bull,5.0,0.0,5,Finished,10.0,0 days 00:00:38.348000,53.0,22.029770992366412,0.0076335877862595,1.8740458015267176,0 days 00:00:07.569000,52.0,311.0
16,2019,Russian Grand Prix,1015,5514,79,Sochi,2019-09-29 14:10:00,55,Carlos Sainz,SAI,sainz,mclaren,6.0,5.0,6,Finished,8.0,0 days 00:00:45.889000,53.0,22.029770992366412,0.0076335877862595,1.8740458015267176,0 days 00:00:01.594000,66.0,101.0
16,2019,Russian Grand Prix,1015,5514,79,Sochi,2019-09-29 14:10:00,11,Sergio Perez,PER,perez,racing_point,7.0,11.0,7,Finished,6.0,0 days 00:00:48.728000,53.0,22.029770992366412,0.0076335877862595,1.8740458015267176,0 days 00:00:02.330000,33.0,52.0
16,2019,Russian Grand Prix,1015,5514,79,Sochi,2019-09-29 14:10:00,4,Lando Norris,NOR,norris,mclaren,8.0,7.0,8,Finished,4.0,0 days 00:00:57.749000,53.0,22.029770992366412,0.0076335877862595,1.8740458015267176,0 days 00:00:01.673000,35.0,101.0
16,2019,Russian Grand Prix,1015,5514,79,Sochi,2019-09-29 14:10:00,20,Kevin Magnussen,MAG,kevin_magnussen,haas,9.0,13.0,9,Finished,2.0,0 days 00:00:58.779000,53.0,22.029770992366412,0.0076335877862595,1.8740458015267176,0 days 00:00:02.261000,20.0,28.0
16,2019,Russian Grand Prix,1015,5514,79,Sochi,2019-09-29 14:10:00,27,Nico Hulkenberg,HUL,hulkenberg,renault,10.0,6.0,10,Finished,1.0,0 days 00:00:59.841000,53.0,22.029770992366412,0.0076335877862595,1.8740458015267176,0 days 00:00:01.661000,34.0,68.0
16,2019,Russian Grand Prix,1015,5514,79,Sochi,2019-09-29 14:10:00,18,Lance Stroll,STR,stroll,racing_point,11.0,14.0,11,Finished,0.0,0 days 00:01:00.821000,53.0,22.029770992366412,0.0076335877862595,1.8740458015267176,0 days 00:00:02.605000,19.0,52.0
16,2019,Russian Grand Prix,1015,5514,79,Sochi,2019-09-29 14:10:00,26,Daniil Kvyat,KVY,kvyat,toro_rosso,12.0,19.0,12,Finished,0.0,0 days 00:01:02.496000,53.0,22.029770992366412,0.0076335877862595,1.8740458015267176,0 days 00:00:07.916000,33.0,55.0
16,2019,Russian Grand Prix,1015,5514,79,Sochi,2019-09-29 14:10:00,7,Kimi Räikkönen,RAI,raikkonen,alfa,13.0,15.0,13,Finished,0.0,0 days 00:01:08.910000,53.0,22.029770992366412,0.0076335877862595,1.8740458015267176,0 days 00:00:03.212000,31.0,35.0
16,2019,Russian Grand Prix,1015,5514,79,Sochi,2019-09-29 14:10:00,10,Pierre Gasly,GAS,gasly,toro_rosso,14.0,16.0,14,Finished,0.0,0 days 00:01:10.076000,53.0,22.029770992366412,0.0076335877862595,1.8740458015267176,0 days 00:00:02.322000,69.0,55.0
16,2019,Russian Grand Prix,1015,5514,79,Sochi,2019-09-29 14:10:00,99,Antonio Giovinazzi,GIO,giovinazzi,alfa,15.0,12.0,15,Finished,0.0,0 days 00:01:13.346000,53.0,22.029770992366412,0.0076335877862595,1.8740458015267176,0 days 00:00:02.409000,4.0,35.0
16,2019,Russian Grand Prix,1015,5514,79,Sochi,2019-09-29 14:10:00,88,Robert Kubica,KUB,kubica,williams,16.0,18.0,R,Brakes,0.0,0 days 02:46:00,28.0,22.029770992366412,0.0076335877862595,1.8740458015267176,0 days 00:00:04.846000,1.0,1.0
16,2019,Russian Grand Prix,1015,5514,79,Sochi,2019-09-29 14:10:00,63,George Russell,RUS,russell,williams,17.0,17.0,R,Brakes,0.0,0 days 02:46:00,27.0,22.029770992366412,0.0076335877862595,1.8740458015267176,0 days 00:00:03.728000,0.0,1.0
16,2019,Russian Grand Prix,1015,5514,79,Sochi,2019-09-29 14:10:00,5,Sebastian Vettel,VET,vettel,ferrari,18.0,3.0,R,Power loss,0.0,0 days 02:46:00,26.0,22.029770992366412,0.0076335877862595,1.8740458015267176,0 days 00:00:00.425000,194.0,409.0
16,2019,Russian Grand Prix,1015,5514,79,Sochi,2019-09-29 14:10:00,3,Daniel Ricciardo,RIC,ricciardo,renault,19.0,10.0,R,Collision,0.0,0 days 02:46:00,24.0,22.029770992366412,0.0076335877862595,1.8740458015267176,0 days 00:00:02.033000,34.0,68.0
16,2019,Russian Grand Prix,1015,5514,79,Sochi,2019-09-29 14:10:00,8,Romain Grosjean,GRO,grosjean,haas,20.0,8.0,R,Collision,0.0,0 days 02:46:00,0.0,22.029770992366412,0.0076335877862595,1.8740458015267176,0 days 00:00:01.889000,8.0,28.0
17,2019,Japanese Grand Prix,1016,5522,46,Suzuka,2019-10-13 14:10:00,77,Valtteri Bottas,BOT,bottas,mercedes,1.0,3.0,1,Finished,25.0,0 days 01:21:46.755000,52.0,21.61935483870968,0.0,5.468548387096774,0 days 00:00:00.229000,274.0,612.0
17,2019,Japanese Grand Prix,1016,5522,46,Suzuka,2019-10-13 14:10:00,5,Sebastian Vettel,VET,vettel,ferrari,2.0,1.0,2,Finished,18.0,0 days 00:00:13.343000,52.0,21.61935483870968,0.0,5.468548387096774,0 days 00:00:00,212.0,435.0
17,2019,Japanese Grand Prix,1016,5522,46,Suzuka,2019-10-13 14:10:00,44,Lewis Hamilton,HAM,hamilton,mercedes,3.0,4.0,3,Finished,16.0,0 days 00:00:13.858000,52.0,21.61935483870968,0.0,5.468548387096774,0 days 00:00:00.238000,338.0,612.0
17,2019,Japanese Grand Prix,1016,5522,46,Suzuka,2019-10-13 14:10:00,23,Alexander Albon,ALB,albon,red_bull,4.0,6.0,4,Finished,12.0,0 days 00:00:59.537000,52.0,21.61935483870968,0.0,5.468548387096774,0 days 00:00:00.787000,64.0,323.0
17,2019,Japanese Grand Prix,1016,5522,46,Suzuka,2019-10-13 14:10:00,55,Carlos Sainz,SAI,sainz,mclaren,5.0,7.0,5,Finished,10.0,0 days 00:01:09.101000,52.0,21.61935483870968,0.0,5.468548387096774,0 days 00:00:01.240000,76.0,111.0
17,2019,Japanese Grand Prix,1016,5522,46,Suzuka,2019-10-13 14:10:00,16,Charles Leclerc,LEC,leclerc,ferrari,6.0,2.0,6,+1 Lap,8.0,0 days 02:46:00,51.0,21.61935483870968,0.0,5.468548387096774,0 days 00:00:00.189000,223.0,435.0
17,2019,Japanese Grand Prix,1016,5522,46,Suzuka,2019-10-13 14:10:00,10,Pierre Gasly,GAS,gasly,toro_rosso,7.0,9.0,7,+1 Lap,6.0,0 days 02:46:00,51.0,21.61935483870968,0.0,5.468548387096774,0 days 00:00:01.715000,75.0,62.0
17,2019,Japanese Grand Prix,1016,5522,46,Suzuka,2019-10-13 14:10:00,11,Sergio Perez,PER,perez,racing_point,8.0,17.0,8,+1 Lap,4.0,0 days 02:46:00,51.0,21.61935483870968,0.0,5.468548387096774,0 days 00:00:03.280000,37.0,58.0
17,2019,Japanese Grand Prix,1016,5522,46,Suzuka,2019-10-13 14:10:00,18,Lance Stroll,STR,stroll,racing_point,9.0,12.0,9,+1 Lap,2.0,0 days 02:46:00,51.0,21.61935483870968,0.0,5.468548387096774,0 days 00:00:02.281000,21.0,58.0
17,2019,Japanese Grand Prix,1016,5522,46,Suzuka,2019-10-13 14:10:00,26,Daniil Kvyat,KVY,kvyat,toro_rosso,10.0,14.0,10,+1 Lap,1.0,0 days 02:46:00,51.0,21.61935483870968,0.0,5.468548387096774,0 days 00:00:02.499000,34.0,62.0
17,2019,Japanese Grand Prix,1016,5522,46,Suzuka,2019-10-13 14:10:00,4,Lando Norris,NOR,norris,mclaren,11.0,8.0,11,+1 Lap,0.0,0 days 02:46:00,51.0,21.61935483870968,0.0,5.468548387096774,0 days 00:00:01.400000,35.0,111.0
17,2019,Japanese Grand Prix,1016,5522,46,Suzuka,2019-10-13 14:10:00,7,Kimi Räikkönen,RAI,raikkonen,alfa,12.0,13.0,12,+1 Lap,0.0,0 days 02:46:00,51.0,21.61935483870968,0.0,5.468548387096774,0 days 00:00:02.294000,31.0,35.0
17,2019,Japanese Grand Prix,1016,5522,46,Suzuka,2019-10-13 14:10:00,8,Romain Grosjean,GRO,grosjean,haas,13.0,10.0,13,+1 Lap,0.0,0 days 02:46:00,51.0,21.61935483870968,0.0,5.468548387096774,0 days 00:00:02.080000,8.0,28.0
17,2019,Japanese Grand Prix,1016,5522,46,Suzuka,2019-10-13 14:10:00,99,Antonio Giovinazzi,GIO,giovinazzi,alfa,14.0,11.0,14,+1 Lap,0.0,0 days 02:46:00,51.0,21.61935483870968,0.0,5.468548387096774,0 days 00:00:02.190000,4.0,35.0
17,2019,Japanese Grand Prix,1016,5522,46,Suzuka,2019-10-13 14:10:00,20,Kevin Magnussen,MAG,kevin_magnussen,haas,15.0,19.0,15,+1 Lap,0.0,0 days 02:46:00,51.0,21.61935483870968,0.0,5.468548387096774,0 days 02:46:00,20.0,28.0
17,2019,Japanese Grand Prix,1016,5522,46,Suzuka,2019-10-13 14:10:00,63,George Russell,RUS,russell,williams,16.0,18.0,16,+2 Laps,0.0,0 days 02:46:00,50.0,21.61935483870968,0.0,5.468548387096774,0 days 00:00:03.300000,0.0,1.0
17,2019,Japanese Grand Prix,1016,5522,46,Suzuka,2019-10-13 14:10:00,88,Robert Kubica,KUB,kubica,williams,17.0,0.0,17,+2 Laps,0.0,0 days 02:46:00,50.0,21.61935483870968,0.0,5.468548387096774,0 days 02:46:00,1.0,1.0
17,2019,Japanese Grand Prix,1016,5522,46,Suzuka,2019-10-13 14:10:00,33,Max Verstappen,VER,max_verstappen,red_bull,18.0,5.0,R,Brakes,0.0,0 days 02:46:00,14.0,21.61935483870968,0.0,5.468548387096774,0 days 00:00:00.787000,212.0,323.0
17,2019,Japanese Grand Prix,1016,5522,46,Suzuka,2019-10-13 14:10:00,3,Daniel Ricciardo,RIC,ricciardo,renault,19.0,16.0,D,Disqualified,0.0,0 days 02:46:00,51.0,21.61935483870968,0.0,5.468548387096774,0 days 00:00:02.758000,34.0,68.0
17,2019,Japanese Grand Prix,1016,5522,46,Suzuka,2019-10-13 14:10:00,27,Nico Hulkenberg,HUL,hulkenberg,renault,20.0,15.0,D,Disqualified,0.0,0 days 02:46:00,51.0,21.61935483870968,0.0,5.468548387096774,0 days 00:00:02.555000,34.0,68.0
18,2019,Mexican Grand Prix,1017,5538,65,Mexico City,2019-10-27 13:10:00,44,Lewis Hamilton,HAM,hamilton,mercedes,1.0,3.0,1,Finished,25.0,0 days 01:36:48.904000,71.0,23.203030303030303,0.0,1.3265151515151514,0 days 00:00:00.504000,363.0,652.0
18,2019,Mexican Grand Prix,1017,5538,65,Mexico City,2019-10-27 13:10:00,5,Sebastian Vettel,VET,vettel,ferrari,2.0,2.0,2,Finished,18.0,0 days 00:00:01.766000,71.0,23.203030303030303,0.0,1.3265151515151514,0 days 00:00:00.412000,230.0,466.0
18,2019,Mexican Grand Prix,1017,5538,65,Mexico City,2019-10-27 13:10:00,77,Valtteri Bottas,BOT,bottas,mercedes,3.0,6.0,3,Finished,15.0,0 days 00:00:03.553000,71.0,23.203030303030303,0.0,1.3265151515151514,0 days 00:00:00.580000,289.0,652.0
18,2019,Mexican Grand Prix,1017,5538,65,Mexico City,2019-10-27 13:10:00,16,Charles Leclerc,LEC,leclerc,ferrari,4.0,1.0,4,Finished,13.0,0 days 00:00:06.368000,71.0,23.203030303030303,0.0,1.3265151515151514,0 days 00:00:00.266000,236.0,466.0
18,2019,Mexican Grand Prix,1017,5538,65,Mexico City,2019-10-27 13:10:00,23,Alexander Albon,ALB,albon,red_bull,5.0,5.0,5,Finished,10.0,0 days 00:00:21.399000,71.0,23.203030303030303,0.0,1.3265151515151514,0 days 00:00:00.578000,74.0,341.0
18,2019,Mexican Grand Prix,1017,5538,65,Mexico City,2019-10-27 13:10:00,33,Max Verstappen,VER,max_verstappen,red_bull,6.0,4.0,6,Finished,8.0,0 days 00:01:08.807000,71.0,23.203030303030303,0.0,1.3265151515151514,0 days 00:00:00,220.0,341.0
18,2019,Mexican Grand Prix,1017,5538,65,Mexico City,2019-10-27 13:10:00,11,Sergio Perez,PER,perez,racing_point,7.0,11.0,7,Finished,6.0,0 days 00:01:13.819000,71.0,23.203030303030303,0.0,1.3265151515151514,0 days 00:00:01.929000,43.0,64.0
18,2019,Mexican Grand Prix,1017,5538,65,Mexico City,2019-10-27 13:10:00,3,Daniel Ricciardo,RIC,ricciardo,renault,8.0,13.0,8,Finished,4.0,0 days 00:01:14.924000,71.0,23.203030303030303,0.0,1.3265151515151514,0 days 00:00:02.175000,38.0,73.0
18,2019,Mexican Grand Prix,1017,5538,65,Mexico City,2019-10-27 13:10:00,10,Pierre Gasly,GAS,gasly,toro_rosso,9.0,10.0,9,+1 Lap,2.0,0 days 02:46:00,70.0,23.203030303030303,0.0,1.3265151515151514,0 days 00:00:01.828000,77.0,64.0
18,2019,Mexican Grand Prix,1017,5538,65,Mexico City,2019-10-27 13:10:00,27,Nico Hulkenberg,HUL,hulkenberg,renault,10.0,12.0,10,+1 Lap,1.0,0 days 02:46:00,70.0,23.203030303030303,0.0,1.3265151515151514,0 days 00:00:02.127000,35.0,73.0
18,2019,Mexican Grand Prix,1017,5538,65,Mexico City,2019-10-27 13:10:00,26,Daniil Kvyat,KVY,kvyat,toro_rosso,11.0,9.0,11,+1 Lap,0.0,0 days 02:46:00,70.0,23.203030303030303,0.0,1.3265151515151514,0 days 00:00:01.711000,34.0,64.0
18,2019,Mexican Grand Prix,1017,5538,65,Mexico City,2019-10-27 13:10:00,18,Lance Stroll,STR,stroll,racing_point,12.0,16.0,12,+1 Lap,0.0,0 days 02:46:00,70.0,23.203030303030303,0.0,1.3265151515151514,0 days 00:00:03.307000,21.0,64.0
18,2019,Mexican Grand Prix,1017,5538,65,Mexico City,2019-10-27 13:10:00,55,Carlos Sainz,SAI,sainz,mclaren,13.0,7.0,13,+1 Lap,0.0,0 days 02:46:00,70.0,23.203030303030303,0.0,1.3265151515151514,0 days 00:00:01.256000,76.0,111.0
18,2019,Mexican Grand Prix,1017,5538,65,Mexico City,2019-10-27 13:10:00,99,Antonio Giovinazzi,GIO,giovinazzi,alfa,14.0,15.0,14,+1 Lap,0.0,0 days 02:46:00,70.0,23.203030303030303,0.0,1.3265151515151514,0 days 00:00:02.511000,4.0,35.0
18,2019,Mexican Grand Prix,1017,5538,65,Mexico City,2019-10-27 13:10:00,20,Kevin Magnussen,MAG,kevin_magnussen,haas,15.0,17.0,15,+2 Laps,0.0,0 days 02:46:00,69.0,23.203030303030303,0.0,1.3265151515151514,0 days 00:00:03.678000,20.0,28.0
18,2019,Mexican Grand Prix,1017,5538,65,Mexico City,2019-10-27 13:10:00,63,George Russell,RUS,russell,williams,16.0,19.0,16,+2 Laps,0.0,0 days 02:46:00,69.0,23.203030303030303,0.0,1.3265151515151514,0 days 00:00:04.065000,0.0,1.0
18,2019,Mexican Grand Prix,1017,5538,65,Mexico City,2019-10-27 13:10:00,8,Romain Grosjean,GRO,grosjean,haas,17.0,18.0,17,+2 Laps,0.0,0 days 02:46:00,69.0,23.203030303030303,0.0,1.3265151515151514,0 days 00:00:03.841000,8.0,28.0
18,2019,Mexican Grand Prix,1017,5538,65,Mexico City,2019-10-27 13:10:00,88,Robert Kubica,KUB,kubica,williams,18.0,20.0,18,+2 Laps,0.0,0 days 02:46:00,69.0,23.203030303030303,0.0,1.3265151515151514,0 days 00:00:05.421000,1.0,1.0
18,2019,Mexican Grand Prix,1017,5538,65,Mexico City,2019-10-27 13:10:00,7,Kimi Räikkönen,RAI,raikkonen,alfa,19.0,14.0,R,Overheating,0.0,0 days 02:46:00,58.0,23.203030303030303,0.0,1.3265151515151514,0 days 00:00:02.209000,31.0,35.0
18,2019,Mexican Grand Prix,1017,5538,65,Mexico City,2019-10-27 13:10:00,4,Lando Norris,NOR,norris,mclaren,20.0,8.0,W,Withdrew,0.0,0 days 02:46:00,48.0,23.203030303030303,0.0,1.3265151515151514,0 days 00:00:01.564000,35.0,111.0
19,2019,United States Grand Prix,1018,5530,9,Austin,2019-11-03 13:10:00,77,Valtteri Bottas,BOT,bottas,mercedes,1.0,1.0,1,Finished,25.0,0 days 01:33:55.653000,56.0,21.475572519083972,0.0,2.553435114503817,0 days 00:00:00,314.0,695.0
19,2019,United States Grand Prix,1018,5530,9,Austin,2019-11-03 13:10:00,44,Lewis Hamilton,HAM,hamilton,mercedes,2.0,5.0,2,Finished,18.0,0 days 00:00:04.148000,56.0,21.475572519083972,0.0,2.553435114503817,0 days 00:00:00.292000,381.0,695.0
19,2019,United States Grand Prix,1018,5530,9,Austin,2019-11-03 13:10:00,33,Max Verstappen,VER,max_verstappen,red_bull,3.0,3.0,3,Finished,15.0,0 days 00:00:05.002000,56.0,21.475572519083972,0.0,2.553435114503817,0 days 00:00:00.067000,235.0,366.0
19,2019,United States Grand Prix,1018,5530,9,Austin,2019-11-03 13:10:00,16,Charles Leclerc,LEC,leclerc,ferrari,4.0,4.0,4,Finished,13.0,0 days 00:00:52.239000,56.0,21.475572519083972,0.0,2.553435114503817,0 days 00:00:00.108000,249.0,479.0
19,2019,United States Grand Prix,1018,5530,9,Austin,2019-11-03 13:10:00,23,Alexander Albon,ALB,albon,red_bull,5.0,6.0,5,Finished,10.0,0 days 00:01:18.038000,56.0,21.475572519083972,0.0,2.553435114503817,0 days 00:00:00.519000,84.0,366.0
19,2019,United States Grand Prix,1018,5530,9,Austin,2019-11-03 13:10:00,3,Daniel Ricciardo,RIC,ricciardo,renault,6.0,9.0,6,Finished,8.0,0 days 00:01:30.366000,56.0,21.475572519083972,0.0,2.553435114503817,0 days 00:00:01.459000,46.0,83.0
19,2019,United States Grand Prix,1018,5530,9,Austin,2019-11-03 13:10:00,4,Lando Norris,NOR,norris,mclaren,7.0,8.0,7,Finished,6.0,0 days 00:01:30.764000,56.0,21.475572519083972,0.0,2.553435114503817,0 days 00:00:01.146000,41.0,121.0
19,2019,United States Grand Prix,1018,5530,9,Austin,2019-11-03 13:10:00,55,Carlos Sainz,SAI,sainz,mclaren,8.0,7.0,8,+1 Lap,4.0,0 days 02:46:00,55.0,21.475572519083972,0.0,2.553435114503817,0 days 00:00:00.818000,80.0,121.0
19,2019,United States Grand Prix,1018,5530,9,Austin,2019-11-03 13:10:00,27,Nico Hulkenberg,HUL,hulkenberg,renault,9.0,11.0,9,+1 Lap,2.0,0 days 02:46:00,55.0,21.475572519083972,0.0,2.553435114503817,0 days 00:00:01.786000,37.0,83.0
19,2019,United States Grand Prix,1018,5530,9,Austin,2019-11-03 13:10:00,11,Sergio Perez,PER,perez,racing_point,10.0,0.0,10,+1 Lap,1.0,0 days 02:46:00,55.0,21.475572519083972,0.0,2.553435114503817,0 days 00:00:03.779000,44.0,65.0
19,2019,United States Grand Prix,1018,5530,9,Austin,2019-11-03 13:10:00,7,Kimi Räikkönen,RAI,raikkonen,alfa,11.0,17.0,11,+1 Lap,0.0,0 days 02:46:00,55.0,21.475572519083972,0.0,2.553435114503817,0 days 00:00:02.340000,31.0,35.0
19,2019,United States Grand Prix,1018,5530,9,Austin,2019-11-03 13:10:00,26,Daniil Kvyat,KVY,kvyat,toro_rosso,12.0,13.0,12,+1 Lap,0.0,0 days 02:46:00,55.0,21.475572519083972,0.0,2.553435114503817,0 days 00:00:01.960000,34.0,64.0
19,2019,United States Grand Prix,1018,5530,9,Austin,2019-11-03 13:10:00,18,Lance Stroll,STR,stroll,racing_point,13.0,14.0,13,+1 Lap,0.0,0 days 02:46:00,55.0,21.475572519083972,0.0,2.553435114503817,0 days 00:00:01.892000,21.0,65.0
19,2019,United States Grand Prix,1018,5530,9,Austin,2019-11-03 13:10:00,99,Antonio Giovinazzi,GIO,giovinazzi,alfa,14.0,16.0,14,+1 Lap,0.0,0 days 02:46:00,55.0,21.475572519083972,0.0,2.553435114503817,0 days 00:00:02.197000,4.0,35.0
19,2019,United States Grand Prix,1018,5530,9,Austin,2019-11-03 13:10:00,8,Romain Grosjean,GRO,grosjean,haas,15.0,15.0,15,+1 Lap,0.0,0 days 02:46:00,55.0,21.475572519083972,0.0,2.553435114503817,0 days 00:00:02.129000,8.0,28.0
19,2019,United States Grand Prix,1018,5530,9,Austin,2019-11-03 13:10:00,10,Pierre Gasly,GAS,gasly,toro_rosso,16.0,10.0,16,Suspension,0.0,0 days 02:46:00,54.0,21.475572519083972,0.0,2.553435114503817,0 days 00:00:01.527000,77.0,64.0
19,2019,United States Grand Prix,1018,5530,9,Austin,2019-11-03 13:10:00,63,George Russell,RUS,russell,williams,17.0,18.0,17,+2 Laps,0.0,0 days 02:46:00,54.0,21.475572519083972,0.0,2.553435114503817,0 days 00:00:03.343000,0.0,1.0
19,2019,United States Grand Prix,1018,5530,9,Austin,2019-11-03 13:10:00,20,Kevin Magnussen,MAG,kevin_magnussen,haas,18.0,12.0,18,Brakes,0.0,0 days 02:46:00,52.0,21.475572519083972,0.0,2.553435114503817,0 days 00:00:01.783000,20.0,28.0
19,2019,United States Grand Prix,1018,5530,9,Austin,2019-11-03 13:10:00,88,Robert Kubica,KUB,kubica,williams,19.0,19.0,R,Oil leak,0.0,0 days 02:46:00,31.0,21.475572519083972,0.0,2.553435114503817,0 days 00:00:03.860000,1.0,1.0
19,2019,United States Grand Prix,1018,5530,9,Austin,2019-11-03 13:10:00,5,Sebastian Vettel,VET,vettel,ferrari,20.0,2.0,R,Suspension,0.0,0 days 02:46:00,7.0,21.475572519083972,0.0,2.553435114503817,0 days 00:00:00.012000,230.0,479.0
20,2019,Brazilian Grand Prix,1019,5546,14,Interlagos,2019-11-17 14:10:00,33,Max Verstappen,VER,max_verstappen,red_bull,1.0,1.0,1,Finished,25.0,0 days 01:33:14.678000,71.0,21.01679389312977,0.0,1.287786259541985,0 days 00:00:00,260.0,391.0
20,2019,Brazilian Grand Prix,1019,5546,14,Interlagos,2019-11-17 14:10:00,10,Pierre Gasly,GAS,gasly,toro_rosso,2.0,6.0,2,Finished,18.0,0 days 00:00:06.077000,71.0,21.01679389312977,0.0,1.287786259541985,0 days 00:00:01.267000,95.0,83.0
20,2019,Brazilian Grand Prix,1019,5546,14,Interlagos,2019-11-17 14:10:00,55,Carlos Sainz,SAI,sainz,mclaren,3.0,20.0,3,Finished,15.0,0 days 00:00:08.896000,71.0,21.01679389312977,0.0,1.287786259541985,0 days 02:46:00,95.0,140.0
20,2019,Brazilian Grand Prix,1019,5546,14,Interlagos,2019-11-17 14:10:00,7,Kimi Räikkönen,RAI,raikkonen,alfa,4.0,8.0,4,Finished,12.0,0 days 00:00:09.452000,71.0,21.01679389312977,0.0,1.287786259541985,0 days 00:00:01.355000,43.0,57.0
20,2019,Brazilian Grand Prix,1019,5546,14,Interlagos,2019-11-17 14:10:00,99,Antonio Giovinazzi,GIO,giovinazzi,alfa,5.0,12.0,5,Finished,10.0,0 days 00:00:10.201000,71.0,21.01679389312977,0.0,1.287786259541985,0 days 00:00:01.416000,14.0,57.0
20,2019,Brazilian Grand Prix,1019,5546,14,Interlagos,2019-11-17 14:10:00,3,Daniel Ricciardo,RIC,ricciardo,renault,6.0,11.0,6,Finished,8.0,0 days 00:00:10.541000,71.0,21.01679389312977,0.0,1.287786259541985,0 days 00:00:01.400000,54.0,91.0
20,2019,Brazilian Grand Prix,1019,5546,14,Interlagos,2019-11-17 14:10:00,44,Lewis Hamilton,HAM,hamilton,mercedes,7.0,3.0,7,Finished,6.0,0 days 00:00:11.139000,71.0,21.01679389312977,0.0,1.287786259541985,0 days 00:00:00.196000,387.0,701.0
20,2019,Brazilian Grand Prix,1019,5546,14,Interlagos,2019-11-17 14:10:00,4,Lando Norris,NOR,norris,mclaren,8.0,10.0,8,Finished,4.0,0 days 00:00:11.204000,71.0,21.01679389312977,0.0,1.287786259541985,0 days 00:00:01.365000,45.0,140.0
20,2019,Brazilian Grand Prix,1019,5546,14,Interlagos,2019-11-17 14:10:00,11,Sergio Perez,PER,perez,racing_point,9.0,15.0,9,Finished,2.0,0 days 00:00:11.529000,71.0,21.01679389312977,0.0,1.287786259541985,0 days 00:00:01.532000,46.0,67.0
20,2019,Brazilian Grand Prix,1019,5546,14,Interlagos,2019-11-17 14:10:00,26,Daniil Kvyat,KVY,kvyat,toro_rosso,10.0,16.0,10,Finished,1.0,0 days 00:00:11.931000,71.0,21.01679389312977,0.0,1.287786259541985,0 days 00:00:01.817000,35.0,83.0
20,2019,Brazilian Grand Prix,1019,5546,14,Interlagos,2019-11-17 14:10:00,20,Kevin Magnussen,MAG,kevin_magnussen,haas,11.0,9.0,11,Finished,0.0,0 days 00:00:12.732000,71.0,21.01679389312977,0.0,1.287786259541985,0 days 00:00:01.300000,20.0,28.0
20,2019,Brazilian Grand Prix,1019,5546,14,Interlagos,2019-11-17 14:10:00,63,George Russell,RUS,russell,williams,12.0,18.0,12,Finished,0.0,0 days 00:00:13.599000,71.0,21.01679389312977,0.0,1.287786259541985,0 days 00:00:02.623000,0.0,1.0
20,2019,Brazilian Grand Prix,1019,5546,14,Interlagos,2019-11-17 14:10:00,8,Romain Grosjean,GRO,grosjean,haas,13.0,7.0,13,Finished,0.0,0 days 00:00:14.247000,71.0,21.01679389312977,0.0,1.287786259541985,0 days 00:00:01.202000,8.0,28.0
20,2019,Brazilian Grand Prix,1019,5546,14,Interlagos,2019-11-17 14:10:00,23,Alexander Albon,ALB,albon,red_bull,14.0,5.0,14,Finished,0.0,0 days 00:00:14.927000,71.0,21.01679389312977,0.0,1.287786259541985,0 days 00:00:00.432000,84.0,391.0
20,2019,Brazilian Grand Prix,1019,5546,14,Interlagos,2019-11-17 14:10:00,27,Nico Hulkenberg,HUL,hulkenberg,renault,15.0,13.0,15,Finished,0.0,0 days 00:00:18.059000,71.0,21.01679389312977,0.0,1.287786259541985,0 days 00:00:01.418000,37.0,91.0
20,2019,Brazilian Grand Prix,1019,5546,14,Interlagos,2019-11-17 14:10:00,88,Robert Kubica,KUB,kubica,williams,16.0,19.0,16,+1 Lap,0.0,0 days 02:46:00,70.0,21.01679389312977,0.0,1.287786259541985,0 days 00:00:03.111000,1.0,1.0
20,2019,Brazilian Grand Prix,1019,5546,14,Interlagos,2019-11-17 14:10:00,5,Sebastian Vettel,VET,vettel,ferrari,17.0,2.0,17,Collision,0.0,0 days 02:46:00,65.0,21.01679389312977,0.0,1.287786259541985,0 days 00:00:00.128000,230.0,479.0
20,2019,Brazilian Grand Prix,1019,5546,14,Interlagos,2019-11-17 14:10:00,16,Charles Leclerc,LEC,leclerc,ferrari,18.0,14.0,18,Collision,0.0,0 days 02:46:00,65.0,21.01679389312977,0.0,1.287786259541985,0 days 00:00:00.225000,249.0,479.0
20,2019,Brazilian Grand Prix,1019,5546,14,Interlagos,2019-11-17 14:10:00,18,Lance Stroll,STR,stroll,racing_point,19.0,17.0,19,Suspension,0.0,0 days 02:46:00,65.0,21.01679389312977,0.0,1.287786259541985,0 days 00:00:02.033000,21.0,67.0
20,2019,Brazilian Grand Prix,1019,5546,14,Interlagos,2019-11-17 14:10:00,77,Valtteri Bottas,BOT,bottas,mercedes,20.0,4.0,R,Power Unit,0.0,0 days 02:46:00,51.0,21.01679389312977,0.0,1.287786259541985,0 days 00:00:00.371000,314.0,701.0
21,2019,Abu Dhabi Grand Prix,1020,5554,70,Yas Marina Circuit,2019-12-01 17:10:00,44,Lewis Hamilton,HAM,hamilton,mercedes,1.0,1.0,1,Finished,26.0,0 days 01:34:05.715000,55.0,26.018045112781955,0.0,1.2646616541353382,0 days 00:00:00,413.0,739.0
21,2019,Abu Dhabi Grand Prix,1020,5554,70,Yas Marina Circuit,2019-12-01 17:10:00,33,Max Verstappen,VER,max_verstappen,red_bull,2.0,2.0,2,Finished,18.0,0 days 00:00:16.772000,55.0,26.018045112781955,0.0,1.2646616541353382,0 days 00:00:00.360000,278.0,417.0
21,2019,Abu Dhabi Grand Prix,1020,5554,70,Yas Marina Circuit,2019-12-01 17:10:00,16,Charles Leclerc,LEC,leclerc,ferrari,3.0,3.0,3,Finished,15.0,0 days 00:00:43.435000,55.0,26.018045112781955,0.0,1.2646616541353382,0 days 00:00:00.440000,264.0,504.0
21,2019,Abu Dhabi Grand Prix,1020,5554,70,Yas Marina Circuit,2019-12-01 17:10:00,77,Valtteri Bottas,BOT,bottas,mercedes,4.0,20.0,4,Finished,12.0,0 days 00:00:44.379000,55.0,26.018045112781955,0.0,1.2646616541353382,0 days 00:00:00.194000,326.0,739.0
21,2019,Abu Dhabi Grand Prix,1020,5554,70,Yas Marina Circuit,2019-12-01 17:10:00,5,Sebastian Vettel,VET,vettel,ferrari,5.0,4.0,5,Finished,10.0,0 days 00:01:04.357000,55.0,26.018045112781955,0.0,1.2646616541353382,0 days 00:00:00.560000,240.0,504.0
21,2019,Abu Dhabi Grand Prix,1020,5554,70,Yas Marina Circuit,2019-12-01 17:10:00,23,Alexander Albon,ALB,albon,red_bull,6.0,5.0,6,Finished,8.0,0 days 00:01:09.205000,55.0,26.018045112781955,0.0,1.2646616541353382,0 days 00:00:00.903000,92.0,417.0
21,2019,Abu Dhabi Grand Prix,1020,5554,70,Yas Marina Circuit,2019-12-01 17:10:00,11,Sergio Perez,PER,perez,racing_point,7.0,10.0,7,+1 Lap,6.0,0 days 02:46:00,54.0,26.018045112781955,0.0,1.2646616541353382,0 days 00:00:02.182000,52.0,73.0
21,2019,Abu Dhabi Grand Prix,1020,5554,70,Yas Marina Circuit,2019-12-01 17:10:00,4,Lando Norris,NOR,norris,mclaren,8.0,6.0,8,+1 Lap,4.0,0 days 02:46:00,54.0,26.018045112781955,0.0,1.2646616541353382,0 days 00:00:01.657000,49.0,145.0
21,2019,Abu Dhabi Grand Prix,1020,5554,70,Yas Marina Circuit,2019-12-01 17:10:00,26,Daniil Kvyat,KVY,kvyat,toro_rosso,9.0,13.0,9,+1 Lap,2.0,0 days 02:46:00,54.0,26.018045112781955,0.0,1.2646616541353382,0 days 00:00:02.362000,37.0,85.0
21,2019,Abu Dhabi Grand Prix,1020,5554,70,Yas Marina Circuit,2019-12-01 17:10:00,55,Carlos Sainz,SAI,sainz,mclaren,10.0,8.0,10,+1 Lap,1.0,0 days 02:46:00,54.0,26.018045112781955,0.0,1.2646616541353382,0 days 00:00:01.529000,96.0,145.0
21,2019,Abu Dhabi Grand Prix,1020,5554,70,Yas Marina Circuit,2019-12-01 17:10:00,3,Daniel Ricciardo,RIC,ricciardo,renault,11.0,7.0,11,+1 Lap,0.0,0 days 02:46:00,54.0,26.018045112781955,0.0,1.2646616541353382,0 days 00:00:01.677000,54.0,91.0
21,2019,Abu Dhabi Grand Prix,1020,5554,70,Yas Marina Circuit,2019-12-01 17:10:00,27,Nico Hulkenberg,HUL,hulkenberg,renault,12.0,9.0,12,+1 Lap,0.0,0 days 02:46:00,54.0,26.018045112781955,0.0,1.2646616541353382,0 days 00:00:01.931000,37.0,91.0
21,2019,Abu Dhabi Grand Prix,1020,5554,70,Yas Marina Circuit,2019-12-01 17:10:00,7,Kimi Räikkönen,RAI,raikkonen,alfa,13.0,17.0,13,+1 Lap,0.0,0 days 02:46:00,54.0,26.018045112781955,0.0,1.2646616541353382,0 days 00:00:03.604000,43.0,57.0
21,2019,Abu Dhabi Grand Prix,1020,5554,70,Yas Marina Circuit,2019-12-01 17:10:00,20,Kevin Magnussen,MAG,kevin_magnussen,haas,14.0,14.0,14,+1 Lap,0.0,0 days 02:46:00,54.0,26.018045112781955,0.0,1.2646616541353382,0 days 00:00:02.475000,20.0,28.0
21,2019,Abu Dhabi Grand Prix,1020,5554,70,Yas Marina Circuit,2019-12-01 17:10:00,8,Romain Grosjean,GRO,grosjean,haas,15.0,15.0,15,+1 Lap,0.0,0 days 02:46:00,54.0,26.018045112781955,0.0,1.2646616541353382,0 days 00:00:03.272000,8.0,28.0
21,2019,Abu Dhabi Grand Prix,1020,5554,70,Yas Marina Circuit,2019-12-01 17:10:00,99,Antonio Giovinazzi,GIO,giovinazzi,alfa,16.0,16.0,16,+1 Lap,0.0,0 days 02:46:00,54.0,26.018045112781955,0.0,1.2646616541353382,0 days 00:00:03.335000,14.0,57.0
21,2019,Abu Dhabi Grand Prix,1020,5554,70,Yas Marina Circuit,2019-12-01 17:10:00,63,George Russell,RUS,russell,williams,17.0,18.0,17,+1 Lap,0.0,0 days 02:46:00,54.0,26.018045112781955,0.0,1.2646616541353382,0 days 00:00:03.938000,0.0,1.0
21,2019,Abu Dhabi Grand Prix,1020,5554,70,Yas Marina Circuit,2019-12-01 17:10:00,10,Pierre Gasly,GAS,gasly,toro_rosso,18.0,11.0,18,+2 Laps,0.0,0 days 02:46:00,53.0,26.018045112781955,0.0,1.2646616541353382,0 days 00:00:02.310000,95.0,85.0
21,2019,Abu Dhabi Grand Prix,1020,5554,70,Yas Marina Circuit,2019-12-01 17:10:00,88,Robert Kubica,KUB,kubica,williams,19.0,19.0,19,+2 Laps,0.0,0 days 02:46:00,53.0,26.018045112781955,0.0,1.2646616541353382,0 days 00:00:04.457000,1.0,1.0
21,2019,Abu Dhabi Grand Prix,1020,5554,70,Yas Marina Circuit,2019-12-01 17:10:00,18,Lance Stroll,STR,stroll,racing_point,20.0,12.0,R,Brakes,0.0,0 days 02:46:00,45.0,26.018045112781955,0.0,1.2646616541353382,0 days 00:00:02.324000,21.0,73.0
1,2020,Austrian Grand Prix,1045,5744,19,Spielberg,2020-07-05 15:10:00,77,Valtteri Bottas,BOT,bottas,mercedes,1.0,1.0,1,Finished,25.0,0 days 01:30:55.739000,71.0,28.684166666666663,0.0,1.8875,0 days 00:00:00,25.0,37.0
1,2020,Austrian Grand Prix,1045,5744,19,Spielberg,2020-07-05 15:10:00,16,Charles Leclerc,LEC,leclerc,ferrari,2.0,7.0,2,Finished,18.0,0 days 00:00:02.700000,71.0,28.684166666666663,0.0,1.8875,0 days 00:00:00.984000,18.0,19.0
1,2020,Austrian Grand Prix,1045,5744,19,Spielberg,2020-07-05 15:10:00,4,Lando Norris,NOR,norris,mclaren,3.0,3.0,3,Finished,16.0,0 days 00:00:05.491000,71.0,28.684166666666663,0.0,1.8875,0 days 00:00:00.687000,16.0,26.0
1,2020,Austrian Grand Prix,1045,5744,19,Spielberg,2020-07-05 15:10:00,44,Lewis Hamilton,HAM,hamilton,mercedes,4.0,5.0,4,Finished,12.0,0 days 00:00:05.689000,71.0,28.684166666666663,0.0,1.8875,0 days 00:00:00.012000,12.0,37.0
1,2020,Austrian Grand Prix,1045,5744,19,Spielberg,2020-07-05 15:10:00,55,Carlos Sainz,SAI,sainz,mclaren,5.0,8.0,5,Finished,10.0,0 days 00:00:08.903000,71.0,28.684166666666663,0.0,1.8875,0 days 00:00:01.032000,10.0,26.0
1,2020,Austrian Grand Prix,1045,5744,19,Spielberg,2020-07-05 15:10:00,11,Sergio Perez,PER,perez,racing_point,6.0,6.0,6,Finished,8.0,0 days 00:00:15.092000,71.0,28.684166666666663,0.0,1.8875,0 days 00:00:00.921000,8.0,0.0
1,2020,Austrian Grand Prix,1045,5744,19,Spielberg,2020-07-05 15:10:00,10,Pierre Gasly,GAS,gasly,alphatauri,7.0,12.0,7,Finished,6.0,0 days 00:00:16.682000,71.0,28.684166666666663,0.0,1.8875,0 days 00:00:01.366000,6.0,6.0
1,2020,Austrian Grand Prix,1045,5744,19,Spielberg,2020-07-05 15:10:00,31,Esteban Ocon,OCO,ocon,renault,8.0,14.0,8,Finished,4.0,0 days 00:00:17.456000,71.0,28.684166666666663,0.0,1.8875,0 days 00:00:01.704000,4.0,4.0
1,2020,Austrian Grand Prix,1045,5744,19,Spielberg,2020-07-05 15:10:00,99,Antonio Giovinazzi,GIO,giovinazzi,alfa,9.0,18.0,9,Finished,2.0,0 days 00:00:21.146000,71.0,28.684166666666663,0.0,1.8875,0 days 00:00:02.236000,2.0,2.0
1,2020,Austrian Grand Prix,1045,5744,19,Spielberg,2020-07-05 15:10:00,5,Sebastian Vettel,VET,vettel,ferrari,10.0,11.0,10,Finished,1.0,0 days 00:00:24.545000,71.0,28.684166666666663,0.0,1.8875,0 days 00:00:01.267000,1.0,19.0
1,2020,Austrian Grand Prix,1045,5744,19,Spielberg,2020-07-05 15:10:00,6,Nicholas Latifi,LAT,latifi,williams,11.0,20.0,11,Finished,0.0,0 days 00:00:31.650000,71.0,28.684166666666663,0.0,1.8875,0 days 00:00:02.818000,0.0,0.0
1,2020,Austrian Grand Prix,1045,5744,19,Spielberg,2020-07-05 15:10:00,26,Daniil Kvyat,KVY,kvyat,alphatauri,12.0,13.0,12,Suspension,0.0,0 days 02:46:00,69.0,28.684166666666663,0.0,1.8875,0 days 00:00:01.492000,0.0,6.0
1,2020,Austrian Grand Prix,1045,5744,19,Spielberg,2020-07-05 15:10:00,23,Alexander Albon,ALB,albon,red_bull,13.0,4.0,13,Electronics,0.0,0 days 02:46:00,67.0,28.684166666666663,0.0,1.8875,0 days 00:00:00.807000,0.0,0.0
1,2020,Austrian Grand Prix,1045,5744,19,Spielberg,2020-07-05 15:10:00,7,Kimi Räikkönen,RAI,raikkonen,alfa,14.0,19.0,R,Wheel,0.0,0 days 02:46:00,53.0,28.684166666666663,0.0,1.8875,0 days 00:00:02.285000,0.0,2.0
1,2020,Austrian Grand Prix,1045,5744,19,Spielberg,2020-07-05 15:10:00,63,George Russell,RUS,russell,williams,15.0,17.0,R,Fuel pressure,0.0,0 days 02:46:00,49.0,28.684166666666663,0.0,1.8875,0 days 00:00:02.228000,0.0,0.0
1,2020,Austrian Grand Prix,1045,5744,19,Spielberg,2020-07-05 15:10:00,8,Romain Grosjean,GRO,grosjean,haas,16.0,15.0,R,Brakes,0.0,0 days 02:46:00,49.0,28.684166666666663,0.0,1.8875,0 days 00:00:01.752000,0.0,0.0
1,2020,Austrian Grand Prix,1045,5744,19,Spielberg,2020-07-05 15:10:00,20,Kevin Magnussen,MAG,kevin_magnussen,haas,17.0,16.0,R,Brakes,0.0,0 days 02:46:00,24.0,28.684166666666663,0.0,1.8875,0 days 00:00:02.225000,0.0,0.0
1,2020,Austrian Grand Prix,1045,5744,19,Spielberg,2020-07-05 15:10:00,18,Lance Stroll,STR,stroll,racing_point,18.0,9.0,R,Engine,0.0,0 days 02:46:00,20.0,28.684166666666663,0.0,1.8875,0 days 00:00:01.016000,0.0,0.0
1,2020,Austrian Grand Prix,1045,5744,19,Spielberg,2020-07-05 15:10:00,3,Daniel Ricciardo,RIC,ricciardo,renault,19.0,10.0,R,Overheating,0.0,0 days 02:46:00,17.0,28.684166666666663,0.0,1.8875,0 days 00:00:01.084000,0.0,4.0
1,2020,Austrian Grand Prix,1045,5744,19,Spielberg,2020-07-05 15:10:00,33,Max Verstappen,VER,max_verstappen,red_bull,20.0,2.0,R,Electronics,0.0,0 days 02:46:00,11.0,28.684166666666663,0.0,1.8875,0 days 00:00:00.538000,0.0,0.0
2,2020,Styrian Grand Prix,1046,5752,19,Spielberg,2020-07-12 15:10:00,44,Lewis Hamilton,HAM,hamilton,mercedes,1.0,1.0,1,Finished,25.0,0 days 01:22:50.683000,71.0,20.8225,0.0166666666666666,2.228333333333333,0 days 00:00:00,37.0,80.0
2,2020,Styrian Grand Prix,1046,5752,19,Spielberg,2020-07-12 15:10:00,77,Valtteri Bottas,BOT,bottas,mercedes,2.0,4.0,2,Finished,18.0,0 days 00:00:13.719000,71.0,20.8225,0.0166666666666666,2.228333333333333,0 days 00:00:00.832000,43.0,80.0
2,2020,Styrian Grand Prix,1046,5752,19,Spielberg,2020-07-12 15:10:00,33,Max Verstappen,VER,max_verstappen,red_bull,3.0,2.0,3,Finished,15.0,0 days 00:00:33.698000,71.0,20.8225,0.0166666666666666,2.228333333333333,0 days 00:00:00.113000,15.0,27.0
2,2020,Styrian Grand Prix,1046,5752,19,Spielberg,2020-07-12 15:10:00,23,Alexander Albon,ALB,albon,red_bull,4.0,6.0,4,Finished,12.0,0 days 00:00:44.400000,71.0,20.8225,0.0166666666666666,2.228333333333333,0 days 00:00:01.189000,12.0,27.0
2,2020,Styrian Grand Prix,1046,5752,19,Spielberg,2020-07-12 15:10:00,4,Lando Norris,NOR,norris,mclaren,5.0,9.0,5,Finished,10.0,0 days 00:01:01.470000,71.0,20.8225,0.0166666666666666,2.228333333333333,0 days 00:00:00.623000,26.0,39.0
2,2020,Styrian Grand Prix,1046,5752,19,Spielberg,2020-07-12 15:10:00,11,Sergio Perez,PER,perez,racing_point,6.0,17.0,6,Finished,8.0,0 days 00:01:02.387000,71.0,20.8225,0.0166666666666666,2.228333333333333,0 days 00:00:03.782000,16.0,7.0
2,2020,Styrian Grand Prix,1046,5752,19,Spielberg,2020-07-12 15:10:00,18,Lance Stroll,STR,stroll,racing_point,7.0,12.0,7,Finished,6.0,0 days 00:01:02.453000,71.0,20.8225,0.0166666666666666,2.228333333333333,0 days 00:00:01.820000,6.0,7.0
2,2020,Styrian Grand Prix,1046,5752,19,Spielberg,2020-07-12 15:10:00,3,Daniel Ricciardo,RIC,ricciardo,renault,8.0,8.0,8,Finished,4.0,0 days 00:01:02.591000,71.0,20.8225,0.0166666666666666,2.228333333333333,0 days 00:00:01.404000,4.0,8.0
2,2020,Styrian Grand Prix,1046,5752,19,Spielberg,2020-07-12 15:10:00,55,Carlos Sainz,SAI,sainz,mclaren,9.0,3.0,9,+1 Lap,3.0,0 days 02:46:00,70.0,20.8225,0.0166666666666666,2.228333333333333,0 days 00:00:00.765000,13.0,39.0
2,2020,Styrian Grand Prix,1046,5752,19,Spielberg,2020-07-12 15:10:00,26,Daniil Kvyat,KVY,kvyat,alphatauri,10.0,13.0,10,+1 Lap,1.0,0 days 02:46:00,70.0,20.8225,0.0166666666666666,2.228333333333333,0 days 00:00:01.892000,1.0,7.0
2,2020,Styrian Grand Prix,1046,5752,19,Spielberg,2020-07-12 15:10:00,7,Kimi Räikkönen,RAI,raikkonen,alfa,11.0,16.0,11,+1 Lap,0.0,0 days 02:46:00,70.0,20.8225,0.0166666666666666,2.228333333333333,0 days 00:00:03.315000,0.0,2.0
2,2020,Styrian Grand Prix,1046,5752,19,Spielberg,2020-07-12 15:10:00,20,Kevin Magnussen,MAG,kevin_magnussen,haas,12.0,15.0,12,+1 Lap,0.0,0 days 02:46:00,70.0,20.8225,0.0166666666666666,2.228333333333333,0 days 00:00:02.386000,0.0,0.0
2,2020,Styrian Grand Prix,1046,5752,19,Spielberg,2020-07-12 15:10:00,8,Romain Grosjean,GRO,grosjean,haas,13.0,0.0,13,+1 Lap,0.0,0 days 02:46:00,70.0,20.8225,0.0166666666666666,2.228333333333333,0 days 02:46:00,0.0,0.0
2,2020,Styrian Grand Prix,1046,5752,19,Spielberg,2020-07-12 15:10:00,99,Antonio Giovinazzi,GIO,giovinazzi,alfa,14.0,19.0,14,+1 Lap,0.0,0 days 02:46:00,70.0,20.8225,0.0166666666666666,2.228333333333333,0 days 00:00:04.006000,2.0,2.0
2,2020,Styrian Grand Prix,1046,5752,19,Spielberg,2020-07-12 15:10:00,10,Pierre Gasly,GAS,gasly,alphatauri,15.0,7.0,15,+1 Lap,0.0,0 days 02:46:00,70.0,20.8225,0.0166666666666666,2.228333333333333,0 days 00:00:00.919000,6.0,7.0
2,2020,Styrian Grand Prix,1046,5752,19,Spielberg,2020-07-12 15:10:00,63,George Russell,RUS,russell,williams,16.0,11.0,16,+2 Laps,0.0,0 days 02:46:00,69.0,20.8225,0.0166666666666666,2.228333333333333,0 days 00:00:01.811000,0.0,0.0
2,2020,Styrian Grand Prix,1046,5752,19,Spielberg,2020-07-12 15:10:00,6,Nicholas Latifi,LAT,latifi,williams,17.0,18.0,17,+2 Laps,0.0,0 days 02:46:00,69.0,20.8225,0.0166666666666666,2.228333333333333,0 days 00:00:03.934000,0.0,0.0
2,2020,Styrian Grand Prix,1046,5752,19,Spielberg,2020-07-12 15:10:00,31,Esteban Ocon,OCO,ocon,renault,18.0,5.0,R,Overheating,0.0,0 days 02:46:00,25.0,20.8225,0.0166666666666666,2.228333333333333,0 days 00:00:00.939000,4.0,8.0
2,2020,Styrian Grand Prix,1046,5752,19,Spielberg,2020-07-12 15:10:00,16,Charles Leclerc,LEC,leclerc,ferrari,19.0,14.0,R,Collision damage,0.0,0 days 02:46:00,4.0,20.8225,0.0166666666666666,2.228333333333333,0 days 00:00:01.803000,18.0,19.0
2,2020,Styrian Grand Prix,1046,5752,19,Spielberg,2020-07-12 15:10:00,5,Sebastian Vettel,VET,vettel,ferrari,20.0,10.0,R,Collision damage,0.0,0 days 02:46:00,1.0,20.8225,0.0166666666666666,2.228333333333333,0 days 00:00:01.720000,1.0,19.0
3,2020,Hungarian Grand Prix,1047,5760,4,Hungaroring,2020-07-19 15:10:00,44,Lewis Hamilton,HAM,hamilton,mercedes,1.0,1.0,1,Finished,26.0,0 days 01:36:12.473000,70.0,20.74179104477612,0.0149253731343283,1.5597014925373134,0 days 00:00:00,63.0,121.0
3,2020,Hungarian Grand Prix,1047,5760,4,Hungaroring,2020-07-19 15:10:00,33,Max Verstappen,VER,max_verstappen,red_bull,2.0,7.0,2,Finished,18.0,0 days 00:00:08.702000,70.0,20.74179104477612,0.0149253731343283,1.5597014925373134,0 days 00:00:01.402000,33.0,55.0
3,2020,Hungarian Grand Prix,1047,5760,4,Hungaroring,2020-07-19 15:10:00,77,Valtteri Bottas,BOT,bottas,mercedes,3.0,2.0,3,Finished,15.0,0 days 00:00:09.452000,70.0,20.74179104477612,0.0149253731343283,1.5597014925373134,0 days 00:00:00.107000,58.0,121.0
3,2020,Hungarian Grand Prix,1047,5760,4,Hungaroring,2020-07-19 15:10:00,18,Lance Stroll,STR,stroll,racing_point,4.0,3.0,4,Finished,12.0,0 days 00:00:57.579000,70.0,20.74179104477612,0.0149253731343283,1.5597014925373134,0 days 00:00:00.930000,18.0,25.0
3,2020,Hungarian Grand Prix,1047,5760,4,Hungaroring,2020-07-19 15:10:00,23,Alexander Albon,ALB,albon,red_bull,5.0,13.0,5,Finished,10.0,0 days 00:01:18.316000,70.0,20.74179104477612,0.0149253731343283,1.5597014925373134,0 days 00:00:02.268000,22.0,55.0
3,2020,Hungarian Grand Prix,1047,5760,4,Hungaroring,2020-07-19 15:10:00,5,Sebastian Vettel,VET,vettel,ferrari,6.0,5.0,6,+1 Lap,8.0,0 days 02:46:00,69.0,20.74179104477612,0.0149253731343283,1.5597014925373134,0 days 00:00:01.327000,9.0,27.0
3,2020,Hungarian Grand Prix,1047,5760,4,Hungaroring,2020-07-19 15:10:00,11,Sergio Perez,PER,perez,racing_point,7.0,4.0,7,+1 Lap,6.0,0 days 02:46:00,69.0,20.74179104477612,0.0149253731343283,1.5597014925373134,0 days 00:00:01.098000,22.0,25.0
3,2020,Hungarian Grand Prix,1047,5760,4,Hungaroring,2020-07-19 15:10:00,3,Daniel Ricciardo,RIC,ricciardo,renault,8.0,11.0,8,+1 Lap,4.0,0 days 02:46:00,69.0,20.74179104477612,0.0149253731343283,1.5597014925373134,0 days 00:00:02.214000,8.0,12.0
3,2020,Hungarian Grand Prix,1047,5760,4,Hungaroring,2020-07-19 15:10:00,55,Carlos Sainz,SAI,sainz,mclaren,9.0,9.0,9,+1 Lap,2.0,0 days 02:46:00,69.0,20.74179104477612,0.0149253731343283,1.5597014925373134,0 days 00:00:01.580000,15.0,41.0
3,2020,Hungarian Grand Prix,1047,5760,4,Hungaroring,2020-07-19 15:10:00,20,Kevin Magnussen,MAG,kevin_magnussen,haas,10.0,0.0,10,+1 Lap,1.0,0 days 02:46:00,69.0,20.74179104477612,0.0149253731343283,1.5597014925373134,0 days 00:00:02.705000,1.0,1.0
3,2020,Hungarian Grand Prix,1047,5760,4,Hungaroring,2020-07-19 15:10:00,16,Charles Leclerc,LEC,leclerc,ferrari,11.0,6.0,11,+1 Lap,0.0,0 days 02:46:00,69.0,20.74179104477612,0.0149253731343283,1.5597014925373134,0 days 00:00:01.370000,18.0,27.0
3,2020,Hungarian Grand Prix,1047,5760,4,Hungaroring,2020-07-19 15:10:00,26,Daniil Kvyat,KVY,kvyat,alphatauri,12.0,17.0,12,+1 Lap,0.0,0 days 02:46:00,69.0,20.74179104477612,0.0149253731343283,1.5597014925373134,0 days 00:00:02.757000,1.0,7.0
3,2020,Hungarian Grand Prix,1047,5760,4,Hungaroring,2020-07-19 15:10:00,4,Lando Norris,NOR,norris,mclaren,13.0,8.0,13,+1 Lap,0.0,0 days 02:46:00,69.0,20.74179104477612,0.0149253731343283,1.5597014925373134,0 days 00:00:01.519000,26.0,41.0
3,2020,Hungarian Grand Prix,1047,5760,4,Hungaroring,2020-07-19 15:10:00,31,Esteban Ocon,OCO,ocon,renault,14.0,14.0,14,+1 Lap,0.0,0 days 02:46:00,69.0,20.74179104477612,0.0149253731343283,1.5597014925373134,0 days 00:00:02.272000,4.0,12.0
3,2020,Hungarian Grand Prix,1047,5760,4,Hungaroring,2020-07-19 15:10:00,7,Kimi Räikkönen,RAI,raikkonen,alfa,15.0,20.0,15,+1 Lap,0.0,0 days 02:46:00,69.0,20.74179104477612,0.0149253731343283,1.5597014925373134,0 days 00:00:03.167000,0.0,2.0
3,2020,Hungarian Grand Prix,1047,5760,4,Hungaroring,2020-07-19 15:10:00,8,Romain Grosjean,GRO,grosjean,haas,16.0,0.0,16,+1 Lap,0.0,0 days 02:46:00,69.0,20.74179104477612,0.0149253731343283,1.5597014925373134,0 days 00:00:02.960000,0.0,1.0
3,2020,Hungarian Grand Prix,1047,5760,4,Hungaroring,2020-07-19 15:10:00,99,Antonio Giovinazzi,GIO,giovinazzi,alfa,17.0,19.0,17,+1 Lap,0.0,0 days 02:46:00,69.0,20.74179104477612,0.0149253731343283,1.5597014925373134,0 days 00:00:03.059000,2.0,2.0
3,2020,Hungarian Grand Prix,1047,5760,4,Hungaroring,2020-07-19 15:10:00,63,George Russell,RUS,russell,williams,18.0,12.0,18,+1 Lap,0.0,0 days 02:46:00,69.0,20.74179104477612,0.0149253731343283,1.5597014925373134,0 days 00:00:02.138000,0.0,0.0
3,2020,Hungarian Grand Prix,1047,5760,4,Hungaroring,2020-07-19 15:10:00,6,Nicholas Latifi,LAT,latifi,williams,19.0,15.0,19,+5 Laps,0.0,0 days 02:46:00,65.0,20.74179104477612,0.0149253731343283,1.5597014925373134,0 days 00:00:02.658000,0.0,0.0
3,2020,Hungarian Grand Prix,1047,5760,4,Hungaroring,2020-07-19 15:10:00,10,Pierre Gasly,GAS,gasly,alphatauri,20.0,10.0,R,Engine,0.0,0 days 02:46:00,15.0,20.74179104477612,0.0149253731343283,1.5597014925373134,0 days 00:00:02.061000,6.0,7.0
4,2020,British Grand Prix,1048,5768,2,Silverstone,2020-08-02 14:10:00,44,Lewis Hamilton,HAM,hamilton,mercedes,1.0,1.0,1,Finished,25.0,0 days 01:28:01.283000,52.0,21.29140625,0.0,3.1140625,0 days 00:00:00,88.0,146.0
4,2020,British Grand Prix,1048,5768,2,Silverstone,2020-08-02 14:10:00,33,Max Verstappen,VER,max_verstappen,red_bull,2.0,3.0,2,Finished,19.0,0 days 00:00:05.856000,52.0,21.29140625,0.0,3.1140625,0 days 00:00:01.022000,52.0,78.0
4,2020,British Grand Prix,1048,5768,2,Silverstone,2020-08-02 14:10:00,16,Charles Leclerc,LEC,leclerc,ferrari,3.0,4.0,3,Finished,15.0,0 days 00:00:18.474000,52.0,21.29140625,0.0,3.1140625,0 days 00:00:01.124000,33.0,43.0
4,2020,British Grand Prix,1048,5768,2,Silverstone,2020-08-02 14:10:00,3,Daniel Ricciardo,RIC,ricciardo,renault,4.0,8.0,4,Finished,12.0,0 days 00:00:19.650000,52.0,21.29140625,0.0,3.1140625,0 days 00:00:01.706000,20.0,32.0
4,2020,British Grand Prix,1048,5768,2,Silverstone,2020-08-02 14:10:00,4,Lando Norris,NOR,norris,mclaren,5.0,5.0,5,Finished,10.0,0 days 00:00:22.277000,52.0,21.29140625,0.0,3.1140625,0 days 00:00:01.479000,36.0,51.0
4,2020,British Grand Prix,1048,5768,2,Silverstone,2020-08-02 14:10:00,31,Esteban Ocon,OCO,ocon,renault,6.0,9.0,6,Finished,8.0,0 days 00:00:26.937000,52.0,21.29140625,0.0,3.1140625,0 days 00:00:01.906000,12.0,32.0
4,2020,British Grand Prix,1048,5768,2,Silverstone,2020-08-02 14:10:00,10,Pierre Gasly,GAS,gasly,alphatauri,7.0,11.0,7,Finished,6.0,0 days 00:00:31.188000,52.0,21.29140625,0.0,3.1140625,0 days 00:00:02.040000,12.0,13.0
4,2020,British Grand Prix,1048,5768,2,Silverstone,2020-08-02 14:10:00,23,Alexander Albon,ALB,albon,red_bull,8.0,12.0,8,Finished,4.0,0 days 00:00:32.670000,52.0,21.29140625,0.0,3.1140625,0 days 00:00:02.242000,26.0,78.0
4,2020,British Grand Prix,1048,5768,2,Silverstone,2020-08-02 14:10:00,18,Lance Stroll,STR,stroll,racing_point,9.0,6.0,9,Finished,2.0,0 days 00:00:37.311000,52.0,21.29140625,0.0,3.1140625,0 days 00:00:01.536000,20.0,27.0
4,2020,British Grand Prix,1048,5768,2,Silverstone,2020-08-02 14:10:00,5,Sebastian Vettel,VET,vettel,ferrari,10.0,10.0,10,Finished,1.0,0 days 00:00:41.857000,52.0,21.29140625,0.0,3.1140625,0 days 00:00:02.036000,10.0,43.0
4,2020,British Grand Prix,1048,5768,2,Silverstone,2020-08-02 14:10:00,77,Valtteri Bottas,BOT,bottas,mercedes,11.0,2.0,11,Finished,0.0,0 days 00:00:42.167000,52.0,21.29140625,0.0,3.1140625,0 days 00:00:00.313000,58.0,146.0
4,2020,British Grand Prix,1048,5768,2,Silverstone,2020-08-02 14:10:00,63,George Russell,RUS,russell,williams,12.0,20.0,12,Finished,0.0,0 days 00:00:52.004000,52.0,21.29140625,0.0,3.1140625,0 days 00:00:02.429000,0.0,0.0
4,2020,British Grand Prix,1048,5768,2,Silverstone,2020-08-02 14:10:00,55,Carlos Sainz,SAI,sainz,mclaren,13.0,7.0,13,Finished,0.0,0 days 00:00:53.370000,52.0,21.29140625,0.0,3.1140625,0 days 00:00:01.662000,15.0,51.0
4,2020,British Grand Prix,1048,5768,2,Silverstone,2020-08-02 14:10:00,99,Antonio Giovinazzi,GIO,giovinazzi,alfa,14.0,15.0,14,Finished,0.0,0 days 00:00:54.205000,52.0,21.29140625,0.0,3.1140625,0 days 00:00:02.861000,2.0,2.0
4,2020,British Grand Prix,1048,5768,2,Silverstone,2020-08-02 14:10:00,6,Nicholas Latifi,LAT,latifi,williams,15.0,18.0,15,Finished,0.0,0 days 00:00:54.549000,52.0,21.29140625,0.0,3.1140625,0 days 00:00:03.402000,0.0,0.0
4,2020,British Grand Prix,1048,5768,2,Silverstone,2020-08-02 14:10:00,8,Romain Grosjean,GRO,grosjean,haas,16.0,17.0,16,Finished,0.0,0 days 00:00:55.050000,52.0,21.29140625,0.0,3.1140625,0 days 00:00:03.340000,0.0,1.0
4,2020,British Grand Prix,1048,5768,2,Silverstone,2020-08-02 14:10:00,7,Kimi Räikkönen,RAI,raikkonen,alfa,17.0,16.0,17,+1 Lap,0.0,0 days 02:46:00,51.0,21.29140625,0.0,3.1140625,0 days 00:00:03.063000,0.0,2.0
4,2020,British Grand Prix,1048,5768,2,Silverstone,2020-08-02 14:10:00,26,Daniil Kvyat,KVY,kvyat,alphatauri,18.0,19.0,R,Accident,0.0,0 days 02:46:00,11.0,21.29140625,0.0,3.1140625,0 days 00:00:02.441000,1.0,13.0
4,2020,British Grand Prix,1048,5768,2,Silverstone,2020-08-02 14:10:00,20,Kevin Magnussen,MAG,kevin_magnussen,haas,19.0,14.0,R,Collision,0.0,0 days 02:46:00,1.0,21.29140625,0.0,3.1140625,0 days 00:00:02.855000,1.0,1.0
4,2020,British Grand Prix,1048,5768,2,Silverstone,2020-08-02 14:10:00,27,Nico Hulkenberg,HUL,hulkenberg,racing_point,20.0,13.0,W,Power Unit,0.0,0 days 02:46:00,0.0,21.29140625,0.0,3.1140625,0 days 00:00:02.024000,0.0,27.0
5,2020,70th Anniversary Grand Prix,1049,5776,2,Silverstone,2020-08-09 14:10:00,33,Max Verstappen,VER,max_verstappen,red_bull,1.0,4.0,1,Finished,25.0,0 days 01:19:41.993000,52.0,25.287068965517243,0.0,2.236206896551724,0 days 00:00:01.022000,77.0,113.0
5,2020,70th Anniversary Grand Prix,1049,5776,2,Silverstone,2020-08-09 14:10:00,44,Lewis Hamilton,HAM,hamilton,mercedes,2.0,2.0,2,Finished,19.0,0 days 00:00:11.326000,52.0,25.287068965517243,0.0,2.236206896551724,0 days 00:00:00.063000,107.0,180.0
5,2020,70th Anniversary Grand Prix,1049,5776,2,Silverstone,2020-08-09 14:10:00,77,Valtteri Bottas,BOT,bottas,mercedes,3.0,1.0,3,Finished,15.0,0 days 00:00:19.231000,52.0,25.287068965517243,0.0,2.236206896551724,0 days 00:00:00,73.0,180.0
5,2020,70th Anniversary Grand Prix,1049,5776,2,Silverstone,2020-08-09 14:10:00,16,Charles Leclerc,LEC,leclerc,ferrari,4.0,8.0,4,Finished,12.0,0 days 00:00:29.289000,52.0,25.287068965517243,0.0,2.236206896551724,0 days 00:00:01.460000,45.0,55.0
5,2020,70th Anniversary Grand Prix,1049,5776,2,Silverstone,2020-08-09 14:10:00,23,Alexander Albon,ALB,albon,red_bull,5.0,9.0,5,Finished,10.0,0 days 00:00:39.146000,52.0,25.287068965517243,0.0,2.236206896551724,0 days 00:00:01.488000,36.0,113.0
5,2020,70th Anniversary Grand Prix,1049,5776,2,Silverstone,2020-08-09 14:10:00,18,Lance Stroll,STR,stroll,racing_point,6.0,6.0,6,Finished,8.0,0 days 00:00:42.538000,52.0,25.287068965517243,0.0,2.236206896551724,0 days 00:00:01.274000,28.0,41.0
5,2020,70th Anniversary Grand Prix,1049,5776,2,Silverstone,2020-08-09 14:10:00,27,Nico Hulkenberg,HUL,hulkenberg,racing_point,7.0,3.0,7,Finished,6.0,0 days 00:00:55.951000,52.0,25.287068965517243,0.0,2.236206896551724,0 days 00:00:00.928000,6.0,41.0
5,2020,70th Anniversary Grand Prix,1049,5776,2,Silverstone,2020-08-09 14:10:00,31,Esteban Ocon,OCO,ocon,renault,8.0,14.0,8,Finished,4.0,0 days 00:01:04.773000,52.0,25.287068965517243,0.0,2.236206896551724,0 days 00:00:01.857000,16.0,36.0
5,2020,70th Anniversary Grand Prix,1049,5776,2,Silverstone,2020-08-09 14:10:00,4,Lando Norris,NOR,norris,mclaren,9.0,10.0,9,Finished,2.0,0 days 00:01:05.544000,52.0,25.287068965517243,0.0,2.236206896551724,0 days 00:00:01.624000,38.0,53.0
5,2020,70th Anniversary Grand Prix,1049,5776,2,Silverstone,2020-08-09 14:10:00,26,Daniil Kvyat,KVY,kvyat,alphatauri,10.0,16.0,10,Finished,1.0,0 days 00:01:09.669000,52.0,25.287068965517243,0.0,2.236206896551724,0 days 00:00:02.728000,2.0,14.0
5,2020,70th Anniversary Grand Prix,1049,5776,2,Silverstone,2020-08-09 14:10:00,10,Pierre Gasly,GAS,gasly,alphatauri,11.0,7.0,11,Finished,0.0,0 days 00:01:10.642000,52.0,25.287068965517243,0.0,2.236206896551724,0 days 00:00:01.369000,12.0,14.0
5,2020,70th Anniversary Grand Prix,1049,5776,2,Silverstone,2020-08-09 14:10:00,5,Sebastian Vettel,VET,vettel,ferrari,12.0,11.0,12,Finished,0.0,0 days 00:01:13.370000,52.0,25.287068965517243,0.0,2.236206896551724,0 days 00:00:01.924000,10.0,55.0
5,2020,70th Anniversary Grand Prix,1049,5776,2,Silverstone,2020-08-09 14:10:00,55,Carlos Sainz,SAI,sainz,mclaren,13.0,12.0,13,Finished,0.0,0 days 00:01:14.070000,52.0,25.287068965517243,0.0,2.236206896551724,0 days 00:00:01.929000,15.0,53.0
5,2020,70th Anniversary Grand Prix,1049,5776,2,Silverstone,2020-08-09 14:10:00,3,Daniel Ricciardo,RIC,ricciardo,renault,14.0,5.0,14,+1 Lap,0.0,0 days 02:46:00,51.0,25.287068965517243,0.0,2.236206896551724,0 days 00:00:01.143000,20.0,36.0
5,2020,70th Anniversary Grand Prix,1049,5776,2,Silverstone,2020-08-09 14:10:00,7,Kimi Räikkönen,RAI,raikkonen,alfa,15.0,20.0,15,+1 Lap,0.0,0 days 02:46:00,51.0,25.287068965517243,0.0,2.236206896551724,0 days 00:00:03.339000,0.0,2.0
5,2020,70th Anniversary Grand Prix,1049,5776,2,Silverstone,2020-08-09 14:10:00,8,Romain Grosjean,GRO,grosjean,haas,16.0,13.0,16,+1 Lap,0.0,0 days 02:46:00,51.0,25.287068965517243,0.0,2.236206896551724,0 days 00:00:02.100000,0.0,1.0
5,2020,70th Anniversary Grand Prix,1049,5776,2,Silverstone,2020-08-09 14:10:00,99,Antonio Giovinazzi,GIO,giovinazzi,alfa,17.0,19.0,17,+1 Lap,0.0,0 days 02:46:00,51.0,25.287068965517243,0.0,2.236206896551724,0 days 00:00:03.279000,2.0,2.0
5,2020,70th Anniversary Grand Prix,1049,5776,2,Silverstone,2020-08-09 14:10:00,63,George Russell,RUS,russell,williams,18.0,15.0,18,+1 Lap,0.0,0 days 02:46:00,51.0,25.287068965517243,0.0,2.236206896551724,0 days 00:00:02.301000,0.0,0.0
5,2020,70th Anniversary Grand Prix,1049,5776,2,Silverstone,2020-08-09 14:10:00,6,Nicholas Latifi,LAT,latifi,williams,19.0,18.0,19,+1 Lap,0.0,0 days 02:46:00,51.0,25.287068965517243,0.0,2.236206896551724,0 days 00:00:03.276000,0.0,0.0
5,2020,70th Anniversary Grand Prix,1049,5776,2,Silverstone,2020-08-09 14:10:00,20,Kevin Magnussen,MAG,kevin_magnussen,haas,20.0,17.0,R,Retired,0.0,0 days 02:46:00,43.0,25.287068965517243,0.0,2.236206896551724,0 days 00:00:03.082000,1.0,1.0
6,2020,Spanish Grand Prix,1050,5784,15,Catalunya,2020-08-16 15:10:00,44,Lewis Hamilton,HAM,hamilton,mercedes,1.0,1.0,1,Finished,25.0,0 days 01:31:45.279000,66.0,29.796899224806204,0.0,1.5449612403100776,0 days 00:00:00,132.0,221.0
6,2020,Spanish Grand Prix,1050,5784,15,Catalunya,2020-08-16 15:10:00,33,Max Verstappen,VER,max_verstappen,red_bull,2.0,3.0,2,Finished,18.0,0 days 00:00:24.177000,66.0,29.796899224806204,0.0,1.5449612403100776,0 days 00:00:00.708000,95.0,135.0
6,2020,Spanish Grand Prix,1050,5784,15,Catalunya,2020-08-16 15:10:00,77,Valtteri Bottas,BOT,bottas,mercedes,3.0,2.0,3,Finished,16.0,0 days 00:00:44.752000,66.0,29.796899224806204,0.0,1.5449612403100776,0 days 00:00:00.059000,89.0,221.0
6,2020,Spanish Grand Prix,1050,5784,15,Catalunya,2020-08-16 15:10:00,18,Lance Stroll,STR,stroll,racing_point,4.0,5.0,4,+1 Lap,12.0,0 days 02:46:00,65.0,29.796899224806204,0.0,1.5449612403100776,0 days 00:00:01.005000,40.0,63.0
6,2020,Spanish Grand Prix,1050,5784,15,Catalunya,2020-08-16 15:10:00,11,Sergio Perez,PER,perez,racing_point,5.0,4.0,5,+1 Lap,10.0,0 days 02:46:00,65.0,29.796899224806204,0.0,1.5449612403100776,0 days 00:00:00.898000,32.0,63.0
6,2020,Spanish Grand Prix,1050,5784,15,Catalunya,2020-08-16 15:10:00,55,Carlos Sainz,SAI,sainz,mclaren,6.0,7.0,6,+1 Lap,8.0,0 days 02:46:00,65.0,29.796899224806204,0.0,1.5449612403100776,0 days 00:00:01.292000,23.0,62.0
6,2020,Spanish Grand Prix,1050,5784,15,Catalunya,2020-08-16 15:10:00,5,Sebastian Vettel,VET,vettel,ferrari,7.0,11.0,7,+1 Lap,6.0,0 days 02:46:00,65.0,29.796899224806204,0.0,1.5449612403100776,0 days 00:00:01.584000,16.0,61.0
6,2020,Spanish Grand Prix,1050,5784,15,Catalunya,2020-08-16 15:10:00,23,Alexander Albon,ALB,albon,red_bull,8.0,6.0,8,+1 Lap,4.0,0 days 02:46:00,65.0,29.796899224806204,0.0,1.5449612403100776,0 days 00:00:01.445000,40.0,135.0
6,2020,Spanish Grand Prix,1050,5784,15,Catalunya,2020-08-16 15:10:00,10,Pierre Gasly,GAS,gasly,alphatauri,9.0,10.0,9,+1 Lap,2.0,0 days 02:46:00,65.0,29.796899224806204,0.0,1.5449612403100776,0 days 00:00:01.216000,14.0,16.0
6,2020,Spanish Grand Prix,1050,5784,15,Catalunya,2020-08-16 15:10:00,4,Lando Norris,NOR,norris,mclaren,10.0,8.0,10,+1 Lap,1.0,0 days 02:46:00,65.0,29.796899224806204,0.0,1.5449612403100776,0 days 00:00:01.500000,39.0,62.0
6,2020,Spanish Grand Prix,1050,5784,15,Catalunya,2020-08-16 15:10:00,3,Daniel Ricciardo,RIC,ricciardo,renault,11.0,13.0,11,+1 Lap,0.0,0 days 02:46:00,65.0,29.796899224806204,0.0,1.5449612403100776,0 days 00:00:01.614000,20.0,36.0
6,2020,Spanish Grand Prix,1050,5784,15,Catalunya,2020-08-16 15:10:00,26,Daniil Kvyat,KVY,kvyat,alphatauri,12.0,12.0,12,+1 Lap,0.0,0 days 02:46:00,65.0,29.796899224806204,0.0,1.5449612403100776,0 days 00:00:01.608000,2.0,16.0
6,2020,Spanish Grand Prix,1050,5784,15,Catalunya,2020-08-16 15:10:00,31,Esteban Ocon,OCO,ocon,renault,13.0,15.0,13,+1 Lap,0.0,0 days 02:46:00,65.0,29.796899224806204,0.0,1.5449612403100776,0 days 00:00:01.983000,16.0,36.0
6,2020,Spanish Grand Prix,1050,5784,15,Catalunya,2020-08-16 15:10:00,7,Kimi Räikkönen,RAI,raikkonen,alfa,14.0,14.0,14,+1 Lap,0.0,0 days 02:46:00,65.0,29.796899224806204,0.0,1.5449612403100776,0 days 00:00:01.802000,0.0,2.0
6,2020,Spanish Grand Prix,1050,5784,15,Catalunya,2020-08-16 15:10:00,20,Kevin Magnussen,MAG,kevin_magnussen,haas,15.0,16.0,15,+1 Lap,0.0,0 days 02:46:00,65.0,29.796899224806204,0.0,1.5449612403100776,0 days 00:00:02.324000,1.0,1.0
6,2020,Spanish Grand Prix,1050,5784,15,Catalunya,2020-08-16 15:10:00,99,Antonio Giovinazzi,GIO,giovinazzi,alfa,16.0,20.0,16,+1 Lap,0.0,0 days 02:46:00,65.0,29.796899224806204,0.0,1.5449612403100776,0 days 00:00:03.113000,2.0,2.0
6,2020,Spanish Grand Prix,1050,5784,15,Catalunya,2020-08-16 15:10:00,63,George Russell,RUS,russell,williams,17.0,18.0,17,+1 Lap,0.0,0 days 02:46:00,65.0,29.796899224806204,0.0,1.5449612403100776,0 days 00:00:02.515000,0.0,0.0
6,2020,Spanish Grand Prix,1050,5784,15,Catalunya,2020-08-16 15:10:00,6,Nicholas Latifi,LAT,latifi,williams,18.0,19.0,18,+2 Laps,0.0,0 days 02:46:00,64.0,29.796899224806204,0.0,1.5449612403100776,0 days 00:00:02.948000,0.0,0.0
6,2020,Spanish Grand Prix,1050,5784,15,Catalunya,2020-08-16 15:10:00,8,Romain Grosjean,GRO,grosjean,haas,19.0,17.0,19,+2 Laps,0.0,0 days 02:46:00,64.0,29.796899224806204,0.0,1.5449612403100776,0 days 00:00:02.505000,0.0,1.0
6,2020,Spanish Grand Prix,1050,5784,15,Catalunya,2020-08-16 15:10:00,16,Charles Leclerc,LEC,leclerc,ferrari,20.0,9.0,R,Electronics,0.0,0 days 02:46:00,38.0,29.796899224806204,0.0,1.5449612403100776,0 days 00:00:01.369000,45.0,61.0
7,2020,Belgian Grand Prix,1051,5792,7,Spa-Francorchamps,2020-08-30 15:10:00,44,Lewis Hamilton,HAM,hamilton,mercedes,1.0,1.0,1,Finished,25.0,0 days 01:24:08.761000,44.0,18.568595041322315,0.0,1.4652892561983473,0 days 00:00:00,157.0,264.0
7,2020,Belgian Grand Prix,1051,5792,7,Spa-Francorchamps,2020-08-30 15:10:00,77,Valtteri Bottas,BOT,bottas,mercedes,2.0,2.0,2,Finished,18.0,0 days 00:00:08.448000,44.0,18.568595041322315,0.0,1.4652892561983473,0 days 00:00:00.511000,107.0,264.0
7,2020,Belgian Grand Prix,1051,5792,7,Spa-Francorchamps,2020-08-30 15:10:00,33,Max Verstappen,VER,max_verstappen,red_bull,3.0,3.0,3,Finished,15.0,0 days 00:00:15.455000,44.0,18.568595041322315,0.0,1.4652892561983473,0 days 00:00:00.526000,110.0,158.0
7,2020,Belgian Grand Prix,1051,5792,7,Spa-Francorchamps,2020-08-30 15:10:00,3,Daniel Ricciardo,RIC,ricciardo,renault,4.0,4.0,4,Finished,13.0,0 days 00:00:18.877000,44.0,18.568595041322315,0.0,1.4652892561983473,0 days 00:00:00.809000,33.0,59.0
7,2020,Belgian Grand Prix,1051,5792,7,Spa-Francorchamps,2020-08-30 15:10:00,31,Esteban Ocon,OCO,ocon,renault,5.0,6.0,5,Finished,10.0,0 days 00:00:40.650000,44.0,18.568595041322315,0.0,1.4652892561983473,0 days 00:00:01.144000,26.0,59.0
7,2020,Belgian Grand Prix,1051,5792,7,Spa-Francorchamps,2020-08-30 15:10:00,23,Alexander Albon,ALB,albon,red_bull,6.0,5.0,6,Finished,8.0,0 days 00:00:42.712000,44.0,18.568595041322315,0.0,1.4652892561983473,0 days 00:00:00.941000,48.0,158.0
7,2020,Belgian Grand Prix,1051,5792,7,Spa-Francorchamps,2020-08-30 15:10:00,4,Lando Norris,NOR,norris,mclaren,7.0,10.0,7,Finished,6.0,0 days 00:00:43.774000,44.0,18.568595041322315,0.0,1.4652892561983473,0 days 00:00:01.405000,45.0,68.0
7,2020,Belgian Grand Prix,1051,5792,7,Spa-Francorchamps,2020-08-30 15:10:00,10,Pierre Gasly,GAS,gasly,alphatauri,8.0,12.0,8,Finished,4.0,0 days 00:00:47.371000,44.0,18.568595041322315,0.0,1.4652892561983473,0 days 00:00:01.493000,18.0,20.0
7,2020,Belgian Grand Prix,1051,5792,7,Spa-Francorchamps,2020-08-30 15:10:00,18,Lance Stroll,STR,stroll,racing_point,9.0,9.0,9,Finished,2.0,0 days 00:00:52.603000,44.0,18.568595041322315,0.0,1.4652892561983473,0 days 00:00:01.239000,42.0,66.0
7,2020,Belgian Grand Prix,1051,5792,7,Spa-Francorchamps,2020-08-30 15:10:00,11,Sergio Perez,PER,perez,racing_point,10.0,8.0,10,Finished,1.0,0 days 00:00:53.179000,44.0,18.568595041322315,0.0,1.4652892561983473,0 days 00:00:01.280000,33.0,66.0
7,2020,Belgian Grand Prix,1051,5792,7,Spa-Francorchamps,2020-08-30 15:10:00,26,Daniil Kvyat,KVY,kvyat,alphatauri,11.0,11.0,11,Finished,0.0,0 days 00:01:10.200000,44.0,18.568595041322315,0.0,1.4652892561983473,0 days 00:00:01.478000,2.0,20.0
7,2020,Belgian Grand Prix,1051,5792,7,Spa-Francorchamps,2020-08-30 15:10:00,7,Kimi Räikkönen,RAI,raikkonen,alfa,12.0,16.0,12,Finished,0.0,0 days 00:01:11.504000,44.0,18.568595041322315,0.0,1.4652892561983473,0 days 00:00:02.491000,0.0,2.0
7,2020,Belgian Grand Prix,1051,5792,7,Spa-Francorchamps,2020-08-30 15:10:00,5,Sebastian Vettel,VET,vettel,ferrari,13.0,14.0,13,Finished,0.0,0 days 00:01:12.894000,44.0,18.568595041322315,0.0,1.4652892561983473,0 days 00:00:02.009000,16.0,61.0
7,2020,Belgian Grand Prix,1051,5792,7,Spa-Francorchamps,2020-08-30 15:10:00,16,Charles Leclerc,LEC,leclerc,ferrari,14.0,13.0,14,Finished,0.0,0 days 00:01:14.920000,44.0,18.568595041322315,0.0,1.4652892561983473,0 days 00:00:01.744000,45.0,61.0
7,2020,Belgian Grand Prix,1051,5792,7,Spa-Francorchamps,2020-08-30 15:10:00,8,Romain Grosjean,GRO,grosjean,haas,15.0,17.0,15,Finished,0.0,0 days 00:01:16.793000,44.0,18.568595041322315,0.0,1.4652892561983473,0 days 00:00:02.586000,0.0,1.0
7,2020,Belgian Grand Prix,1051,5792,7,Spa-Francorchamps,2020-08-30 15:10:00,6,Nicholas Latifi,LAT,latifi,williams,16.0,19.0,16,Finished,0.0,0 days 00:01:17.795000,44.0,18.568595041322315,0.0,1.4652892561983473,0 days 00:00:02.886000,0.0,0.0
7,2020,Belgian Grand Prix,1051,5792,7,Spa-Francorchamps,2020-08-30 15:10:00,20,Kevin Magnussen,MAG,kevin_magnussen,haas,17.0,20.0,17,Finished,0.0,0 days 00:01:25.540000,44.0,18.568595041322315,0.0,1.4652892561983473,0 days 00:00:03.062000,1.0,1.0
7,2020,Belgian Grand Prix,1051,5792,7,Spa-Francorchamps,2020-08-30 15:10:00,99,Antonio Giovinazzi,GIO,giovinazzi,alfa,18.0,18.0,R,Accident,0.0,0 days 02:46:00,9.0,18.568595041322315,0.0,1.4652892561983473,0 days 00:00:02.698000,2.0,2.0
7,2020,Belgian Grand Prix,1051,5792,7,Spa-Francorchamps,2020-08-30 15:10:00,63,George Russell,RUS,russell,williams,19.0,15.0,R,Debris,0.0,0 days 02:46:00,9.0,18.568595041322315,0.0,1.4652892561983473,0 days 00:00:02.216000,0.0,0.0
7,2020,Belgian Grand Prix,1051,5792,7,Spa-Francorchamps,2020-08-30 15:10:00,55,Carlos Sainz,SAI,sainz,mclaren,20.0,7.0,W,Exhaust,0.0,0 days 02:46:00,0.0,18.568595041322315,0.0,1.4652892561983473,0 days 00:00:01.186000,23.0,68.0
8,2020,Italian Grand Prix,1052,5800,39,Monza,2020-09-06 15:10:00,10,Pierre Gasly,GAS,gasly,alphatauri,1.0,10.0,1,Finished,25.0,0 days 01:47:06.056000,53.0,28.09090909090909,0.0,1.520979020979021,0 days 00:00:01.022000,43.0,47.0
8,2020,Italian Grand Prix,1052,5800,39,Monza,2020-09-06 15:10:00,55,Carlos Sainz,SAI,sainz,mclaren,2.0,3.0,2,Finished,18.0,0 days 00:00:00.415000,53.0,28.09090909090909,0.0,1.520979020979021,0 days 00:00:00.808000,41.0,98.0
8,2020,Italian Grand Prix,1052,5800,39,Monza,2020-09-06 15:10:00,18,Lance Stroll,STR,stroll,racing_point,3.0,8.0,3,Finished,15.0,0 days 00:00:03.358000,53.0,28.09090909090909,0.0,1.520979020979021,0 days 00:00:01.037000,57.0,82.0
8,2020,Italian Grand Prix,1052,5800,39,Monza,2020-09-06 15:10:00,4,Lando Norris,NOR,norris,mclaren,4.0,6.0,4,Finished,12.0,0 days 00:00:06,53.0,28.09090909090909,0.0,1.520979020979021,0 days 00:00:00.933000,57.0,98.0
8,2020,Italian Grand Prix,1052,5800,39,Monza,2020-09-06 15:10:00,77,Valtteri Bottas,BOT,bottas,mercedes,5.0,2.0,5,Finished,10.0,0 days 00:00:07.108000,53.0,28.09090909090909,0.0,1.520979020979021,0 days 00:00:00.065000,117.0,281.0
8,2020,Italian Grand Prix,1052,5800,39,Monza,2020-09-06 15:10:00,3,Daniel Ricciardo,RIC,ricciardo,renault,6.0,7.0,6,Finished,8.0,0 days 00:00:08.391000,53.0,28.09090909090909,0.0,1.520979020979021,0 days 00:00:00.977000,41.0,71.0
8,2020,Italian Grand Prix,1052,5800,39,Monza,2020-09-06 15:10:00,44,Lewis Hamilton,HAM,hamilton,mercedes,7.0,1.0,7,Finished,7.0,0 days 00:00:17.245000,53.0,28.09090909090909,0.0,1.520979020979021,0 days 00:00:00,164.0,281.0
8,2020,Italian Grand Prix,1052,5800,39,Monza,2020-09-06 15:10:00,31,Esteban Ocon,OCO,ocon,renault,8.0,12.0,8,Finished,4.0,0 days 00:00:18.691000,53.0,28.09090909090909,0.0,1.520979020979021,0 days 00:00:01.347000,30.0,71.0
8,2020,Italian Grand Prix,1052,5800,39,Monza,2020-09-06 15:10:00,26,Daniil Kvyat,KVY,kvyat,alphatauri,9.0,11.0,9,Finished,2.0,0 days 00:00:22.208000,53.0,28.09090909090909,0.0,1.520979020979021,0 days 00:00:01.282000,4.0,47.0
8,2020,Italian Grand Prix,1052,5800,39,Monza,2020-09-06 15:10:00,11,Sergio Perez,PER,perez,racing_point,10.0,4.0,10,Finished,1.0,0 days 00:00:23.224000,53.0,28.09090909090909,0.0,1.520979020979021,0 days 00:00:00.831000,34.0,82.0
8,2020,Italian Grand Prix,1052,5800,39,Monza,2020-09-06 15:10:00,6,Nicholas Latifi,LAT,latifi,williams,11.0,20.0,11,Finished,0.0,0 days 00:00:32.876000,53.0,28.09090909090909,0.0,1.520979020979021,0 days 00:00:02.830000,0.0,0.0
8,2020,Italian Grand Prix,1052,5800,39,Monza,2020-09-06 15:10:00,8,Romain Grosjean,GRO,grosjean,haas,12.0,16.0,12,Finished,0.0,0 days 00:00:35.164000,53.0,28.09090909090909,0.0,1.520979020979021,0 days 00:00:02.252000,0.0,1.0
8,2020,Italian Grand Prix,1052,5800,39,Monza,2020-09-06 15:10:00,7,Kimi Räikkönen,RAI,raikkonen,alfa,13.0,14.0,13,Finished,0.0,0 days 00:00:36.312000,53.0,28.09090909090909,0.0,1.520979020979021,0 days 00:00:02.039000,0.0,2.0
8,2020,Italian Grand Prix,1052,5800,39,Monza,2020-09-06 15:10:00,63,George Russell,RUS,russell,williams,14.0,19.0,14,Finished,0.0,0 days 00:00:36.593000,53.0,28.09090909090909,0.0,1.520979020979021,0 days 00:00:02.700000,0.0,0.0
8,2020,Italian Grand Prix,1052,5800,39,Monza,2020-09-06 15:10:00,23,Alexander Albon,ALB,albon,red_bull,15.0,9.0,15,Finished,0.0,0 days 00:00:37.533000,53.0,28.09090909090909,0.0,1.520979020979021,0 days 00:00:01.177000,48.0,158.0
8,2020,Italian Grand Prix,1052,5800,39,Monza,2020-09-06 15:10:00,99,Antonio Giovinazzi,GIO,giovinazzi,alfa,16.0,18.0,16,Finished,0.0,0 days 00:00:55.199000,53.0,28.09090909090909,0.0,1.520979020979021,0 days 00:00:02.319000,2.0,2.0
8,2020,Italian Grand Prix,1052,5800,39,Monza,2020-09-06 15:10:00,33,Max Verstappen,VER,max_verstappen,red_bull,17.0,5.0,R,Power Unit,0.0,0 days 02:46:00,30.0,28.09090909090909,0.0,1.520979020979021,0 days 00:00:00.893000,110.0,158.0
8,2020,Italian Grand Prix,1052,5800,39,Monza,2020-09-06 15:10:00,16,Charles Leclerc,LEC,leclerc,ferrari,18.0,13.0,R,Accident,0.0,0 days 02:46:00,23.0,28.09090909090909,0.0,1.520979020979021,0 days 00:00:01.386000,45.0,61.0
8,2020,Italian Grand Prix,1052,5800,39,Monza,2020-09-06 15:10:00,20,Kevin Magnussen,MAG,kevin_magnussen,haas,19.0,15.0,R,Power Unit,0.0,0 days 02:46:00,17.0,28.09090909090909,0.0,1.520979020979021,0 days 00:00:01.982000,1.0,1.0
8,2020,Italian Grand Prix,1052,5800,39,Monza,2020-09-06 15:10:00,5,Sebastian Vettel,VET,vettel,ferrari,20.0,17.0,R,Brakes,0.0,0 days 02:46:00,6.0,28.09090909090909,0.0,1.520979020979021,0 days 00:00:02.264000,16.0,61.0
9,2020,Tuscan Grand Prix,1053,5872,149,Mugello,2020-09-13 15:10:00,44,Lewis Hamilton,HAM,hamilton,mercedes,1.0,1.0,1,Finished,26.0,0 days 02:19:35.060000,59.0,30.16988636363636,0.0,2.3647727272727272,0 days 00:00:00,190.0,325.0
9,2020,Tuscan Grand Prix,1053,5872,149,Mugello,2020-09-13 15:10:00,77,Valtteri Bottas,BOT,bottas,mercedes,2.0,2.0,2,Finished,18.0,0 days 00:00:04.880000,59.0,30.16988636363636,0.0,2.3647727272727272,0 days 00:00:00.059000,135.0,325.0
9,2020,Tuscan Grand Prix,1053,5872,149,Mugello,2020-09-13 15:10:00,23,Alexander Albon,ALB,albon,red_bull,3.0,4.0,3,Finished,15.0,0 days 00:00:08.064000,59.0,30.16988636363636,0.0,2.3647727272727272,0 days 00:00:00.770000,63.0,173.0
9,2020,Tuscan Grand Prix,1053,5872,149,Mugello,2020-09-13 15:10:00,3,Daniel Ricciardo,RIC,ricciardo,renault,4.0,8.0,4,Finished,12.0,0 days 00:00:10.417000,59.0,30.16988636363636,0.0,2.3647727272727272,0 days 00:00:01.099000,53.0,83.0
9,2020,Tuscan Grand Prix,1053,5872,149,Mugello,2020-09-13 15:10:00,11,Sergio Perez,PER,perez,racing_point,5.0,7.0,5,Finished,10.0,0 days 00:00:15.650000,59.0,30.16988636363636,0.0,2.3647727272727272,0 days 00:00:01.167000,44.0,92.0
9,2020,Tuscan Grand Prix,1053,5872,149,Mugello,2020-09-13 15:10:00,4,Lando Norris,NOR,norris,mclaren,6.0,11.0,6,Finished,8.0,0 days 00:00:18.883000,59.0,30.16988636363636,0.0,2.3647727272727272,0 days 00:00:01.496000,65.0,106.0
9,2020,Tuscan Grand Prix,1053,5872,149,Mugello,2020-09-13 15:10:00,26,Daniil Kvyat,KVY,kvyat,alphatauri,7.0,12.0,7,Finished,6.0,0 days 00:00:21.756000,59.0,30.16988636363636,0.0,2.3647727272727272,0 days 00:00:01.710000,10.0,53.0
9,2020,Tuscan Grand Prix,1053,5872,149,Mugello,2020-09-13 15:10:00,16,Charles Leclerc,LEC,leclerc,ferrari,8.0,5.0,8,Finished,4.0,0 days 00:00:28.345000,59.0,30.16988636363636,0.0,2.3647727272727272,0 days 00:00:01.126000,49.0,66.0
9,2020,Tuscan Grand Prix,1053,5872,149,Mugello,2020-09-13 15:10:00,7,Kimi Räikkönen,RAI,raikkonen,alfa,9.0,13.0,9,Finished,2.0,0 days 00:00:29.770000,59.0,30.16988636363636,0.0,2.3647727272727272,0 days 00:00:01.710000,2.0,4.0
9,2020,Tuscan Grand Prix,1053,5872,149,Mugello,2020-09-13 15:10:00,5,Sebastian Vettel,VET,vettel,ferrari,10.0,14.0,10,Finished,1.0,0 days 00:00:29.983000,59.0,30.16988636363636,0.0,2.3647727272727272,0 days 00:00:01.714000,17.0,66.0
9,2020,Tuscan Grand Prix,1053,5872,149,Mugello,2020-09-13 15:10:00,63,George Russell,RUS,russell,williams,11.0,18.0,11,Finished,0.0,0 days 00:00:32.404000,59.0,30.16988636363636,0.0,2.3647727272727272,0 days 00:00:02.088000,0.0,0.0
9,2020,Tuscan Grand Prix,1053,5872,149,Mugello,2020-09-13 15:10:00,8,Romain Grosjean,GRO,grosjean,haas,12.0,15.0,12,Finished,0.0,0 days 00:00:42.036000,59.0,30.16988636363636,0.0,2.3647727272727272,0 days 00:00:01.925000,0.0,1.0
9,2020,Tuscan Grand Prix,1053,5872,149,Mugello,2020-09-13 15:10:00,18,Lance Stroll,STR,stroll,racing_point,13.0,6.0,R,Puncture,0.0,0 days 02:46:00,42.0,30.16988636363636,0.0,2.3647727272727272,0 days 00:00:01.127000,57.0,92.0
9,2020,Tuscan Grand Prix,1053,5872,149,Mugello,2020-09-13 15:10:00,31,Esteban Ocon,OCO,ocon,renault,14.0,10.0,R,Brakes,0.0,0 days 02:46:00,7.0,30.16988636363636,0.0,2.3647727272727272,0 days 00:00:01.153000,30.0,83.0
9,2020,Tuscan Grand Prix,1053,5872,149,Mugello,2020-09-13 15:10:00,6,Nicholas Latifi,LAT,latifi,williams,15.0,19.0,R,Collision,0.0,0 days 02:46:00,6.0,30.16988636363636,0.0,2.3647727272727272,0 days 00:00:02.176000,0.0,0.0
9,2020,Tuscan Grand Prix,1053,5872,149,Mugello,2020-09-13 15:10:00,20,Kevin Magnussen,MAG,kevin_magnussen,haas,16.0,20.0,R,Collision,0.0,0 days 02:46:00,5.0,30.16988636363636,0.0,2.3647727272727272,0 days 00:00:02.204000,1.0,1.0
9,2020,Tuscan Grand Prix,1053,5872,149,Mugello,2020-09-13 15:10:00,99,Antonio Giovinazzi,GIO,giovinazzi,alfa,17.0,17.0,R,Collision,0.0,0 days 02:46:00,5.0,30.16988636363636,0.0,2.3647727272727272,0 days 00:00:02.076000,2.0,4.0
9,2020,Tuscan Grand Prix,1053,5872,149,Mugello,2020-09-13 15:10:00,55,Carlos Sainz,SAI,sainz,mclaren,18.0,9.0,R,Collision,0.0,0 days 02:46:00,5.0,30.16988636363636,0.0,2.3647727272727272,0 days 00:00:01.378000,41.0,106.0
9,2020,Tuscan Grand Prix,1053,5872,149,Mugello,2020-09-13 15:10:00,33,Max Verstappen,VER,max_verstappen,red_bull,19.0,3.0,R,Collision,0.0,0 days 02:46:00,0.0,30.16988636363636,0.0,2.3647727272727272,0 days 00:00:00.327000,110.0,173.0
9,2020,Tuscan Grand Prix,1053,5872,149,Mugello,2020-09-13 15:10:00,10,Pierre Gasly,GAS,gasly,alphatauri,20.0,16.0,R,Collision,0.0,0 days 02:46:00,0.0,30.16988636363636,0.0,2.3647727272727272,0 days 00:00:01.981000,43.0,53.0
10,2020,Russian Grand Prix,1054,5880,79,Sochi,2020-09-27 14:10:00,77,Valtteri Bottas,BOT,bottas,mercedes,1.0,3.0,1,Finished,26.0,0 days 01:34:00.364000,53.0,28.80606060606061,0.0,1.4287878787878787,0 days 00:00:00.652000,161.0,366.0
10,2020,Russian Grand Prix,1054,5880,79,Sochi,2020-09-27 14:10:00,33,Max Verstappen,VER,max_verstappen,red_bull,2.0,2.0,2,Finished,18.0,0 days 00:00:07.729000,53.0,28.80606060606061,0.0,1.4287878787878787,0 days 00:00:00.563000,128.0,192.0
10,2020,Russian Grand Prix,1054,5880,79,Sochi,2020-09-27 14:10:00,44,Lewis Hamilton,HAM,hamilton,mercedes,3.0,1.0,3,Finished,15.0,0 days 00:00:22.729000,53.0,28.80606060606061,0.0,1.4287878787878787,0 days 00:00:00,205.0,366.0
10,2020,Russian Grand Prix,1054,5880,79,Sochi,2020-09-27 14:10:00,11,Sergio Perez,PER,perez,racing_point,4.0,4.0,4,Finished,12.0,0 days 00:00:30.558000,53.0,28.80606060606061,0.0,1.4287878787878787,0 days 00:00:01.013000,56.0,104.0
10,2020,Russian Grand Prix,1054,5880,79,Sochi,2020-09-27 14:10:00,3,Daniel Ricciardo,RIC,ricciardo,renault,5.0,5.0,5,Finished,10.0,0 days 00:00:52.065000,53.0,28.80606060606061,0.0,1.4287878787878787,0 days 00:00:00.914000,63.0,99.0
10,2020,Russian Grand Prix,1054,5880,79,Sochi,2020-09-27 14:10:00,16,Charles Leclerc,LEC,leclerc,ferrari,6.0,10.0,6,Finished,8.0,0 days 00:01:02.186000,53.0,28.80606060606061,0.0,1.4287878787878787,0 days 00:00:01.935000,57.0,74.0
10,2020,Russian Grand Prix,1054,5880,79,Sochi,2020-09-27 14:10:00,31,Esteban Ocon,OCO,ocon,renault,7.0,7.0,7,Finished,6.0,0 days 00:01:08.006000,53.0,28.80606060606061,0.0,1.4287878787878787,0 days 00:00:01.320000,36.0,99.0
10,2020,Russian Grand Prix,1054,5880,79,Sochi,2020-09-27 14:10:00,26,Daniil Kvyat,KVY,kvyat,alphatauri,8.0,11.0,8,Finished,4.0,0 days 00:01:08.740000,53.0,28.80606060606061,0.0,1.4287878787878787,0 days 00:00:01.945000,14.0,59.0
10,2020,Russian Grand Prix,1054,5880,79,Sochi,2020-09-27 14:10:00,10,Pierre Gasly,GAS,gasly,alphatauri,9.0,9.0,9,Finished,2.0,0 days 00:01:29.766000,53.0,28.80606060606061,0.0,1.4287878787878787,0 days 00:00:01.696000,45.0,59.0
10,2020,Russian Grand Prix,1054,5880,79,Sochi,2020-09-27 14:10:00,23,Alexander Albon,ALB,albon,red_bull,10.0,15.0,10,Finished,1.0,0 days 00:01:37.860000,53.0,28.80606060606061,0.0,1.4287878787878787,0 days 00:00:01.704000,64.0,192.0
10,2020,Russian Grand Prix,1054,5880,79,Sochi,2020-09-27 14:10:00,99,Antonio Giovinazzi,GIO,giovinazzi,alfa,11.0,17.0,11,+1 Lap,0.0,0 days 02:46:00,52.0,28.80606060606061,0.0,1.4287878787878787,0 days 00:00:03.290000,2.0,4.0
10,2020,Russian Grand Prix,1054,5880,79,Sochi,2020-09-27 14:10:00,20,Kevin Magnussen,MAG,kevin_magnussen,haas,12.0,18.0,12,+1 Lap,0.0,0 days 02:46:00,52.0,28.80606060606061,0.0,1.4287878787878787,0 days 00:00:03.377000,1.0,1.0
10,2020,Russian Grand Prix,1054,5880,79,Sochi,2020-09-27 14:10:00,5,Sebastian Vettel,VET,vettel,ferrari,13.0,14.0,13,+1 Lap,0.0,0 days 02:46:00,52.0,28.80606060606061,0.0,1.4287878787878787,0 days 00:00:02.305000,17.0,74.0
10,2020,Russian Grand Prix,1054,5880,79,Sochi,2020-09-27 14:10:00,7,Kimi Räikkönen,RAI,raikkonen,alfa,14.0,19.0,14,+1 Lap,0.0,0 days 02:46:00,52.0,28.80606060606061,0.0,1.4287878787878787,0 days 00:00:03.963000,2.0,4.0
10,2020,Russian Grand Prix,1054,5880,79,Sochi,2020-09-27 14:10:00,4,Lando Norris,NOR,norris,mclaren,15.0,8.0,15,+1 Lap,0.0,0 days 02:46:00,52.0,28.80606060606061,0.0,1.4287878787878787,0 days 00:00:01.543000,65.0,106.0
10,2020,Russian Grand Prix,1054,5880,79,Sochi,2020-09-27 14:10:00,6,Nicholas Latifi,LAT,latifi,williams,16.0,20.0,16,+1 Lap,0.0,0 days 02:46:00,52.0,28.80606060606061,0.0,1.4287878787878787,0 days 00:00:03.762000,0.0,0.0
10,2020,Russian Grand Prix,1054,5880,79,Sochi,2020-09-27 14:10:00,8,Romain Grosjean,GRO,grosjean,haas,17.0,16.0,17,+1 Lap,0.0,0 days 02:46:00,52.0,28.80606060606061,0.0,1.4287878787878787,0 days 00:00:03.288000,0.0,1.0
10,2020,Russian Grand Prix,1054,5880,79,Sochi,2020-09-27 14:10:00,63,George Russell,RUS,russell,williams,18.0,13.0,18,+1 Lap,0.0,0 days 02:46:00,52.0,28.80606060606061,0.0,1.4287878787878787,0 days 00:00:02.279000,0.0,0.0
10,2020,Russian Grand Prix,1054,5880,79,Sochi,2020-09-27 14:10:00,55,Carlos Sainz,SAI,sainz,mclaren,19.0,6.0,R,Accident,0.0,0 days 02:46:00,0.0,28.80606060606061,0.0,1.4287878787878787,0 days 00:00:01.246000,41.0,106.0
10,2020,Russian Grand Prix,1054,5880,79,Sochi,2020-09-27 14:10:00,18,Lance Stroll,STR,stroll,racing_point,20.0,12.0,R,Collision,0.0,0 days 02:46:00,0.0,28.80606060606061,0.0,1.4287878787878787,0 days 00:00:02.060000,57.0,104.0
11,2020,Eifel Grand Prix,1055,5888,72,Nürburgring,2020-10-11 15:10:00,44,Lewis Hamilton,HAM,hamilton,mercedes,1.0,2.0,1,Finished,25.0,0 days 01:35:49.641000,60.0,9.5,0.0204081632653061,1.6173469387755102,0 days 00:00:00.121000,230.0,391.0
11,2020,Eifel Grand Prix,1055,5888,72,Nürburgring,2020-10-11 15:10:00,33,Max Verstappen,VER,max_verstappen,red_bull,2.0,3.0,2,Finished,19.0,0 days 00:00:04.470000,60.0,9.5,0.0204081632653061,1.6173469387755102,0 days 00:00:00.198000,147.0,211.0
11,2020,Eifel Grand Prix,1055,5888,72,Nürburgring,2020-10-11 15:10:00,3,Daniel Ricciardo,RIC,ricciardo,renault,3.0,6.0,3,Finished,15.0,0 days 00:00:14.613000,60.0,9.5,0.0204081632653061,1.6173469387755102,0 days 00:00:00.827000,78.0,114.0
11,2020,Eifel Grand Prix,1055,5888,72,Nürburgring,2020-10-11 15:10:00,11,Sergio Perez,PER,perez,racing_point,4.0,9.0,4,Finished,12.0,0 days 00:00:16.070000,60.0,9.5,0.0204081632653061,1.6173469387755102,0 days 00:00:01.061000,68.0,120.0
11,2020,Eifel Grand Prix,1055,5888,72,Nürburgring,2020-10-11 15:10:00,55,Carlos Sainz,SAI,sainz,mclaren,5.0,10.0,5,Finished,10.0,0 days 00:00:21.905000,60.0,9.5,0.0204081632653061,1.6173469387755102,0 days 00:00:01.092000,51.0,116.0
11,2020,Eifel Grand Prix,1055,5888,72,Nürburgring,2020-10-11 15:10:00,10,Pierre Gasly,GAS,gasly,alphatauri,6.0,12.0,6,Finished,8.0,0 days 00:00:22.766000,60.0,9.5,0.0204081632653061,1.6173469387755102,0 days 00:00:01.507000,53.0,67.0
11,2020,Eifel Grand Prix,1055,5888,72,Nürburgring,2020-10-11 15:10:00,16,Charles Leclerc,LEC,leclerc,ferrari,7.0,4.0,7,Finished,6.0,0 days 00:00:30.814000,60.0,9.5,0.0204081632653061,1.6173469387755102,0 days 00:00:00.766000,63.0,80.0
11,2020,Eifel Grand Prix,1055,5888,72,Nürburgring,2020-10-11 15:10:00,27,Nico Hulkenberg,HUL,hulkenberg,racing_point,8.0,20.0,8,Finished,4.0,0 days 00:00:32.596000,60.0,9.5,0.0204081632653061,1.6173469387755102,0 days 00:00:02.752000,10.0,120.0
11,2020,Eifel Grand Prix,1055,5888,72,Nürburgring,2020-10-11 15:10:00,8,Romain Grosjean,GRO,grosjean,haas,9.0,16.0,9,Finished,2.0,0 days 00:00:39.081000,60.0,9.5,0.0204081632653061,1.6173469387755102,0 days 00:00:02.283000,2.0,3.0
11,2020,Eifel Grand Prix,1055,5888,72,Nürburgring,2020-10-11 15:10:00,99,Antonio Giovinazzi,GIO,giovinazzi,alfa,10.0,14.0,10,Finished,1.0,0 days 00:00:40.035000,60.0,9.5,0.0204081632653061,1.6173469387755102,0 days 00:00:01.667000,3.0,5.0
11,2020,Eifel Grand Prix,1055,5888,72,Nürburgring,2020-10-11 15:10:00,5,Sebastian Vettel,VET,vettel,ferrari,11.0,11.0,11,Finished,0.0,0 days 00:00:40.810000,60.0,9.5,0.0204081632653061,1.6173469387755102,0 days 00:00:01.469000,17.0,80.0
11,2020,Eifel Grand Prix,1055,5888,72,Nürburgring,2020-10-11 15:10:00,7,Kimi Räikkönen,RAI,raikkonen,alfa,12.0,19.0,12,Finished,0.0,0 days 00:00:41.476000,60.0,9.5,0.0204081632653061,1.6173469387755102,0 days 00:00:02.548000,2.0,5.0
11,2020,Eifel Grand Prix,1055,5888,72,Nürburgring,2020-10-11 15:10:00,20,Kevin Magnussen,MAG,kevin_magnussen,haas,13.0,15.0,13,Finished,0.0,0 days 00:00:49.585000,60.0,9.5,0.0204081632653061,1.6173469387755102,0 days 00:00:01.856000,1.0,3.0
11,2020,Eifel Grand Prix,1055,5888,72,Nürburgring,2020-10-11 15:10:00,6,Nicholas Latifi,LAT,latifi,williams,14.0,18.0,14,Finished,0.0,0 days 00:00:54.449000,60.0,9.5,0.0204081632653061,1.6173469387755102,0 days 00:00:02.543000,0.0,0.0
11,2020,Eifel Grand Prix,1055,5888,72,Nürburgring,2020-10-11 15:10:00,26,Daniil Kvyat,KVY,kvyat,alphatauri,15.0,13.0,15,Finished,0.0,0 days 00:00:55.588000,60.0,9.5,0.0204081632653061,1.6173469387755102,0 days 00:00:01.579000,14.0,67.0
11,2020,Eifel Grand Prix,1055,5888,72,Nürburgring,2020-10-11 15:10:00,4,Lando Norris,NOR,norris,mclaren,16.0,8.0,R,Power Unit,0.0,0 days 02:46:00,42.0,9.5,0.0204081632653061,1.6173469387755102,0 days 00:00:01.047000,65.0,116.0
11,2020,Eifel Grand Prix,1055,5888,72,Nürburgring,2020-10-11 15:10:00,23,Alexander Albon,ALB,albon,red_bull,17.0,5.0,R,Radiator,0.0,0 days 02:46:00,23.0,9.5,0.0204081632653061,1.6173469387755102,0 days 00:00:00.778000,64.0,211.0
11,2020,Eifel Grand Prix,1055,5888,72,Nürburgring,2020-10-11 15:10:00,31,Esteban Ocon,OCO,ocon,renault,18.0,7.0,R,Gearbox,0.0,0 days 02:46:00,22.0,9.5,0.0204081632653061,1.6173469387755102,0 days 00:00:00.973000,36.0,114.0
11,2020,Eifel Grand Prix,1055,5888,72,Nürburgring,2020-10-11 15:10:00,77,Valtteri Bottas,BOT,bottas,mercedes,19.0,1.0,R,Power Unit,0.0,0 days 02:46:00,18.0,9.5,0.0204081632653061,1.6173469387755102,0 days 00:00:00,161.0,391.0
11,2020,Eifel Grand Prix,1055,5888,72,Nürburgring,2020-10-11 15:10:00,63,George Russell,RUS,russell,williams,20.0,17.0,R,Collision,0.0,0 days 02:46:00,12.0,9.5,0.0204081632653061,1.6173469387755102,0 days 00:00:02.295000,0.0,0.0
12,2020,Portuguese Grand Prix,1056,5896,147,Algarve International Circuit,2020-10-25 13:10:00,44,Lewis Hamilton,HAM,hamilton,mercedes,1.0,1.0,1,Finished,26.0,0 days 01:29:56.828000,66.0,20.50546875,0.0,4.040625,0 days 00:00:00.186000,256.0,435.0
12,2020,Portuguese Grand Prix,1056,5896,147,Algarve International Circuit,2020-10-25 13:10:00,77,Valtteri Bottas,BOT,bottas,mercedes,2.0,2.0,2,Finished,18.0,0 days 00:00:25.592000,66.0,20.50546875,0.0,4.040625,0 days 00:00:00,179.0,435.0
12,2020,Portuguese Grand Prix,1056,5896,147,Algarve International Circuit,2020-10-25 13:10:00,33,Max Verstappen,VER,max_verstappen,red_bull,3.0,3.0,3,Finished,15.0,0 days 00:00:34.508000,66.0,20.50546875,0.0,4.040625,0 days 00:00:00.413000,162.0,226.0
12,2020,Portuguese Grand Prix,1056,5896,147,Algarve International Circuit,2020-10-25 13:10:00,16,Charles Leclerc,LEC,leclerc,ferrari,4.0,4.0,4,Finished,12.0,0 days 00:01:05.312000,66.0,20.50546875,0.0,4.040625,0 days 00:00:00.624000,75.0,93.0
12,2020,Portuguese Grand Prix,1056,5896,147,Algarve International Circuit,2020-10-25 13:10:00,10,Pierre Gasly,GAS,gasly,alphatauri,5.0,9.0,5,+1 Lap,10.0,0 days 02:46:00,65.0,20.50546875,0.0,4.040625,0 days 00:00:00.743000,63.0,77.0
12,2020,Portuguese Grand Prix,1056,5896,147,Algarve International Circuit,2020-10-25 13:10:00,55,Carlos Sainz,SAI,sainz,mclaren,6.0,7.0,6,+1 Lap,8.0,0 days 02:46:00,65.0,20.50546875,0.0,4.040625,0 days 00:00:00.717000,59.0,124.0
12,2020,Portuguese Grand Prix,1056,5896,147,Algarve International Circuit,2020-10-25 13:10:00,11,Sergio Perez,PER,perez,racing_point,7.0,5.0,7,+1 Lap,6.0,0 days 02:46:00,65.0,20.50546875,0.0,4.040625,0 days 00:00:00.663000,74.0,126.0
12,2020,Portuguese Grand Prix,1056,5896,147,Algarve International Circuit,2020-10-25 13:10:00,31,Esteban Ocon,OCO,ocon,renault,8.0,11.0,8,+1 Lap,4.0,0 days 02:46:00,65.0,20.50546875,0.0,4.040625,0 days 00:00:01.148000,40.0,120.0
12,2020,Portuguese Grand Prix,1056,5896,147,Algarve International Circuit,2020-10-25 13:10:00,3,Daniel Ricciardo,RIC,ricciardo,renault,9.0,10.0,9,+1 Lap,2.0,0 days 02:46:00,65.0,20.50546875,0.0,4.040625,0 days 00:00:01.015000,80.0,120.0
12,2020,Portuguese Grand Prix,1056,5896,147,Algarve International Circuit,2020-10-25 13:10:00,5,Sebastian Vettel,VET,vettel,ferrari,10.0,15.0,10,+1 Lap,1.0,0 days 02:46:00,65.0,20.50546875,0.0,4.040625,0 days 00:00:00.980000,18.0,93.0
12,2020,Portuguese Grand Prix,1056,5896,147,Algarve International Circuit,2020-10-25 13:10:00,7,Kimi Räikkönen,RAI,raikkonen,alfa,11.0,16.0,11,+1 Lap,0.0,0 days 02:46:00,65.0,20.50546875,0.0,4.040625,0 days 00:00:01.735000,2.0,5.0
12,2020,Portuguese Grand Prix,1056,5896,147,Algarve International Circuit,2020-10-25 13:10:00,23,Alexander Albon,ALB,albon,red_bull,12.0,6.0,12,+1 Lap,0.0,0 days 02:46:00,65.0,20.50546875,0.0,4.040625,0 days 00:00:00.945000,64.0,226.0
12,2020,Portuguese Grand Prix,1056,5896,147,Algarve International Circuit,2020-10-25 13:10:00,4,Lando Norris,NOR,norris,mclaren,13.0,8.0,13,+1 Lap,0.0,0 days 02:46:00,65.0,20.50546875,0.0,4.040625,0 days 00:00:00.855000,65.0,124.0
12,2020,Portuguese Grand Prix,1056,5896,147,Algarve International Circuit,2020-10-25 13:10:00,63,George Russell,RUS,russell,williams,14.0,14.0,14,+1 Lap,0.0,0 days 02:46:00,65.0,20.50546875,0.0,4.040625,0 days 00:00:01.322000,0.0,0.0
12,2020,Portuguese Grand Prix,1056,5896,147,Algarve International Circuit,2020-10-25 13:10:00,99,Antonio Giovinazzi,GIO,giovinazzi,alfa,15.0,17.0,15,+1 Lap,0.0,0 days 02:46:00,65.0,20.50546875,0.0,4.040625,0 days 00:00:01.857000,3.0,5.0
12,2020,Portuguese Grand Prix,1056,5896,147,Algarve International Circuit,2020-10-25 13:10:00,20,Kevin Magnussen,MAG,kevin_magnussen,haas,16.0,19.0,16,+1 Lap,0.0,0 days 02:46:00,65.0,20.50546875,0.0,4.040625,0 days 00:00:02.042000,1.0,3.0
12,2020,Portuguese Grand Prix,1056,5896,147,Algarve International Circuit,2020-10-25 13:10:00,8,Romain Grosjean,GRO,grosjean,haas,17.0,18.0,17,+1 Lap,0.0,0 days 02:46:00,65.0,20.50546875,0.0,4.040625,0 days 00:00:01.898000,2.0,3.0
12,2020,Portuguese Grand Prix,1056,5896,147,Algarve International Circuit,2020-10-25 13:10:00,6,Nicholas Latifi,LAT,latifi,williams,18.0,20.0,18,+2 Laps,0.0,0 days 02:46:00,64.0,20.50546875,0.0,4.040625,0 days 00:00:02.311000,0.0,0.0
12,2020,Portuguese Grand Prix,1056,5896,147,Algarve International Circuit,2020-10-25 13:10:00,26,Daniil Kvyat,KVY,kvyat,alphatauri,19.0,13.0,19,+2 Laps,0.0,0 days 02:46:00,64.0,20.50546875,0.0,4.040625,0 days 00:00:01.262000,14.0,77.0
12,2020,Portuguese Grand Prix,1056,5896,147,Algarve International Circuit,2020-10-25 13:10:00,18,Lance Stroll,STR,stroll,racing_point,20.0,12.0,R,Collision damage,0.0,0 days 02:46:00,51.0,20.50546875,0.0,4.040625,0 days 00:00:01.160000,57.0,126.0
13,2020,Emilia Romagna Grand Prix,1057,5904,6,Imola,2020-11-01 13:10:00,44,Lewis Hamilton,HAM,hamilton,mercedes,1.0,2.0,1,Finished,26.0,0 days 01:28:32.430000,63.0,18.0304,0.0,1.3416,0 days 00:00:00.097000,282.0,479.0
13,2020,Emilia Romagna Grand Prix,1057,5904,6,Imola,2020-11-01 13:10:00,77,Valtteri Bottas,BOT,bottas,mercedes,2.0,1.0,2,Finished,18.0,0 days 00:00:05.783000,63.0,18.0304,0.0,1.3416,0 days 00:00:00,197.0,479.0
13,2020,Emilia Romagna Grand Prix,1057,5904,6,Imola,2020-11-01 13:10:00,3,Daniel Ricciardo,RIC,ricciardo,renault,3.0,5.0,3,Finished,15.0,0 days 00:00:14.320000,63.0,18.0304,0.0,1.3416,0 days 00:00:00.911000,95.0,135.0
13,2020,Emilia Romagna Grand Prix,1057,5904,6,Imola,2020-11-01 13:10:00,26,Daniil Kvyat,KVY,kvyat,alphatauri,4.0,8.0,4,Finished,12.0,0 days 00:00:15.141000,63.0,18.0304,0.0,1.3416,0 days 00:00:01.087000,26.0,89.0
13,2020,Emilia Romagna Grand Prix,1057,5904,6,Imola,2020-11-01 13:10:00,16,Charles Leclerc,LEC,leclerc,ferrari,5.0,7.0,5,Finished,10.0,0 days 00:00:19.111000,63.0,18.0304,0.0,1.3416,0 days 00:00:01.007000,85.0,103.0
13,2020,Emilia Romagna Grand Prix,1057,5904,6,Imola,2020-11-01 13:10:00,11,Sergio Perez,PER,perez,racing_point,6.0,11.0,6,Finished,8.0,0 days 00:00:19.652000,63.0,18.0304,0.0,1.3416,0 days 00:00:01.452000,82.0,134.0
13,2020,Emilia Romagna Grand Prix,1057,5904,6,Imola,2020-11-01 13:10:00,55,Carlos Sainz,SAI,sainz,mclaren,7.0,10.0,7,Finished,6.0,0 days 00:00:20.230000,63.0,18.0304,0.0,1.3416,0 days 00:00:01.302000,65.0,134.0
13,2020,Emilia Romagna Grand Prix,1057,5904,6,Imola,2020-11-01 13:10:00,4,Lando Norris,NOR,norris,mclaren,8.0,9.0,8,Finished,4.0,0 days 00:00:21.131000,63.0,18.0304,0.0,1.3416,0 days 00:00:01.205000,69.0,134.0
13,2020,Emilia Romagna Grand Prix,1057,5904,6,Imola,2020-11-01 13:10:00,7,Kimi Räikkönen,RAI,raikkonen,alfa,9.0,18.0,9,Finished,2.0,0 days 00:00:22.224000,63.0,18.0304,0.0,1.3416,0 days 00:00:02.344000,4.0,8.0
13,2020,Emilia Romagna Grand Prix,1057,5904,6,Imola,2020-11-01 13:10:00,99,Antonio Giovinazzi,GIO,giovinazzi,alfa,10.0,20.0,10,Finished,1.0,0 days 00:00:26.398000,63.0,18.0304,0.0,1.3416,0 days 00:00:02.599000,4.0,8.0
13,2020,Emilia Romagna Grand Prix,1057,5904,6,Imola,2020-11-01 13:10:00,6,Nicholas Latifi,LAT,latifi,williams,11.0,19.0,11,Finished,0.0,0 days 00:00:27.135000,63.0,18.0304,0.0,1.3416,0 days 00:00:02.378000,0.0,0.0
13,2020,Emilia Romagna Grand Prix,1057,5904,6,Imola,2020-11-01 13:10:00,5,Sebastian Vettel,VET,vettel,ferrari,12.0,14.0,12,Finished,0.0,0 days 00:00:28.453000,63.0,18.0304,0.0,1.3416,0 days 00:00:01.776000,18.0,103.0
13,2020,Emilia Romagna Grand Prix,1057,5904,6,Imola,2020-11-01 13:10:00,18,Lance Stroll,STR,stroll,racing_point,13.0,15.0,13,Finished,0.0,0 days 00:00:29.163000,63.0,18.0304,0.0,1.3416,0 days 00:00:01.885000,57.0,134.0
13,2020,Emilia Romagna Grand Prix,1057,5904,6,Imola,2020-11-01 13:10:00,8,Romain Grosjean,GRO,grosjean,haas,14.0,16.0,14,Finished,0.0,0 days 00:00:32.935000,63.0,18.0304,0.0,1.3416,0 days 00:00:02.309000,2.0,3.0
13,2020,Emilia Romagna Grand Prix,1057,5904,6,Imola,2020-11-01 13:10:00,23,Alexander Albon,ALB,albon,red_bull,15.0,6.0,15,Finished,0.0,0 days 00:00:57.284000,63.0,18.0304,0.0,1.3416,0 days 00:00:00.963000,64.0,226.0
13,2020,Emilia Romagna Grand Prix,1057,5904,6,Imola,2020-11-01 13:10:00,63,George Russell,RUS,russell,williams,16.0,13.0,R,Accident,0.0,0 days 02:46:00,51.0,18.0304,0.0,1.3416,0 days 00:00:01.714000,0.0,0.0
13,2020,Emilia Romagna Grand Prix,1057,5904,6,Imola,2020-11-01 13:10:00,33,Max Verstappen,VER,max_verstappen,red_bull,17.0,3.0,R,Puncture,0.0,0 days 02:46:00,50.0,18.0304,0.0,1.3416,0 days 00:00:00.567000,162.0,226.0
13,2020,Emilia Romagna Grand Prix,1057,5904,6,Imola,2020-11-01 13:10:00,20,Kevin Magnussen,MAG,kevin_magnussen,haas,18.0,17.0,R,Illness,0.0,0 days 02:46:00,47.0,18.0304,0.0,1.3416,0 days 00:00:02.330000,1.0,3.0
13,2020,Emilia Romagna Grand Prix,1057,5904,6,Imola,2020-11-01 13:10:00,31,Esteban Ocon,OCO,ocon,renault,19.0,12.0,R,Gearbox,0.0,0 days 02:46:00,27.0,18.0304,0.0,1.3416,0 days 00:00:01.592000,40.0,135.0
13,2020,Emilia Romagna Grand Prix,1057,5904,6,Imola,2020-11-01 13:10:00,10,Pierre Gasly,GAS,gasly,alphatauri,20.0,4.0,R,Water pressure,0.0,0 days 02:46:00,8.0,18.0304,0.0,1.3416,0 days 00:00:00.893000,63.0,89.0
14,2020,Turkish Grand Prix,1058,5910,59,Istanbul,2020-11-15 13:10:00,44,Lewis Hamilton,HAM,hamilton,mercedes,1.0,6.0,1,Finished,25.0,0 days 01:42:19.313000,58.0,13.09568345323741,0.0431654676258992,1.0661870503597122,0 days 00:00:04.795000,307.0,504.0
14,2020,Turkish Grand Prix,1058,5910,59,Istanbul,2020-11-15 13:10:00,11,Sergio Perez,PER,perez,racing_point,2.0,3.0,2,Finished,18.0,0 days 00:00:31.633000,58.0,13.09568345323741,0.0431654676258992,1.0661870503597122,0 days 00:00:01.556000,100.0,154.0
14,2020,Turkish Grand Prix,1058,5910,59,Istanbul,2020-11-15 13:10:00,5,Sebastian Vettel,VET,vettel,ferrari,3.0,11.0,3,Finished,15.0,0 days 00:00:31.960000,58.0,13.09568345323741,0.0431654676258992,1.0661870503597122,0 days 00:00:07.404000,33.0,130.0
14,2020,Turkish Grand Prix,1058,5910,59,Istanbul,2020-11-15 13:10:00,16,Charles Leclerc,LEC,leclerc,ferrari,4.0,12.0,4,Finished,12.0,0 days 00:00:33.858000,58.0,13.09568345323741,0.0431654676258992,1.0661870503597122,0 days 00:00:08.931000,97.0,130.0
14,2020,Turkish Grand Prix,1058,5910,59,Istanbul,2020-11-15 13:10:00,55,Carlos Sainz,SAI,sainz,mclaren,5.0,15.0,5,Finished,10.0,0 days 00:00:34.363000,58.0,13.09568345323741,0.0431654676258992,1.0661870503597122,0 days 00:00:07.645000,75.0,149.0
14,2020,Turkish Grand Prix,1058,5910,59,Istanbul,2020-11-15 13:10:00,33,Max Verstappen,VER,max_verstappen,red_bull,6.0,2.0,6,Finished,8.0,0 days 00:00:44.873000,58.0,13.09568345323741,0.0431654676258992,1.0661870503597122,0 days 00:00:00.290000,170.0,240.0
14,2020,Turkish Grand Prix,1058,5910,59,Istanbul,2020-11-15 13:10:00,23,Alexander Albon,ALB,albon,red_bull,7.0,4.0,7,Finished,6.0,0 days 00:00:46.484000,58.0,13.09568345323741,0.0431654676258992,1.0661870503597122,0 days 00:00:02.683000,70.0,240.0
14,2020,Turkish Grand Prix,1058,5910,59,Istanbul,2020-11-15 13:10:00,4,Lando Norris,NOR,norris,mclaren,8.0,14.0,8,Finished,5.0,0 days 00:01:01.259000,58.0,13.09568345323741,0.0431654676258992,1.0661870503597122,0 days 00:00:07.180000,74.0,149.0
14,2020,Turkish Grand Prix,1058,5910,59,Istanbul,2020-11-15 13:10:00,18,Lance Stroll,STR,stroll,racing_point,9.0,1.0,9,Finished,2.0,0 days 00:01:12.353000,58.0,13.09568345323741,0.0431654676258992,1.0661870503597122,0 days 00:00:00,59.0,154.0
14,2020,Turkish Grand Prix,1058,5910,59,Istanbul,2020-11-15 13:10:00,3,Daniel Ricciardo,RIC,ricciardo,renault,10.0,5.0,10,Finished,1.0,0 days 00:01:35.460000,58.0,13.09568345323741,0.0431654676258992,1.0661870503597122,0 days 00:00:03.830000,96.0,136.0
14,2020,Turkish Grand Prix,1058,5910,59,Istanbul,2020-11-15 13:10:00,31,Esteban Ocon,OCO,ocon,renault,11.0,7.0,11,+1 Lap,0.0,0 days 02:46:00,57.0,13.09568345323741,0.0431654676258992,1.0661870503597122,0 days 00:00:04.857000,40.0,136.0
14,2020,Turkish Grand Prix,1058,5910,59,Istanbul,2020-11-15 13:10:00,26,Daniil Kvyat,KVY,kvyat,alphatauri,12.0,16.0,12,+1 Lap,0.0,0 days 02:46:00,57.0,13.09568345323741,0.0431654676258992,1.0661870503597122,0 days 00:00:21.305000,26.0,89.0
14,2020,Turkish Grand Prix,1058,5910,59,Istanbul,2020-11-15 13:10:00,10,Pierre Gasly,GAS,gasly,alphatauri,13.0,19.0,13,+1 Lap,0.0,0 days 02:46:00,57.0,13.09568345323741,0.0431654676258992,1.0661870503597122,0 days 00:00:10.791000,63.0,89.0
14,2020,Turkish Grand Prix,1058,5910,59,Istanbul,2020-11-15 13:10:00,77,Valtteri Bottas,BOT,bottas,mercedes,14.0,9.0,14,+1 Lap,0.0,0 days 02:46:00,57.0,13.09568345323741,0.0431654676258992,1.0661870503597122,0 days 00:00:05.493000,197.0,504.0
14,2020,Turkish Grand Prix,1058,5910,59,Istanbul,2020-11-15 13:10:00,7,Kimi Räikkönen,RAI,raikkonen,alfa,15.0,8.0,15,+1 Lap,0.0,0 days 02:46:00,57.0,13.09568345323741,0.0431654676258992,1.0661870503597122,0 days 00:00:04.980000,4.0,8.0
14,2020,Turkish Grand Prix,1058,5910,59,Istanbul,2020-11-15 13:10:00,63,George Russell,RUS,russell,williams,16.0,0.0,16,+1 Lap,0.0,0 days 02:46:00,57.0,13.09568345323741,0.0431654676258992,1.0661870503597122,0 days 00:00:22.252000,0.0,0.0
14,2020,Turkish Grand Prix,1058,5910,59,Istanbul,2020-11-15 13:10:00,20,Kevin Magnussen,MAG,kevin_magnussen,haas,17.0,13.0,17,Withdrew,0.0,0 days 02:46:00,55.0,13.09568345323741,0.0431654676258992,1.0661870503597122,0 days 00:00:20.242000,1.0,3.0
14,2020,Turkish Grand Prix,1058,5910,59,Istanbul,2020-11-15 13:10:00,8,Romain Grosjean,GRO,grosjean,haas,18.0,17.0,R,Collision damage,0.0,0 days 02:46:00,49.0,13.09568345323741,0.0431654676258992,1.0661870503597122,0 days 00:00:25.144000,2.0,3.0
14,2020,Turkish Grand Prix,1058,5910,59,Istanbul,2020-11-15 13:10:00,6,Nicholas Latifi,LAT,latifi,williams,19.0,0.0,R,Collision damage,0.0,0 days 02:46:00,39.0,13.09568345323741,0.0431654676258992,1.0661870503597122,0 days 00:00:33.846000,0.0,0.0
14,2020,Turkish Grand Prix,1058,5910,59,Istanbul,2020-11-15 13:10:00,99,Antonio Giovinazzi,GIO,giovinazzi,alfa,20.0,10.0,R,Gearbox,0.0,0 days 02:46:00,11.0,13.09568345323741,0.0431654676258992,1.0661870503597122,0 days 00:00:05.666000,4.0,8.0
15,2020,Bahrain Grand Prix,1059,5918,63,Sakhir,2020-11-29 17:10:00,44,Lewis Hamilton,HAM,hamilton,mercedes,1.0,1.0,1,Finished,25.0,0 days 02:59:47.515000,57.0,25.09907407407407,0.0,0.8430555555555556,0 days 00:00:00,332.0,533.0
15,2020,Bahrain Grand Prix,1059,5918,63,Sakhir,2020-11-29 17:10:00,33,Max Verstappen,VER,max_verstappen,red_bull,2.0,3.0,2,Finished,19.0,0 days 00:00:01.254000,57.0,25.09907407407407,0.0,0.8430555555555556,0 days 00:00:00.414000,189.0,274.0
15,2020,Bahrain Grand Prix,1059,5918,63,Sakhir,2020-11-29 17:10:00,23,Alexander Albon,ALB,albon,red_bull,3.0,4.0,3,Finished,15.0,0 days 00:00:08.005000,57.0,25.09907407407407,0.0,0.8430555555555556,0 days 00:00:01.010000,85.0,274.0
15,2020,Bahrain Grand Prix,1059,5918,63,Sakhir,2020-11-29 17:10:00,4,Lando Norris,NOR,norris,mclaren,4.0,9.0,4,Finished,12.0,0 days 00:00:11.337000,57.0,25.09907407407407,0.0,0.8430555555555556,0 days 00:00:01.278000,86.0,171.0
15,2020,Bahrain Grand Prix,1059,5918,63,Sakhir,2020-11-29 17:10:00,55,Carlos Sainz,SAI,sainz,mclaren,5.0,15.0,5,Finished,10.0,0 days 00:00:11.787000,57.0,25.09907407407407,0.0,0.8430555555555556,0 days 00:00:01.711000,85.0,171.0
15,2020,Bahrain Grand Prix,1059,5918,63,Sakhir,2020-11-29 17:10:00,10,Pierre Gasly,GAS,gasly,alphatauri,6.0,8.0,6,Finished,8.0,0 days 00:00:11.942000,57.0,25.09907407407407,0.0,0.8430555555555556,0 days 00:00:01.184000,71.0,97.0
15,2020,Bahrain Grand Prix,1059,5918,63,Sakhir,2020-11-29 17:10:00,3,Daniel Ricciardo,RIC,ricciardo,renault,7.0,6.0,7,Finished,6.0,0 days 00:00:19.368000,57.0,25.09907407407407,0.0,0.8430555555555556,0 days 00:00:01.153000,102.0,144.0
15,2020,Bahrain Grand Prix,1059,5918,63,Sakhir,2020-11-29 17:10:00,77,Valtteri Bottas,BOT,bottas,mercedes,8.0,2.0,8,Finished,4.0,0 days 00:00:19.680000,57.0,25.09907407407407,0.0,0.8430555555555556,0 days 00:00:00.289000,201.0,533.0
15,2020,Bahrain Grand Prix,1059,5918,63,Sakhir,2020-11-29 17:10:00,31,Esteban Ocon,OCO,ocon,renault,9.0,7.0,9,Finished,2.0,0 days 00:00:22.803000,57.0,25.09907407407407,0.0,0.8430555555555556,0 days 00:00:01.155000,42.0,144.0
15,2020,Bahrain Grand Prix,1059,5918,63,Sakhir,2020-11-29 17:10:00,16,Charles Leclerc,LEC,leclerc,ferrari,10.0,12.0,10,+1 Lap,1.0,0 days 02:46:00,56.0,25.09907407407407,0.0,0.8430555555555556,0 days 00:00:01.873000,98.0,131.0
15,2020,Bahrain Grand Prix,1059,5918,63,Sakhir,2020-11-29 17:10:00,26,Daniil Kvyat,KVY,kvyat,alphatauri,11.0,10.0,11,+1 Lap,0.0,0 days 02:46:00,56.0,25.09907407407407,0.0,0.8430555555555556,0 days 00:00:01.354000,26.0,97.0
15,2020,Bahrain Grand Prix,1059,5918,63,Sakhir,2020-11-29 17:10:00,63,George Russell,RUS,russell,williams,12.0,14.0,12,+1 Lap,0.0,0 days 02:46:00,56.0,25.09907407407407,0.0,0.8430555555555556,0 days 00:00:02.030000,0.0,0.0
15,2020,Bahrain Grand Prix,1059,5918,63,Sakhir,2020-11-29 17:10:00,5,Sebastian Vettel,VET,vettel,ferrari,13.0,11.0,13,+1 Lap,0.0,0 days 02:46:00,56.0,25.09907407407407,0.0,0.8430555555555556,0 days 00:00:01.878000,33.0,131.0
15,2020,Bahrain Grand Prix,1059,5918,63,Sakhir,2020-11-29 17:10:00,6,Nicholas Latifi,LAT,latifi,williams,14.0,20.0,14,+1 Lap,0.0,0 days 02:46:00,56.0,25.09907407407407,0.0,0.8430555555555556,0 days 00:00:02.918000,0.0,0.0
15,2020,Bahrain Grand Prix,1059,5918,63,Sakhir,2020-11-29 17:10:00,7,Kimi Räikkönen,RAI,raikkonen,alfa,15.0,17.0,15,+1 Lap,0.0,0 days 02:46:00,56.0,25.09907407407407,0.0,0.8430555555555556,0 days 00:00:02.546000,4.0,8.0
15,2020,Bahrain Grand Prix,1059,5918,63,Sakhir,2020-11-29 17:10:00,99,Antonio Giovinazzi,GIO,giovinazzi,alfa,16.0,16.0,16,+1 Lap,0.0,0 days 02:46:00,56.0,25.09907407407407,0.0,0.8430555555555556,0 days 00:00:02.227000,4.0,8.0
15,2020,Bahrain Grand Prix,1059,5918,63,Sakhir,2020-11-29 17:10:00,20,Kevin Magnussen,MAG,kevin_magnussen,haas,17.0,18.0,17,+1 Lap,0.0,0 days 02:46:00,56.0,25.09907407407407,0.0,0.8430555555555556,0 days 00:00:02.847000,1.0,3.0
15,2020,Bahrain Grand Prix,1059,5918,63,Sakhir,2020-11-29 17:10:00,11,Sergio Perez,PER,perez,racing_point,18.0,5.0,18,Engine,0.0,0 days 02:46:00,53.0,25.09907407407407,0.0,0.8430555555555556,0 days 00:00:01.058000,100.0,154.0
15,2020,Bahrain Grand Prix,1059,5918,63,Sakhir,2020-11-29 17:10:00,18,Lance Stroll,STR,stroll,racing_point,19.0,13.0,R,Collision,0.0,0 days 02:46:00,2.0,25.09907407407407,0.0,0.8430555555555556,0 days 00:00:01.415000,59.0,154.0
15,2020,Bahrain Grand Prix,1059,5918,63,Sakhir,2020-11-29 17:10:00,8,Romain Grosjean,GRO,grosjean,haas,20.0,19.0,R,Collision,0.0,0 days 02:46:00,0.0,25.09907407407407,0.0,0.8430555555555556,0 days 00:00:02.874000,2.0,3.0
16,2020,Sakhir Grand Prix,1060,5926,148,Sakhir Outer Track,2020-12-06 20:10:00,11,Sergio Perez,PER,perez,racing_point,1.0,5.0,1,Finished,25.0,0 days 01:31:15.114000,87.0,20.94724409448819,0.0,1.948031496062992,0 days 00:00:00.410000,125.0,194.0
16,2020,Sakhir Grand Prix,1060,5926,148,Sakhir Outer Track,2020-12-06 20:10:00,31,Esteban Ocon,OCO,ocon,renault,2.0,11.0,2,Finished,18.0,0 days 00:00:10.518000,87.0,20.94724409448819,0.0,1.948031496062992,0 days 00:00:00.618000,60.0,172.0
16,2020,Sakhir Grand Prix,1060,5926,148,Sakhir Outer Track,2020-12-06 20:10:00,18,Lance Stroll,STR,stroll,racing_point,3.0,10.0,3,Finished,15.0,0 days 00:00:11.869000,87.0,20.94724409448819,0.0,1.948031496062992,0 days 00:00:00.463000,74.0,194.0
16,2020,Sakhir Grand Prix,1060,5926,148,Sakhir Outer Track,2020-12-06 20:10:00,55,Carlos Sainz,SAI,sainz,mclaren,4.0,8.0,4,Finished,12.0,0 days 00:00:12.580000,87.0,20.94724409448819,0.0,1.948031496062992,0 days 00:00:00.441000,97.0,184.0
16,2020,Sakhir Grand Prix,1060,5926,148,Sakhir Outer Track,2020-12-06 20:10:00,3,Daniel Ricciardo,RIC,ricciardo,renault,5.0,7.0,5,Finished,10.0,0 days 00:00:13.330000,87.0,20.94724409448819,0.0,1.948031496062992,0 days 00:00:00.494000,112.0,172.0
16,2020,Sakhir Grand Prix,1060,5926,148,Sakhir Outer Track,2020-12-06 20:10:00,23,Alexander Albon,ALB,albon,red_bull,6.0,12.0,6,Finished,8.0,0 days 00:00:13.842000,87.0,20.94724409448819,0.0,1.948031496062992,0 days 00:00:00.649000,93.0,282.0
16,2020,Sakhir Grand Prix,1060,5926,148,Sakhir Outer Track,2020-12-06 20:10:00,26,Daniil Kvyat,KVY,kvyat,alphatauri,7.0,6.0,7,Finished,6.0,0 days 00:00:14.534000,87.0,20.94724409448819,0.0,1.948031496062992,0 days 00:00:00.479000,32.0,103.0
16,2020,Sakhir Grand Prix,1060,5926,148,Sakhir Outer Track,2020-12-06 20:10:00,77,Valtteri Bottas,BOT,bottas,mercedes,8.0,1.0,8,Finished,4.0,0 days 00:00:15.389000,87.0,20.94724409448819,0.0,1.948031496062992,0 days 00:00:00,205.0,540.0
16,2020,Sakhir Grand Prix,1060,5926,148,Sakhir Outer Track,2020-12-06 20:10:00,63,George Russell,RUS,russell,mercedes,9.0,2.0,9,Finished,3.0,0 days 00:00:18.556000,87.0,20.94724409448819,0.0,1.948031496062992,0 days 00:00:00.026000,3.0,540.0
16,2020,Sakhir Grand Prix,1060,5926,148,Sakhir Outer Track,2020-12-06 20:10:00,4,Lando Norris,NOR,norris,mclaren,10.0,19.0,10,Finished,1.0,0 days 00:00:19.541000,87.0,20.94724409448819,0.0,1.948031496062992,0 days 00:00:00.817000,87.0,184.0
16,2020,Sakhir Grand Prix,1060,5926,148,Sakhir Outer Track,2020-12-06 20:10:00,10,Pierre Gasly,GAS,gasly,alphatauri,11.0,9.0,11,Finished,0.0,0 days 00:00:20.527000,87.0,20.94724409448819,0.0,1.948031496062992,0 days 00:00:00.564000,71.0,103.0
16,2020,Sakhir Grand Prix,1060,5926,148,Sakhir Outer Track,2020-12-06 20:10:00,5,Sebastian Vettel,VET,vettel,ferrari,12.0,13.0,12,Finished,0.0,0 days 00:00:22.611000,87.0,20.94724409448819,0.0,1.948031496062992,0 days 00:00:00.798000,33.0,131.0
16,2020,Sakhir Grand Prix,1060,5926,148,Sakhir Outer Track,2020-12-06 20:10:00,99,Antonio Giovinazzi,GIO,giovinazzi,alfa,13.0,14.0,13,Finished,0.0,0 days 00:00:24.111000,87.0,20.94724409448819,0.0,1.948031496062992,0 days 00:00:01,4.0,8.0
16,2020,Sakhir Grand Prix,1060,5926,148,Sakhir Outer Track,2020-12-06 20:10:00,7,Kimi Räikkönen,RAI,raikkonen,alfa,14.0,18.0,14,Finished,0.0,0 days 00:00:26.153000,87.0,20.94724409448819,0.0,1.948031496062992,0 days 00:00:01.586000,4.0,8.0
16,2020,Sakhir Grand Prix,1060,5926,148,Sakhir Outer Track,2020-12-06 20:10:00,20,Kevin Magnussen,MAG,kevin_magnussen,haas,15.0,15.0,15,Finished,0.0,0 days 00:00:32.370000,87.0,20.94724409448819,0.0,1.948031496062992,0 days 00:00:01.328000,1.0,3.0
16,2020,Sakhir Grand Prix,1060,5926,148,Sakhir Outer Track,2020-12-06 20:10:00,89,Jack Aitken,AIT,aitken,williams,16.0,17.0,16,Finished,0.0,0 days 00:00:33.674000,87.0,20.94724409448819,0.0,1.948031496062992,0 days 00:00:01.515000,0.0,0.0
16,2020,Sakhir Grand Prix,1060,5926,148,Sakhir Outer Track,2020-12-06 20:10:00,51,Pietro Fittipaldi,FIT,pietro_fittipaldi,haas,17.0,20.0,17,Finished,0.0,0 days 00:00:36.858000,87.0,20.94724409448819,0.0,1.948031496062992,0 days 00:00:02.049000,0.0,3.0
16,2020,Sakhir Grand Prix,1060,5926,148,Sakhir Outer Track,2020-12-06 20:10:00,6,Nicholas Latifi,LAT,latifi,williams,18.0,16.0,R,Engine,0.0,0 days 02:46:00,52.0,20.94724409448819,0.0,1.948031496062992,0 days 00:00:01.419000,0.0,0.0
16,2020,Sakhir Grand Prix,1060,5926,148,Sakhir Outer Track,2020-12-06 20:10:00,33,Max Verstappen,VER,max_verstappen,red_bull,19.0,3.0,R,Accident,0.0,0 days 02:46:00,0.0,20.94724409448819,0.0,1.948031496062992,0 days 00:00:00.056000,189.0,282.0
16,2020,Sakhir Grand Prix,1060,5926,148,Sakhir Outer Track,2020-12-06 20:10:00,16,Charles Leclerc,LEC,leclerc,ferrari,20.0,4.0,R,Collision,0.0,0 days 02:46:00,0.0,20.94724409448819,0.0,1.948031496062992,0 days 00:00:00.236000,98.0,131.0
17,2020,Abu Dhabi Grand Prix,1061,5934,70,Yas Marina Circuit,2020-12-13 17:10:00,33,Max Verstappen,VER,max_verstappen,red_bull,1.0,1.0,1,Finished,25.0,0 days 01:36:28.645000,55.0,23.12148148148148,0.0,2.5044444444444447,0 days 00:00:00,214.0,319.0
17,2020,Abu Dhabi Grand Prix,1061,5934,70,Yas Marina Circuit,2020-12-13 17:10:00,77,Valtteri Bottas,BOT,bottas,mercedes,2.0,2.0,2,Finished,18.0,0 days 00:00:15.976000,55.0,23.12148148148148,0.0,2.5044444444444447,0 days 00:00:00.025000,223.0,573.0
17,2020,Abu Dhabi Grand Prix,1061,5934,70,Yas Marina Circuit,2020-12-13 17:10:00,44,Lewis Hamilton,HAM,hamilton,mercedes,3.0,3.0,3,Finished,15.0,0 days 00:00:18.415000,55.0,23.12148148148148,0.0,2.5044444444444447,0 days 00:00:00.086000,347.0,573.0
17,2020,Abu Dhabi Grand Prix,1061,5934,70,Yas Marina Circuit,2020-12-13 17:10:00,23,Alexander Albon,ALB,albon,red_bull,4.0,5.0,4,Finished,12.0,0 days 00:00:19.987000,55.0,23.12148148148148,0.0,2.5044444444444447,0 days 00:00:00.325000,105.0,319.0
17,2020,Abu Dhabi Grand Prix,1061,5934,70,Yas Marina Circuit,2020-12-13 17:10:00,4,Lando Norris,NOR,norris,mclaren,5.0,4.0,5,Finished,10.0,0 days 00:01:00.729000,55.0,23.12148148148148,0.0,2.5044444444444447,0 days 00:00:00.251000,97.0,202.0
17,2020,Abu Dhabi Grand Prix,1061,5934,70,Yas Marina Circuit,2020-12-13 17:10:00,55,Carlos Sainz,SAI,sainz,mclaren,6.0,6.0,6,Finished,8.0,0 days 00:01:05.662000,55.0,23.12148148148148,0.0,2.5044444444444447,0 days 00:00:00.569000,105.0,202.0
17,2020,Abu Dhabi Grand Prix,1061,5934,70,Yas Marina Circuit,2020-12-13 17:10:00,3,Daniel Ricciardo,RIC,ricciardo,renault,7.0,11.0,7,Finished,7.0,0 days 00:01:13.748000,55.0,23.12148148148148,0.0,2.5044444444444447,0 days 00:00:01.160000,119.0,181.0
17,2020,Abu Dhabi Grand Prix,1061,5934,70,Yas Marina Circuit,2020-12-13 17:10:00,10,Pierre Gasly,GAS,gasly,alphatauri,8.0,9.0,8,Finished,4.0,0 days 00:01:29.718000,55.0,23.12148148148148,0.0,2.5044444444444447,0 days 00:00:00.996000,75.0,107.0
17,2020,Abu Dhabi Grand Prix,1061,5934,70,Yas Marina Circuit,2020-12-13 17:10:00,31,Esteban Ocon,OCO,ocon,renault,9.0,10.0,9,Finished,2.0,0 days 00:00:11.351000,55.0,23.12148148148148,0.0,2.5044444444444447,0 days 00:00:01.113000,62.0,181.0
17,2020,Abu Dhabi Grand Prix,1061,5934,70,Yas Marina Circuit,2020-12-13 17:10:00,18,Lance Stroll,STR,stroll,racing_point,10.0,8.0,10,Finished,1.0,0 days 00:00:01.669000,55.0,23.12148148148148,0.0,2.5044444444444447,0 days 00:00:00.800000,75.0,195.0
17,2020,Abu Dhabi Grand Prix,1061,5934,70,Yas Marina Circuit,2020-12-13 17:10:00,26,Daniil Kvyat,KVY,kvyat,alphatauri,11.0,7.0,11,+1 Lap,0.0,0 days 02:46:00,54.0,23.12148148148148,0.0,2.5044444444444447,0 days 00:00:00.717000,32.0,107.0
17,2020,Abu Dhabi Grand Prix,1061,5934,70,Yas Marina Circuit,2020-12-13 17:10:00,7,Kimi Räikkönen,RAI,raikkonen,alfa,12.0,15.0,12,+1 Lap,0.0,0 days 02:46:00,54.0,23.12148148148148,0.0,2.5044444444444447,0 days 00:00:02.309000,4.0,8.0
17,2020,Abu Dhabi Grand Prix,1061,5934,70,Yas Marina Circuit,2020-12-13 17:10:00,16,Charles Leclerc,LEC,leclerc,ferrari,13.0,12.0,13,+1 Lap,0.0,0 days 02:46:00,54.0,23.12148148148148,0.0,2.5044444444444447,0 days 00:00:00.635000,98.0,131.0
17,2020,Abu Dhabi Grand Prix,1061,5934,70,Yas Marina Circuit,2020-12-13 17:10:00,5,Sebastian Vettel,VET,vettel,ferrari,14.0,13.0,14,+1 Lap,0.0,0 days 02:46:00,54.0,23.12148148148148,0.0,2.5044444444444447,0 days 00:00:01.385000,33.0,131.0
17,2020,Abu Dhabi Grand Prix,1061,5934,70,Yas Marina Circuit,2020-12-13 17:10:00,63,George Russell,RUS,russell,williams,15.0,16.0,15,+1 Lap,0.0,0 days 02:46:00,54.0,23.12148148148148,0.0,2.5044444444444447,0 days 00:00:02.799000,3.0,0.0
17,2020,Abu Dhabi Grand Prix,1061,5934,70,Yas Marina Circuit,2020-12-13 17:10:00,99,Antonio Giovinazzi,GIO,giovinazzi,alfa,16.0,14.0,16,+1 Lap,0.0,0 days 02:46:00,54.0,23.12148148148148,0.0,2.5044444444444447,0 days 00:00:01.829000,4.0,8.0
17,2020,Abu Dhabi Grand Prix,1061,5934,70,Yas Marina Circuit,2020-12-13 17:10:00,6,Nicholas Latifi,LAT,latifi,williams,17.0,18.0,17,+1 Lap,0.0,0 days 02:46:00,54.0,23.12148148148148,0.0,2.5044444444444447,0 days 00:00:03.197000,0.0,0.0
17,2020,Abu Dhabi Grand Prix,1061,5934,70,Yas Marina Circuit,2020-12-13 17:10:00,20,Kevin Magnussen,MAG,kevin_magnussen,haas,18.0,20.0,18,+1 Lap,0.0,0 days 02:46:00,54.0,23.12148148148148,0.0,2.5044444444444447,0 days 00:00:02.617000,1.0,3.0
17,2020,Abu Dhabi Grand Prix,1061,5934,70,Yas Marina Circuit,2020-12-13 17:10:00,51,Pietro Fittipaldi,FIT,pietro_fittipaldi,haas,19.0,17.0,19,+2 Laps,0.0,0 days 02:46:00,53.0,23.12148148148148,0.0,2.5044444444444447,0 days 00:00:02.927000,0.0,3.0
17,2020,Abu Dhabi Grand Prix,1061,5934,70,Yas Marina Circuit,2020-12-13 17:10:00,11,Sergio Perez,PER,perez,racing_point,20.0,19.0,R,Transmission,0.0,0 days 02:46:00,8.0,23.12148148148148,0.0,2.5044444444444447,0 days 00:00:00.788000,125.0,195.0
1,2021,Bahrain Grand Prix,1064,6214,63,Sakhir,2021-03-28 18:00:00,44,Lewis Hamilton,HAM,hamilton,mercedes,1.0,2.0,1,Finished,25.0,0 days 01:32:03.897000,56.0,20.538345864661657,0.0,0.8872180451127819,0 days 00:00:00.388000,25.0,41.0
1,2021,Bahrain Grand Prix,1064,6214,63,Sakhir,2021-03-28 18:00:00,33,Max Verstappen,VER,max_verstappen,red_bull,2.0,1.0,2,Finished,18.0,0 days 00:00:00.745000,56.0,20.538345864661657,0.0,0.8872180451127819,0 days 00:00:00,18.0,28.0
1,2021,Bahrain Grand Prix,1064,6214,63,Sakhir,2021-03-28 18:00:00,77,Valtteri Bottas,BOT,bottas,mercedes,3.0,3.0,3,Finished,16.0,0 days 00:00:37.383000,56.0,20.538345864661657,0.0,0.8872180451127819,0 days 00:00:00.589000,16.0,41.0
1,2021,Bahrain Grand Prix,1064,6214,63,Sakhir,2021-03-28 18:00:00,4,Lando Norris,NOR,norris,mclaren,4.0,7.0,4,Finished,12.0,0 days 00:00:46.466000,56.0,20.538345864661657,0.0,0.8872180451127819,0 days 00:00:00.977000,12.0,18.0
1,2021,Bahrain Grand Prix,1064,6214,63,Sakhir,2021-03-28 18:00:00,11,Sergio Perez,PER,perez,red_bull,5.0,0.0,5,Finished,10.0,0 days 00:00:52.047000,56.0,20.538345864661657,0.0,0.8872180451127819,0 days 00:00:01.662000,10.0,28.0
1,2021,Bahrain Grand Prix,1064,6214,63,Sakhir,2021-03-28 18:00:00,16,Charles Leclerc,LEC,leclerc,ferrari,6.0,4.0,6,Finished,8.0,0 days 00:00:59.090000,56.0,20.538345864661657,0.0,0.8872180451127819,0 days 00:00:00.681000,8.0,12.0
1,2021,Bahrain Grand Prix,1064,6214,63,Sakhir,2021-03-28 18:00:00,3,Daniel Ricciardo,RIC,ricciardo,mclaren,7.0,6.0,7,Finished,6.0,0 days 00:01:06.004000,56.0,20.538345864661657,0.0,0.8872180451127819,0 days 00:00:00.930000,6.0,18.0
1,2021,Bahrain Grand Prix,1064,6214,63,Sakhir,2021-03-28 18:00:00,55,Carlos Sainz,SAI,sainz,ferrari,8.0,8.0,8,Finished,4.0,0 days 00:01:07.100000,56.0,20.538345864661657,0.0,0.8872180451127819,0 days 00:00:01.012000,4.0,12.0
1,2021,Bahrain Grand Prix,1064,6214,63,Sakhir,2021-03-28 18:00:00,22,Yuki Tsunoda,TSU,tsunoda,alphatauri,9.0,13.0,9,Finished,2.0,0 days 00:01:25.692000,56.0,20.538345864661657,0.0,0.8872180451127819,0 days 00:00:01.610000,2.0,2.0
1,2021,Bahrain Grand Prix,1064,6214,63,Sakhir,2021-03-28 18:00:00,18,Lance Stroll,STR,stroll,aston_martin,10.0,10.0,10,Finished,1.0,0 days 00:01:26.713000,56.0,20.538345864661657,0.0,0.8872180451127819,0 days 00:00:01.604000,1.0,1.0
1,2021,Bahrain Grand Prix,1064,6214,63,Sakhir,2021-03-28 18:00:00,7,Kimi Räikkönen,RAI,raikkonen,alfa,11.0,14.0,11,Finished,0.0,0 days 00:01:28.864000,56.0,20.538345864661657,0.0,0.8872180451127819,0 days 00:00:02.241000,0.0,0.0
1,2021,Bahrain Grand Prix,1064,6214,63,Sakhir,2021-03-28 18:00:00,99,Antonio Giovinazzi,GIO,giovinazzi,alfa,12.0,12.0,12,+1 Lap,0.0,0 days 02:46:00,55.0,20.538345864661657,0.0,0.8872180451127819,0 days 00:00:01.711000,0.0,0.0
1,2021,Bahrain Grand Prix,1064,6214,63,Sakhir,2021-03-28 18:00:00,31,Esteban Ocon,OCO,ocon,alpine,13.0,16.0,13,+1 Lap,0.0,0 days 02:46:00,55.0,20.538345864661657,0.0,0.8872180451127819,0 days 00:00:02.727000,0.0,0.0
1,2021,Bahrain Grand Prix,1064,6214,63,Sakhir,2021-03-28 18:00:00,63,George Russell,RUS,russell,williams,14.0,15.0,14,+1 Lap,0.0,0 days 02:46:00,55.0,20.538345864661657,0.0,0.8872180451127819,0 days 00:00:02.319000,0.0,0.0
1,2021,Bahrain Grand Prix,1064,6214,63,Sakhir,2021-03-28 18:00:00,5,Sebastian Vettel,VET,vettel,aston_martin,15.0,20.0,15,+1 Lap,0.0,0 days 02:46:00,55.0,20.538345864661657,0.0,0.8872180451127819,0 days 00:00:03.059000,0.0,1.0
1,2021,Bahrain Grand Prix,1064,6214,63,Sakhir,2021-03-28 18:00:00,47,Mick Schumacher,MSC,mick_schumacher,haas,16.0,18.0,16,+1 Lap,0.0,0 days 02:46:00,55.0,20.538345864661657,0.0,0.8872180451127819,0 days 00:00:03.452000,0.0,0.0
1,2021,Bahrain Grand Prix,1064,6214,63,Sakhir,2021-03-28 18:00:00,10,Pierre Gasly,GAS,gasly,alphatauri,17.0,5.0,17,Retired,0.0,0 days 02:46:00,52.0,20.538345864661657,0.0,0.8872180451127819,0 days 00:00:00.812000,0.0,2.0
1,2021,Bahrain Grand Prix,1064,6214,63,Sakhir,2021-03-28 18:00:00,6,Nicholas Latifi,LAT,latifi,williams,18.0,17.0,18,Retired,0.0,0 days 02:46:00,51.0,20.538345864661657,0.0,0.8872180451127819,0 days 00:00:02.939000,0.0,0.0
1,2021,Bahrain Grand Prix,1064,6214,63,Sakhir,2021-03-28 18:00:00,14,Fernando Alonso,ALO,alonso,alpine,19.0,9.0,R,Brakes,0.0,0 days 02:46:00,32.0,20.538345864661657,0.0,0.8872180451127819,0 days 00:00:01.252000,0.0,0.0
1,2021,Bahrain Grand Prix,1064,6214,63,Sakhir,2021-03-28 18:00:00,9,Nikita Mazepin,MAZ,mazepin,haas,20.0,19.0,R,Accident,0.0,0 days 02:46:00,0.0,20.538345864661657,0.0,0.8872180451127819,0 days 00:00:04.276000,0.0,0.0
2,2021,Emilia Romagna Grand Prix,1065,6219,6,Imola,2021-04-18 15:00:00,33,Max Verstappen,VER,max_verstappen,red_bull,1.0,3.0,1,Finished,25.0,0 days 02:02:34.598000,63.0,10.62111801242236,0.4099378881987577,0.4788819875776397,0 days 00:00:00.087000,43.0,53.0
2,2021,Emilia Romagna Grand Prix,1065,6219,6,Imola,2021-04-18 15:00:00,44,Lewis Hamilton,HAM,hamilton,mercedes,2.0,1.0,2,Finished,19.0,0 days 00:00:22,63.0,10.62111801242236,0.4099378881987577,0.4788819875776397,0 days 00:00:00,44.0,60.0
2,2021,Emilia Romagna Grand Prix,1065,6219,6,Imola,2021-04-18 15:00:00,4,Lando Norris,NOR,norris,mclaren,3.0,7.0,3,Finished,15.0,0 days 00:00:23.702000,63.0,10.62111801242236,0.4099378881987577,0.4788819875776397,0 days 00:00:00.307000,27.0,41.0
2,2021,Emilia Romagna Grand Prix,1065,6219,6,Imola,2021-04-18 15:00:00,16,Charles Leclerc,LEC,leclerc,ferrari,4.0,4.0,4,Finished,12.0,0 days 00:00:25.579000,63.0,10.62111801242236,0.4099378881987577,0.4788819875776397,0 days 00:00:00.329000,20.0,34.0
2,2021,Emilia Romagna Grand Prix,1065,6219,6,Imola,2021-04-18 15:00:00,55,Carlos Sainz,SAI,sainz,ferrari,5.0,11.0,5,Finished,10.0,0 days 00:00:27.036000,63.0,10.62111801242236,0.4099378881987577,0.4788819875776397,0 days 00:00:00.788000,14.0,34.0
2,2021,Emilia Romagna Grand Prix,1065,6219,6,Imola,2021-04-18 15:00:00,3,Daniel Ricciardo,RIC,ricciardo,mclaren,6.0,6.0,6,Finished,8.0,0 days 00:00:51.220000,63.0,10.62111801242236,0.4099378881987577,0.4788819875776397,0 days 00:00:00.415000,14.0,41.0
2,2021,Emilia Romagna Grand Prix,1065,6219,6,Imola,2021-04-18 15:00:00,10,Pierre Gasly,GAS,gasly,alphatauri,7.0,5.0,7,Finished,6.0,0 days 00:00:52.818000,63.0,10.62111801242236,0.4099378881987577,0.4788819875776397,0 days 00:00:00.379000,6.0,8.0
2,2021,Emilia Romagna Grand Prix,1065,6219,6,Imola,2021-04-18 15:00:00,18,Lance Stroll,STR,stroll,aston_martin,8.0,10.0,8,Finished,4.0,0 days 00:00:56.909000,63.0,10.62111801242236,0.4099378881987577,0.4788819875776397,0 days 00:00:00.727000,5.0,5.0
2,2021,Emilia Romagna Grand Prix,1065,6219,6,Imola,2021-04-18 15:00:00,31,Esteban Ocon,OCO,ocon,alpine,9.0,9.0,9,Finished,2.0,0 days 00:01:05.704000,63.0,10.62111801242236,0.4099378881987577,0.4788819875776397,0 days 00:00:00.706000,2.0,3.0
2,2021,Emilia Romagna Grand Prix,1065,6219,6,Imola,2021-04-18 15:00:00,14,Fernando Alonso,ALO,alonso,alpine,10.0,15.0,10,Finished,1.0,0 days 00:01:06.561000,63.0,10.62111801242236,0.4099378881987577,0.4788819875776397,0 days 00:00:01.182000,1.0,3.0
2,2021,Emilia Romagna Grand Prix,1065,6219,6,Imola,2021-04-18 15:00:00,11,Sergio Perez,PER,perez,red_bull,11.0,2.0,11,Finished,0.0,0 days 00:01:07.151000,63.0,10.62111801242236,0.4099378881987577,0.4788819875776397,0 days 00:00:00.035000,10.0,53.0
2,2021,Emilia Romagna Grand Prix,1065,6219,6,Imola,2021-04-18 15:00:00,22,Yuki Tsunoda,TSU,tsunoda,alphatauri,12.0,20.0,12,Finished,0.0,0 days 00:01:13.184000,63.0,10.62111801242236,0.4099378881987577,0.4788819875776397,0 days 02:46:00,2.0,8.0
2,2021,Emilia Romagna Grand Prix,1065,6219,6,Imola,2021-04-18 15:00:00,7,Kimi Räikkönen,RAI,raikkonen,alfa,13.0,16.0,13,Finished,0.0,0 days 00:01:34.773000,63.0,10.62111801242236,0.4099378881987577,0.4788819875776397,0 days 00:00:01.563000,0.0,0.0
2,2021,Emilia Romagna Grand Prix,1065,6219,6,Imola,2021-04-18 15:00:00,99,Antonio Giovinazzi,GIO,giovinazzi,alfa,14.0,17.0,14,+1 Lap,0.0,0 days 02:46:00,62.0,10.62111801242236,0.4099378881987577,0.4788819875776397,0 days 00:00:01.711000,0.0,0.0
2,2021,Emilia Romagna Grand Prix,1065,6219,6,Imola,2021-04-18 15:00:00,5,Sebastian Vettel,VET,vettel,aston_martin,15.0,0.0,15,Gearbox,0.0,0 days 02:46:00,61.0,10.62111801242236,0.4099378881987577,0.4788819875776397,0 days 00:00:00.983000,0.0,5.0
2,2021,Emilia Romagna Grand Prix,1065,6219,6,Imola,2021-04-18 15:00:00,47,Mick Schumacher,MSC,mick_schumacher,haas,16.0,18.0,16,+2 Laps,0.0,0 days 02:46:00,61.0,10.62111801242236,0.4099378881987577,0.4788819875776397,0 days 00:00:01.868000,0.0,0.0
2,2021,Emilia Romagna Grand Prix,1065,6219,6,Imola,2021-04-18 15:00:00,9,Nikita Mazepin,MAZ,mazepin,haas,17.0,19.0,17,+2 Laps,0.0,0 days 02:46:00,61.0,10.62111801242236,0.4099378881987577,0.4788819875776397,0 days 00:00:02.386000,0.0,0.0
2,2021,Emilia Romagna Grand Prix,1065,6219,6,Imola,2021-04-18 15:00:00,77,Valtteri Bottas,BOT,bottas,mercedes,18.0,8.0,R,Collision,0.0,0 days 02:46:00,30.0,10.62111801242236,0.4099378881987577,0.4788819875776397,0 days 00:00:00.261000,16.0,60.0
2,2021,Emilia Romagna Grand Prix,1065,6219,6,Imola,2021-04-18 15:00:00,63,George Russell,RUS,russell,williams,19.0,12.0,R,Collision,0.0,0 days 02:46:00,30.0,10.62111801242236,0.4099378881987577,0.4788819875776397,0 days 00:00:00.850000,0.0,0.0
2,2021,Emilia Romagna Grand Prix,1065,6219,6,Imola,2021-04-18 15:00:00,6,Nicholas Latifi,LAT,latifi,williams,20.0,14.0,R,Collision,0.0,0 days 02:46:00,0.0,10.62111801242236,0.4099378881987577,0.4788819875776397,0 days 00:00:01.182000,0.0,0.0
3,2021,Portuguese Grand Prix,1066,6397,147,Algarve International Circuit,2021-05-02 15:00:00,44,Lewis Hamilton,HAM,hamilton,mercedes,1.0,2.0,1,Finished,25.0,0 days 01:34:31.421000,66.0,19.392537313432836,0.0,0.8373134328358209,0 days 00:00:00,69.0,101.0
3,2021,Portuguese Grand Prix,1066,6397,147,Algarve International Circuit,2021-05-02 15:00:00,33,Max Verstappen,VER,max_verstappen,red_bull,2.0,3.0,2,Finished,18.0,0 days 00:00:29.148000,66.0,19.392537313432836,0.0,0.8373134328358209,0 days 00:00:00.682000,61.0,83.0
3,2021,Portuguese Grand Prix,1066,6397,147,Algarve International Circuit,2021-05-02 15:00:00,77,Valtteri Bottas,BOT,bottas,mercedes,3.0,1.0,3,Finished,16.0,0 days 00:00:33.530000,66.0,19.392537313432836,0.0,0.8373134328358209,0 days 00:00:00.380000,32.0,101.0
3,2021,Portuguese Grand Prix,1066,6397,147,Algarve International Circuit,2021-05-02 15:00:00,11,Sergio Perez,PER,perez,red_bull,4.0,4.0,4,Finished,12.0,0 days 00:00:39.735000,66.0,19.392537313432836,0.0,0.8373134328358209,0 days 00:00:00.877000,22.0,83.0
3,2021,Portuguese Grand Prix,1066,6397,147,Algarve International Circuit,2021-05-02 15:00:00,4,Lando Norris,NOR,norris,mclaren,5.0,7.0,5,Finished,10.0,0 days 00:00:51.369000,66.0,19.392537313432836,0.0,0.8373134328358209,0 days 00:00:00.513000,37.0,53.0
3,2021,Portuguese Grand Prix,1066,6397,147,Algarve International Circuit,2021-05-02 15:00:00,16,Charles Leclerc,LEC,leclerc,ferrari,6.0,8.0,6,Finished,8.0,0 days 00:00:55.781000,66.0,19.392537313432836,0.0,0.8373134328358209,0 days 00:00:00.801000,28.0,42.0
3,2021,Portuguese Grand Prix,1066,6397,147,Algarve International Circuit,2021-05-02 15:00:00,31,Esteban Ocon,OCO,ocon,alpine,7.0,6.0,7,Finished,6.0,0 days 00:01:03.749000,66.0,19.392537313432836,0.0,0.8373134328358209,0 days 00:00:00.618000,8.0,13.0
3,2021,Portuguese Grand Prix,1066,6397,147,Algarve International Circuit,2021-05-02 15:00:00,14,Fernando Alonso,ALO,alonso,alpine,8.0,13.0,8,Finished,4.0,0 days 00:00:01.808000,66.0,19.392537313432836,0.0,0.8373134328358209,0 days 00:00:01.488000,5.0,13.0
3,2021,Portuguese Grand Prix,1066,6397,147,Algarve International Circuit,2021-05-02 15:00:00,3,Daniel Ricciardo,RIC,ricciardo,mclaren,9.0,16.0,9,Finished,2.0,0 days 00:01:15.369000,66.0,19.392537313432836,0.0,0.8373134328358209,0 days 00:00:01.871000,16.0,53.0
3,2021,Portuguese Grand Prix,1066,6397,147,Algarve International Circuit,2021-05-02 15:00:00,10,Pierre Gasly,GAS,gasly,alphatauri,10.0,9.0,10,Finished,1.0,0 days 00:01:16.463000,66.0,19.392537313432836,0.0,0.8373134328358209,0 days 00:00:01.084000,7.0,9.0
3,2021,Portuguese Grand Prix,1066,6397,147,Algarve International Circuit,2021-05-02 15:00:00,55,Carlos Sainz,SAI,sainz,ferrari,11.0,5.0,11,Finished,0.0,0 days 00:01:18.955000,66.0,19.392537313432836,0.0,0.8373134328358209,0 days 00:00:00.845000,14.0,42.0
3,2021,Portuguese Grand Prix,1066,6397,147,Algarve International Circuit,2021-05-02 15:00:00,99,Antonio Giovinazzi,GIO,giovinazzi,alfa,12.0,12.0,12,+1 Lap,0.0,0 days 02:46:00,65.0,19.392537313432836,0.0,0.8373134328358209,0 days 00:00:01.248000,0.0,0.0
3,2021,Portuguese Grand Prix,1066,6397,147,Algarve International Circuit,2021-05-02 15:00:00,5,Sebastian Vettel,VET,vettel,aston_martin,13.0,10.0,13,+1 Lap,0.0,0 days 02:46:00,65.0,19.392537313432836,0.0,0.8373134328358209,0 days 00:00:01.002000,0.0,5.0
3,2021,Portuguese Grand Prix,1066,6397,147,Algarve International Circuit,2021-05-02 15:00:00,18,Lance Stroll,STR,stroll,aston_martin,14.0,17.0,14,+1 Lap,0.0,0 days 02:46:00,65.0,19.392537313432836,0.0,0.8373134328358209,0 days 00:00:01.945000,5.0,5.0
3,2021,Portuguese Grand Prix,1066,6397,147,Algarve International Circuit,2021-05-02 15:00:00,22,Yuki Tsunoda,TSU,tsunoda,alphatauri,15.0,14.0,15,+1 Lap,0.0,0 days 02:46:00,65.0,19.392537313432836,0.0,0.8373134328358209,0 days 00:00:01.495000,2.0,9.0
3,2021,Portuguese Grand Prix,1066,6397,147,Algarve International Circuit,2021-05-02 15:00:00,63,George Russell,RUS,russell,williams,16.0,11.0,16,+1 Lap,0.0,0 days 02:46:00,65.0,19.392537313432836,0.0,0.8373134328358209,0 days 00:00:01.141000,0.0,0.0
3,2021,Portuguese Grand Prix,1066,6397,147,Algarve International Circuit,2021-05-02 15:00:00,47,Mick Schumacher,MSC,mick_schumacher,haas,17.0,19.0,17,+2 Laps,0.0,0 days 02:46:00,64.0,19.392537313432836,0.0,0.8373134328358209,0 days 00:00:02.484000,0.0,0.0
3,2021,Portuguese Grand Prix,1066,6397,147,Algarve International Circuit,2021-05-02 15:00:00,6,Nicholas Latifi,LAT,latifi,williams,18.0,18.0,18,+2 Laps,0.0,0 days 02:46:00,64.0,19.392537313432836,0.0,0.8373134328358209,0 days 00:00:02.317000,0.0,0.0
3,2021,Portuguese Grand Prix,1066,6397,147,Algarve International Circuit,2021-05-02 15:00:00,9,Nikita Mazepin,MAZ,mazepin,haas,19.0,20.0,19,+2 Laps,0.0,0 days 02:46:00,64.0,19.392537313432836,0.0,0.8373134328358209,0 days 00:00:02.944000,0.0,0.0
3,2021,Portuguese Grand Prix,1066,6397,147,Algarve International Circuit,2021-05-02 15:00:00,7,Kimi Räikkönen,RAI,raikkonen,alfa,20.0,15.0,R,Collision damage,0.0,0 days 02:46:00,1.0,19.392537313432836,0.0,0.8373134328358209,0 days 00:00:01.780000,0.0,0.0
4,2021,Spanish Grand Prix,1086,6324,15,Catalunya,2021-05-09 15:00:00,44,Lewis Hamilton,HAM,hamilton,mercedes,1.0,1.0,1,Finished,25.0,0 days 01:33:07.680000,66.0,22.203076923076924,0.0,0.4576923076923077,0 days 00:00:00,94.0,141.0
4,2021,Spanish Grand Prix,1086,6324,15,Catalunya,2021-05-09 15:00:00,33,Max Verstappen,VER,max_verstappen,red_bull,2.0,2.0,2,Finished,19.0,0 days 00:00:15.841000,66.0,22.203076923076924,0.0,0.4576923076923077,0 days 00:00:00.036000,80.0,112.0
4,2021,Spanish Grand Prix,1086,6324,15,Catalunya,2021-05-09 15:00:00,77,Valtteri Bottas,BOT,bottas,mercedes,3.0,3.0,3,Finished,15.0,0 days 00:00:26.610000,66.0,22.203076923076924,0.0,0.4576923076923077,0 days 00:00:00.132000,47.0,141.0
4,2021,Spanish Grand Prix,1086,6324,15,Catalunya,2021-05-09 15:00:00,16,Charles Leclerc,LEC,leclerc,ferrari,4.0,4.0,4,Finished,12.0,0 days 00:00:54.616000,66.0,22.203076923076924,0.0,0.4576923076923077,0 days 00:00:00.769000,40.0,60.0
4,2021,Spanish Grand Prix,1086,6324,15,Catalunya,2021-05-09 15:00:00,11,Sergio Perez,PER,perez,red_bull,5.0,8.0,5,Finished,10.0,0 days 00:01:03.671000,66.0,22.203076923076924,0.0,0.4576923076923077,0 days 00:00:00.928000,32.0,112.0
4,2021,Spanish Grand Prix,1086,6324,15,Catalunya,2021-05-09 15:00:00,3,Daniel Ricciardo,RIC,ricciardo,mclaren,6.0,7.0,6,Finished,8.0,0 days 00:01:13.768000,66.0,22.203076923076924,0.0,0.4576923076923077,0 days 00:00:00.881000,24.0,65.0
4,2021,Spanish Grand Prix,1086,6324,15,Catalunya,2021-05-09 15:00:00,55,Carlos Sainz,SAI,sainz,ferrari,7.0,6.0,7,Finished,6.0,0 days 00:01:14.670000,66.0,22.203076923076924,0.0,0.4576923076923077,0 days 00:00:00.879000,20.0,60.0
4,2021,Spanish Grand Prix,1086,6324,15,Catalunya,2021-05-09 15:00:00,4,Lando Norris,NOR,norris,mclaren,8.0,9.0,8,+1 Lap,4.0,0 days 02:46:00,65.0,22.203076923076924,0.0,0.4576923076923077,0 days 00:00:00.955000,41.0,65.0
4,2021,Spanish Grand Prix,1086,6324,15,Catalunya,2021-05-09 15:00:00,31,Esteban Ocon,OCO,ocon,alpine,9.0,5.0,9,+1 Lap,2.0,0 days 02:46:00,65.0,22.203076923076924,0.0,0.4576923076923077,0 days 00:00:00.839000,10.0,15.0
4,2021,Spanish Grand Prix,1086,6324,15,Catalunya,2021-05-09 15:00:00,10,Pierre Gasly,GAS,gasly,alphatauri,10.0,12.0,10,+1 Lap,1.0,0 days 02:46:00,65.0,22.203076923076924,0.0,0.4576923076923077,0 days 00:00:01.241000,8.0,10.0
4,2021,Spanish Grand Prix,1086,6324,15,Catalunya,2021-05-09 15:00:00,18,Lance Stroll,STR,stroll,aston_martin,11.0,11.0,11,+1 Lap,0.0,0 days 02:46:00,65.0,22.203076923076924,0.0,0.4576923076923077,0 days 00:00:01.233000,5.0,5.0
4,2021,Spanish Grand Prix,1086,6324,15,Catalunya,2021-05-09 15:00:00,7,Kimi Räikkönen,RAI,raikkonen,alfa,12.0,17.0,12,+1 Lap,0.0,0 days 02:46:00,65.0,22.203076923076924,0.0,0.4576923076923077,0 days 00:00:02.176000,0.0,0.0
4,2021,Spanish Grand Prix,1086,6324,15,Catalunya,2021-05-09 15:00:00,5,Sebastian Vettel,VET,vettel,aston_martin,13.0,13.0,13,+1 Lap,0.0,0 days 02:46:00,65.0,22.203076923076924,0.0,0.4576923076923077,0 days 00:00:01.338000,0.0,5.0
4,2021,Spanish Grand Prix,1086,6324,15,Catalunya,2021-05-09 15:00:00,63,George Russell,RUS,russell,williams,14.0,15.0,14,+1 Lap,0.0,0 days 02:46:00,65.0,22.203076923076924,0.0,0.4576923076923077,0 days 00:00:01.704000,0.0,0.0
4,2021,Spanish Grand Prix,1086,6324,15,Catalunya,2021-05-09 15:00:00,99,Antonio Giovinazzi,GIO,giovinazzi,alfa,15.0,14.0,15,+1 Lap,0.0,0 days 02:46:00,65.0,22.203076923076924,0.0,0.4576923076923077,0 days 00:00:01.615000,0.0,0.0
4,2021,Spanish Grand Prix,1086,6324,15,Catalunya,2021-05-09 15:00:00,6,Nicholas Latifi,LAT,latifi,williams,16.0,19.0,16,+1 Lap,0.0,0 days 02:46:00,65.0,22.203076923076924,0.0,0.4576923076923077,0 days 00:00:02.478000,0.0,0.0
4,2021,Spanish Grand Prix,1086,6324,15,Catalunya,2021-05-09 15:00:00,14,Fernando Alonso,ALO,alonso,alpine,17.0,10.0,17,+1 Lap,0.0,0 days 02:46:00,65.0,22.203076923076924,0.0,0.4576923076923077,0 days 00:00:01.225000,5.0,15.0
4,2021,Spanish Grand Prix,1086,6324,15,Catalunya,2021-05-09 15:00:00,47,Mick Schumacher,MSC,mick_schumacher,haas,18.0,18.0,18,+2 Laps,0.0,0 days 02:46:00,64.0,22.203076923076924,0.0,0.4576923076923077,0 days 00:00:02.376000,0.0,0.0
4,2021,Spanish Grand Prix,1086,6324,15,Catalunya,2021-05-09 15:00:00,9,Nikita Mazepin,MAZ,mazepin,haas,19.0,20.0,19,+2 Laps,0.0,0 days 02:46:00,64.0,22.203076923076924,0.0,0.4576923076923077,0 days 00:00:03.066000,0.0,0.0
4,2021,Spanish Grand Prix,1086,6324,15,Catalunya,2021-05-09 15:00:00,22,Yuki Tsunoda,TSU,tsunoda,alphatauri,20.0,16.0,R,Electrical,0.0,0 days 02:46:00,6.0,22.203076923076924,0.0,0.4576923076923077,0 days 00:00:01.815000,2.0,10.0
5,2021,Monaco Grand Prix,1067,6229,22,Monte Carlo,2021-05-23 15:00:00,33,Max Verstappen,VER,max_verstappen,red_bull,1.0,2.0,1,Finished,25.0,0 days 01:38:56.820000,78.0,20.76074074074074,0.0,0.3162962962962963,0 days 00:00:00.230000,105.0,149.0
5,2021,Monaco Grand Prix,1067,6229,22,Monte Carlo,2021-05-23 15:00:00,55,Carlos Sainz,SAI,sainz,ferrari,2.0,4.0,2,Finished,18.0,0 days 00:00:08.968000,78.0,20.76074074074074,0.0,0.3162962962962963,0 days 00:00:00.265000,38.0,78.0
5,2021,Monaco Grand Prix,1067,6229,22,Monte Carlo,2021-05-23 15:00:00,4,Lando Norris,NOR,norris,mclaren,3.0,5.0,3,Finished,15.0,0 days 00:00:19.427000,78.0,20.76074074074074,0.0,0.3162962962962963,0 days 00:00:00.274000,56.0,80.0
5,2021,Monaco Grand Prix,1067,6229,22,Monte Carlo,2021-05-23 15:00:00,11,Sergio Perez,PER,perez,red_bull,4.0,9.0,4,Finished,12.0,0 days 00:00:20.490000,78.0,20.76074074074074,0.0,0.3162962962962963,0 days 00:00:00.673000,44.0,149.0
5,2021,Monaco Grand Prix,1067,6229,22,Monte Carlo,2021-05-23 15:00:00,5,Sebastian Vettel,VET,vettel,aston_martin,5.0,8.0,5,Finished,10.0,0 days 00:00:52.591000,78.0,20.76074074074074,0.0,0.3162962962962963,0 days 00:00:00.963000,10.0,19.0
5,2021,Monaco Grand Prix,1067,6229,22,Monte Carlo,2021-05-23 15:00:00,10,Pierre Gasly,GAS,gasly,alphatauri,6.0,6.0,6,Finished,8.0,0 days 00:00:53.896000,78.0,20.76074074074074,0.0,0.3162962962962963,0 days 00:00:00.554000,16.0,18.0
5,2021,Monaco Grand Prix,1067,6229,22,Monte Carlo,2021-05-23 15:00:00,44,Lewis Hamilton,HAM,hamilton,mercedes,7.0,7.0,7,Finished,7.0,0 days 00:01:08.231000,78.0,20.76074074074074,0.0,0.3162962962962963,0 days 00:00:00.749000,101.0,148.0
5,2021,Monaco Grand Prix,1067,6229,22,Monte Carlo,2021-05-23 15:00:00,18,Lance Stroll,STR,stroll,aston_martin,8.0,13.0,8,+1 Lap,4.0,0 days 02:46:00,77.0,20.76074074074074,0.0,0.3162962962962963,0 days 00:00:01.254000,9.0,19.0
5,2021,Monaco Grand Prix,1067,6229,22,Monte Carlo,2021-05-23 15:00:00,31,Esteban Ocon,OCO,ocon,alpine,9.0,11.0,9,+1 Lap,2.0,0 days 02:46:00,77.0,20.76074074074074,0.0,0.3162962962962963,0 days 00:00:01.140000,12.0,17.0
5,2021,Monaco Grand Prix,1067,6229,22,Monte Carlo,2021-05-23 15:00:00,99,Antonio Giovinazzi,GIO,giovinazzi,alfa,10.0,10.0,10,+1 Lap,1.0,0 days 02:46:00,77.0,20.76074074074074,0.0,0.3162962962962963,0 days 00:00:01.063000,1.0,1.0
5,2021,Monaco Grand Prix,1067,6229,22,Monte Carlo,2021-05-23 15:00:00,7,Kimi Räikkönen,RAI,raikkonen,alfa,11.0,14.0,11,+1 Lap,0.0,0 days 02:46:00,77.0,20.76074074074074,0.0,0.3162962962962963,0 days 00:00:01.296000,0.0,1.0
5,2021,Monaco Grand Prix,1067,6229,22,Monte Carlo,2021-05-23 15:00:00,3,Daniel Ricciardo,RIC,ricciardo,mclaren,12.0,12.0,12,+1 Lap,0.0,0 days 02:46:00,77.0,20.76074074074074,0.0,0.3162962962962963,0 days 00:00:01.252000,24.0,80.0
5,2021,Monaco Grand Prix,1067,6229,22,Monte Carlo,2021-05-23 15:00:00,14,Fernando Alonso,ALO,alonso,alpine,13.0,17.0,13,+1 Lap,0.0,0 days 02:46:00,77.0,20.76074074074074,0.0,0.3162962962962963,0 days 00:00:01.859000,5.0,17.0
5,2021,Monaco Grand Prix,1067,6229,22,Monte Carlo,2021-05-23 15:00:00,63,George Russell,RUS,russell,williams,14.0,15.0,14,+1 Lap,0.0,0 days 02:46:00,77.0,20.76074074074074,0.0,0.3162962962962963,0 days 00:00:01.484000,0.0,0.0
5,2021,Monaco Grand Prix,1067,6229,22,Monte Carlo,2021-05-23 15:00:00,6,Nicholas Latifi,LAT,latifi,williams,15.0,18.0,15,+1 Lap,0.0,0 days 02:46:00,77.0,20.76074074074074,0.0,0.3162962962962963,0 days 00:00:02.020000,0.0,0.0
5,2021,Monaco Grand Prix,1067,6229,22,Monte Carlo,2021-05-23 15:00:00,22,Yuki Tsunoda,TSU,tsunoda,alphatauri,16.0,16.0,16,+1 Lap,0.0,0 days 02:46:00,77.0,20.76074074074074,0.0,0.3162962962962963,0 days 00:00:01.750000,2.0,18.0
5,2021,Monaco Grand Prix,1067,6229,22,Monte Carlo,2021-05-23 15:00:00,9,Nikita Mazepin,MAZ,mazepin,haas,17.0,19.0,17,+3 Laps,0.0,0 days 02:46:00,75.0,20.76074074074074,0.0,0.3162962962962963,0 days 00:00:02.612000,0.0,0.0
5,2021,Monaco Grand Prix,1067,6229,22,Monte Carlo,2021-05-23 15:00:00,47,Mick Schumacher,MSC,mick_schumacher,haas,18.0,20.0,18,+3 Laps,0.0,0 days 02:46:00,75.0,20.76074074074074,0.0,0.3162962962962963,0 days 02:46:00,0.0,0.0
5,2021,Monaco Grand Prix,1067,6229,22,Monte Carlo,2021-05-23 15:00:00,77,Valtteri Bottas,BOT,bottas,mercedes,19.0,3.0,R,Wheel nut,0.0,0 days 02:46:00,29.0,20.76074074074074,0.0,0.3162962962962963,0 days 00:00:00.255000,47.0,148.0
5,2021,Monaco Grand Prix,1067,6229,22,Monte Carlo,2021-05-23 15:00:00,16,Charles Leclerc,LEC,leclerc,ferrari,20.0,1.0,W,Driveshaft,0.0,0 days 02:46:00,0.0,20.76074074074074,0.0,0.3162962962962963,0 days 00:00:00,40.0,78.0
6,2021,Azerbaijan Grand Prix,1068,6234,144,Baku,2021-06-06 16:00:00,11,Sergio Perez,PER,perez,red_bull,1.0,6.0,1,Finished,25.0,0 days 02:13:36.410000,51.0,24.17093023255814,0.0,0.2837209302325581,0 days 00:00:00.412000,69.0,174.0
6,2021,Azerbaijan Grand Prix,1068,6234,144,Baku,2021-06-06 16:00:00,5,Sebastian Vettel,VET,vettel,aston_martin,2.0,11.0,2,Finished,18.0,0 days 00:00:01.385000,51.0,24.17093023255814,0.0,0.2837209302325581,0 days 00:00:01.006000,28.0,37.0
6,2021,Azerbaijan Grand Prix,1068,6234,144,Baku,2021-06-06 16:00:00,10,Pierre Gasly,GAS,gasly,alphatauri,3.0,4.0,3,Finished,15.0,0 days 00:00:02.762000,51.0,24.17093023255814,0.0,0.2837209302325581,0 days 00:00:00.347000,31.0,39.0
6,2021,Azerbaijan Grand Prix,1068,6234,144,Baku,2021-06-06 16:00:00,16,Charles Leclerc,LEC,leclerc,ferrari,4.0,1.0,4,Finished,12.0,0 days 00:00:03.828000,51.0,24.17093023255814,0.0,0.2837209302325581,0 days 00:00:00,52.0,94.0
6,2021,Azerbaijan Grand Prix,1068,6234,144,Baku,2021-06-06 16:00:00,4,Lando Norris,NOR,norris,mclaren,5.0,9.0,5,Finished,10.0,0 days 00:00:04.754000,51.0,24.17093023255814,0.0,0.2837209302325581,0 days 00:00:00.529000,66.0,92.0
6,2021,Azerbaijan Grand Prix,1068,6234,144,Baku,2021-06-06 16:00:00,14,Fernando Alonso,ALO,alonso,alpine,6.0,8.0,6,Finished,8.0,0 days 00:00:06.382000,51.0,24.17093023255814,0.0,0.2837209302325581,0 days 00:00:00.977000,13.0,25.0
6,2021,Azerbaijan Grand Prix,1068,6234,144,Baku,2021-06-06 16:00:00,22,Yuki Tsunoda,TSU,tsunoda,alphatauri,7.0,7.0,7,Finished,6.0,0 days 00:00:06.624000,51.0,24.17093023255814,0.0,0.2837209302325581,0 days 00:00:00.436000,8.0,39.0
6,2021,Azerbaijan Grand Prix,1068,6234,144,Baku,2021-06-06 16:00:00,55,Carlos Sainz,SAI,sainz,ferrari,8.0,5.0,8,Finished,4.0,0 days 00:00:07.709000,51.0,24.17093023255814,0.0,0.2837209302325581,0 days 00:00:00.358000,42.0,94.0
6,2021,Azerbaijan Grand Prix,1068,6234,144,Baku,2021-06-06 16:00:00,3,Daniel Ricciardo,RIC,ricciardo,mclaren,9.0,13.0,9,Finished,2.0,0 days 00:00:08.874000,51.0,24.17093023255814,0.0,0.2837209302325581,0 days 00:00:01.086000,26.0,92.0
6,2021,Azerbaijan Grand Prix,1068,6234,144,Baku,2021-06-06 16:00:00,7,Kimi Räikkönen,RAI,raikkonen,alfa,10.0,14.0,10,Finished,1.0,0 days 00:00:09.576000,51.0,24.17093023255814,0.0,0.2837209302325581,0 days 00:00:01.369000,1.0,2.0
6,2021,Azerbaijan Grand Prix,1068,6234,144,Baku,2021-06-06 16:00:00,99,Antonio Giovinazzi,GIO,giovinazzi,alfa,11.0,20.0,11,Finished,0.0,0 days 00:00:10.254000,51.0,24.17093023255814,0.0,0.2837209302325581,0 days 02:46:00,1.0,2.0
6,2021,Azerbaijan Grand Prix,1068,6234,144,Baku,2021-06-06 16:00:00,77,Valtteri Bottas,BOT,bottas,mercedes,12.0,10.0,12,Finished,0.0,0 days 00:00:11.264000,51.0,24.17093023255814,0.0,0.2837209302325581,0 days 00:00:00.888000,47.0,148.0
6,2021,Azerbaijan Grand Prix,1068,6234,144,Baku,2021-06-06 16:00:00,47,Mick Schumacher,MSC,mick_schumacher,haas,13.0,17.0,13,Finished,0.0,0 days 00:00:14.241000,51.0,24.17093023255814,0.0,0.2837209302325581,0 days 00:00:02.940000,0.0,0.0
6,2021,Azerbaijan Grand Prix,1068,6234,144,Baku,2021-06-06 16:00:00,9,Nikita Mazepin,MAZ,mazepin,haas,14.0,18.0,14,Finished,0.0,0 days 00:00:14.315000,51.0,24.17093023255814,0.0,0.2837209302325581,0 days 00:00:03.020000,0.0,0.0
6,2021,Azerbaijan Grand Prix,1068,6234,144,Baku,2021-06-06 16:00:00,44,Lewis Hamilton,HAM,hamilton,mercedes,15.0,2.0,15,Finished,0.0,0 days 00:00:17.668000,51.0,24.17093023255814,0.0,0.2837209302325581,0 days 00:00:00.232000,101.0,148.0
6,2021,Azerbaijan Grand Prix,1068,6234,144,Baku,2021-06-06 16:00:00,6,Nicholas Latifi,LAT,latifi,williams,16.0,16.0,16,Finished,0.0,0 days 00:00:43.379000,51.0,24.17093023255814,0.0,0.2837209302325581,0 days 00:00:01.910000,0.0,0.0
6,2021,Azerbaijan Grand Prix,1068,6234,144,Baku,2021-06-06 16:00:00,63,George Russell,RUS,russell,williams,17.0,15.0,R,Gearbox,0.0,0 days 02:46:00,48.0,24.17093023255814,0.0,0.2837209302325581,0 days 00:00:01.510000,0.0,0.0
6,2021,Azerbaijan Grand Prix,1068,6234,144,Baku,2021-06-06 16:00:00,33,Max Verstappen,VER,max_verstappen,red_bull,18.0,3.0,R,Accident,0.0,0 days 02:46:00,45.0,24.17093023255814,0.0,0.2837209302325581,0 days 00:00:00.345000,105.0,174.0
6,2021,Azerbaijan Grand Prix,1068,6234,144,Baku,2021-06-06 16:00:00,18,Lance Stroll,STR,stroll,aston_martin,19.0,19.0,R,Accident,0.0,0 days 02:46:00,29.0,24.17093023255814,0.0,0.2837209302325581,0 days 02:46:00,9.0,37.0
6,2021,Azerbaijan Grand Prix,1068,6234,144,Baku,2021-06-06 16:00:00,31,Esteban Ocon,OCO,ocon,alpine,20.0,12.0,R,Turbo,0.0,0 days 02:46:00,3.0,24.17093023255814,0.0,0.2837209302325581,0 days 00:00:01.055000,12.0,25.0
7,2021,French Grand Prix,1070,6244,28,Paul Ricard,2021-06-20 15:00:00,33,Max Verstappen,VER,max_verstappen,red_bull,1.0,1.0,1,Finished,26.0,0 days 01:27:25.770000,53.0,25.314400000000003,0.0,1.1656,0 days 00:00:00,131.0,215.0
7,2021,French Grand Prix,1070,6244,28,Paul Ricard,2021-06-20 15:00:00,44,Lewis Hamilton,HAM,hamilton,mercedes,2.0,2.0,2,Finished,18.0,0 days 00:00:02.904000,53.0,25.314400000000003,0.0,1.1656,0 days 00:00:00.258000,119.0,178.0
7,2021,French Grand Prix,1070,6244,28,Paul Ricard,2021-06-20 15:00:00,11,Sergio Perez,PER,perez,red_bull,3.0,4.0,3,Finished,15.0,0 days 00:00:08.811000,53.0,25.314400000000003,0.0,1.1656,0 days 00:00:00.455000,84.0,215.0
7,2021,French Grand Prix,1070,6244,28,Paul Ricard,2021-06-20 15:00:00,77,Valtteri Bottas,BOT,bottas,mercedes,4.0,3.0,4,Finished,12.0,0 days 00:00:14.618000,53.0,25.314400000000003,0.0,1.1656,0 days 00:00:00.386000,59.0,178.0
7,2021,French Grand Prix,1070,6244,28,Paul Ricard,2021-06-20 15:00:00,4,Lando Norris,NOR,norris,mclaren,5.0,8.0,5,Finished,10.0,0 days 00:01:04.032000,53.0,25.314400000000003,0.0,1.1656,0 days 00:00:01.262000,76.0,110.0
7,2021,French Grand Prix,1070,6244,28,Paul Ricard,2021-06-20 15:00:00,3,Daniel Ricciardo,RIC,ricciardo,mclaren,6.0,10.0,6,Finished,8.0,0 days 00:01:15.857000,53.0,25.314400000000003,0.0,1.1656,0 days 00:00:01.392000,34.0,110.0
7,2021,French Grand Prix,1070,6244,28,Paul Ricard,2021-06-20 15:00:00,10,Pierre Gasly,GAS,gasly,alphatauri,7.0,6.0,7,Finished,6.0,0 days 00:01:16.596000,53.0,25.314400000000003,0.0,1.1656,0 days 00:00:00.878000,37.0,45.0
7,2021,French Grand Prix,1070,6244,28,Paul Ricard,2021-06-20 15:00:00,14,Fernando Alonso,ALO,alonso,alpine,8.0,9.0,8,Finished,4.0,0 days 00:01:17.695000,53.0,25.314400000000003,0.0,1.1656,0 days 00:00:01.350000,17.0,29.0
7,2021,French Grand Prix,1070,6244,28,Paul Ricard,2021-06-20 15:00:00,5,Sebastian Vettel,VET,vettel,aston_martin,9.0,12.0,9,Finished,2.0,0 days 00:01:19.666000,53.0,25.314400000000003,0.0,1.1656,0 days 00:00:01.777000,30.0,40.0
7,2021,French Grand Prix,1070,6244,28,Paul Ricard,2021-06-20 15:00:00,18,Lance Stroll,STR,stroll,aston_martin,10.0,19.0,10,Finished,1.0,0 days 00:01:31.946000,53.0,25.314400000000003,0.0,1.1656,0 days 02:46:00,10.0,40.0
7,2021,French Grand Prix,1070,6244,28,Paul Ricard,2021-06-20 15:00:00,55,Carlos Sainz,SAI,sainz,ferrari,11.0,5.0,11,Finished,0.0,0 days 00:01:39.337000,53.0,25.314400000000003,0.0,1.1656,0 days 00:00:00.850000,42.0,94.0
7,2021,French Grand Prix,1070,6244,28,Paul Ricard,2021-06-20 15:00:00,63,George Russell,RUS,russell,williams,12.0,14.0,12,+1 Lap,0.0,0 days 02:46:00,52.0,25.314400000000003,0.0,1.1656,0 days 00:00:02.075000,0.0,0.0
7,2021,French Grand Prix,1070,6244,28,Paul Ricard,2021-06-20 15:00:00,22,Yuki Tsunoda,TSU,tsunoda,alphatauri,13.0,0.0,13,+1 Lap,0.0,0 days 02:46:00,52.0,25.314400000000003,0.0,1.1656,0 days 02:46:00,8.0,45.0
7,2021,French Grand Prix,1070,6244,28,Paul Ricard,2021-06-20 15:00:00,31,Esteban Ocon,OCO,ocon,alpine,14.0,11.0,14,+1 Lap,0.0,0 days 02:46:00,52.0,25.314400000000003,0.0,1.1656,0 days 00:00:01.746000,12.0,29.0
7,2021,French Grand Prix,1070,6244,28,Paul Ricard,2021-06-20 15:00:00,99,Antonio Giovinazzi,GIO,giovinazzi,alfa,15.0,13.0,15,+1 Lap,0.0,0 days 02:46:00,52.0,25.314400000000003,0.0,1.1656,0 days 00:00:01.823000,1.0,2.0
7,2021,French Grand Prix,1070,6244,28,Paul Ricard,2021-06-20 15:00:00,16,Charles Leclerc,LEC,leclerc,ferrari,16.0,7.0,16,+1 Lap,0.0,0 days 02:46:00,52.0,25.314400000000003,0.0,1.1656,0 days 00:00:00.997000,52.0,94.0
7,2021,French Grand Prix,1070,6244,28,Paul Ricard,2021-06-20 15:00:00,7,Kimi Räikkönen,RAI,raikkonen,alfa,17.0,17.0,17,+1 Lap,0.0,0 days 02:46:00,52.0,25.314400000000003,0.0,1.1656,0 days 00:00:03.364000,1.0,2.0
7,2021,French Grand Prix,1070,6244,28,Paul Ricard,2021-06-20 15:00:00,6,Nicholas Latifi,LAT,latifi,williams,18.0,16.0,18,+1 Lap,0.0,0 days 02:46:00,52.0,25.314400000000003,0.0,1.1656,0 days 00:00:03.072000,0.0,0.0
7,2021,French Grand Prix,1070,6244,28,Paul Ricard,2021-06-20 15:00:00,47,Mick Schumacher,MSC,mick_schumacher,haas,19.0,15.0,19,+1 Lap,0.0,0 days 02:46:00,52.0,25.314400000000003,0.0,1.1656,0 days 00:00:02.952000,0.0,0.0
7,2021,French Grand Prix,1070,6244,28,Paul Ricard,2021-06-20 15:00:00,9,Nikita Mazepin,MAZ,mazepin,haas,20.0,18.0,20,+1 Lap,0.0,0 days 02:46:00,52.0,25.314400000000003,0.0,1.1656,0 days 00:00:03.564000,0.0,0.0
8,2021,Styrian Grand Prix,1092,6417,19,Spielberg,2021-06-27 15:00:00,33,Max Verstappen,VER,max_verstappen,red_bull,1.0,1.0,1,Finished,25.0,0 days 01:22:18.925000,71.0,26.69237288135593,0.0,0.3677966101694915,0 days 00:00:00,156.0,252.0
8,2021,Styrian Grand Prix,1092,6417,19,Spielberg,2021-06-27 15:00:00,44,Lewis Hamilton,HAM,hamilton,mercedes,2.0,2.0,2,Finished,19.0,0 days 00:00:35.743000,71.0,26.69237288135593,0.0,0.3677966101694915,0 days 00:00:00.226000,138.0,212.0
8,2021,Styrian Grand Prix,1092,6417,19,Spielberg,2021-06-27 15:00:00,77,Valtteri Bottas,BOT,bottas,mercedes,3.0,5.0,3,Finished,15.0,0 days 00:00:46.907000,71.0,26.69237288135593,0.0,0.3677966101694915,0 days 00:00:00.194000,74.0,212.0
8,2021,Styrian Grand Prix,1092,6417,19,Spielberg,2021-06-27 15:00:00,11,Sergio Perez,PER,perez,red_bull,4.0,4.0,4,Finished,12.0,0 days 00:00:47.434000,71.0,26.69237288135593,0.0,0.3677966101694915,0 days 00:00:00.327000,96.0,252.0
8,2021,Styrian Grand Prix,1092,6417,19,Spielberg,2021-06-27 15:00:00,4,Lando Norris,NOR,norris,mclaren,5.0,3.0,5,+1 Lap,10.0,0 days 02:46:00,70.0,26.69237288135593,0.0,0.3677966101694915,0 days 00:00:00.279000,86.0,120.0
8,2021,Styrian Grand Prix,1092,6417,19,Spielberg,2021-06-27 15:00:00,55,Carlos Sainz,SAI,sainz,ferrari,6.0,12.0,6,+1 Lap,8.0,0 days 02:46:00,70.0,26.69237288135593,0.0,0.3677966101694915,0 days 00:00:00.959000,50.0,108.0
8,2021,Styrian Grand Prix,1092,6417,19,Spielberg,2021-06-27 15:00:00,16,Charles Leclerc,LEC,leclerc,ferrari,7.0,7.0,7,+1 Lap,6.0,0 days 02:46:00,70.0,26.69237288135593,0.0,0.3677966101694915,0 days 00:00:00.631000,58.0,108.0
8,2021,Styrian Grand Prix,1092,6417,19,Spielberg,2021-06-27 15:00:00,18,Lance Stroll,STR,stroll,aston_martin,8.0,9.0,8,+1 Lap,4.0,0 days 02:46:00,70.0,26.69237288135593,0.0,0.3677966101694915,0 days 00:00:00.822000,14.0,44.0
8,2021,Styrian Grand Prix,1092,6417,19,Spielberg,2021-06-27 15:00:00,14,Fernando Alonso,ALO,alonso,alpine,9.0,8.0,9,+1 Lap,2.0,0 days 02:46:00,70.0,26.69237288135593,0.0,0.3677966101694915,0 days 00:00:00.733000,19.0,31.0
8,2021,Styrian Grand Prix,1092,6417,19,Spielberg,2021-06-27 15:00:00,22,Yuki Tsunoda,TSU,tsunoda,alphatauri,10.0,11.0,10,+1 Lap,1.0,0 days 02:46:00,70.0,26.69237288135593,0.0,0.3677966101694915,0 days 00:00:00.673000,9.0,46.0
8,2021,Styrian Grand Prix,1092,6417,19,Spielberg,2021-06-27 15:00:00,7,Kimi Räikkönen,RAI,raikkonen,alfa,11.0,18.0,11,+1 Lap,0.0,0 days 02:46:00,70.0,26.69237288135593,0.0,0.3677966101694915,0 days 00:00:01.588000,1.0,2.0
8,2021,Styrian Grand Prix,1092,6417,19,Spielberg,2021-06-27 15:00:00,5,Sebastian Vettel,VET,vettel,aston_martin,12.0,14.0,12,+1 Lap,0.0,0 days 02:46:00,70.0,26.69237288135593,0.0,0.3677966101694915,0 days 00:00:01.034000,30.0,44.0
8,2021,Styrian Grand Prix,1092,6417,19,Spielberg,2021-06-27 15:00:00,3,Daniel Ricciardo,RIC,ricciardo,mclaren,13.0,13.0,13,+1 Lap,0.0,0 days 02:46:00,70.0,26.69237288135593,0.0,0.3677966101694915,0 days 00:00:00.967000,34.0,120.0
8,2021,Styrian Grand Prix,1092,6417,19,Spielberg,2021-06-27 15:00:00,31,Esteban Ocon,OCO,ocon,alpine,14.0,17.0,14,+1 Lap,0.0,0 days 02:46:00,70.0,26.69237288135593,0.0,0.3677966101694915,0 days 00:00:01.376000,12.0,31.0
8,2021,Styrian Grand Prix,1092,6417,19,Spielberg,2021-06-27 15:00:00,99,Antonio Giovinazzi,GIO,giovinazzi,alfa,15.0,15.0,15,+1 Lap,0.0,0 days 02:46:00,70.0,26.69237288135593,0.0,0.3677966101694915,0 days 00:00:01.072000,1.0,2.0
8,2021,Styrian Grand Prix,1092,6417,19,Spielberg,2021-06-27 15:00:00,47,Mick Schumacher,MSC,mick_schumacher,haas,16.0,19.0,16,+2 Laps,0.0,0 days 02:46:00,69.0,26.69237288135593,0.0,0.3677966101694915,0 days 00:00:02.200000,0.0,0.0
8,2021,Styrian Grand Prix,1092,6417,19,Spielberg,2021-06-27 15:00:00,6,Nicholas Latifi,LAT,latifi,williams,17.0,16.0,17,+3 Laps,0.0,0 days 02:46:00,68.0,26.69237288135593,0.0,0.3677966101694915,0 days 00:00:01.334000,0.0,0.0
8,2021,Styrian Grand Prix,1092,6417,19,Spielberg,2021-06-27 15:00:00,9,Nikita Mazepin,MAZ,mazepin,haas,18.0,20.0,18,+3 Laps,0.0,0 days 02:46:00,68.0,26.69237288135593,0.0,0.3677966101694915,0 days 00:00:02.351000,0.0,0.0
8,2021,Styrian Grand Prix,1092,6417,19,Spielberg,2021-06-27 15:00:00,63,George Russell,RUS,russell,williams,19.0,10.0,R,Engine,0.0,0 days 02:46:00,36.0,26.69237288135593,0.0,0.3677966101694915,0 days 00:00:00.830000,0.0,0.0
8,2021,Styrian Grand Prix,1092,6417,19,Spielberg,2021-06-27 15:00:00,10,Pierre Gasly,GAS,gasly,alphatauri,20.0,6.0,R,Collision,0.0,0 days 02:46:00,1.0,26.69237288135593,0.0,0.3677966101694915,0 days 00:00:00.395000,37.0,46.0
9,2021,Austrian Grand Prix,1071,6249,19,Spielberg,2021-07-04 15:00:00,33,Max Verstappen,VER,max_verstappen,red_bull,1.0,1.0,1,Finished,26.0,0 days 01:23:54.543000,71.0,20.96602564102564,0.0384615384615384,0.348076923076923,0 days 00:00:00,182.0,286.0
9,2021,Austrian Grand Prix,1071,6249,19,Spielberg,2021-07-04 15:00:00,77,Valtteri Bottas,BOT,bottas,mercedes,2.0,5.0,2,Finished,18.0,0 days 00:00:17.973000,71.0,20.96602564102564,0.0384615384615384,0.348076923076923,0 days 00:00:00.329000,92.0,242.0
9,2021,Austrian Grand Prix,1071,6249,19,Spielberg,2021-07-04 15:00:00,4,Lando Norris,NOR,norris,mclaren,3.0,2.0,3,Finished,15.0,0 days 00:00:20.019000,71.0,20.96602564102564,0.0384615384615384,0.348076923076923,0 days 00:00:00.048000,101.0,141.0
9,2021,Austrian Grand Prix,1071,6249,19,Spielberg,2021-07-04 15:00:00,44,Lewis Hamilton,HAM,hamilton,mercedes,4.0,4.0,4,Finished,12.0,0 days 00:00:46.452000,71.0,20.96602564102564,0.0384615384615384,0.348076923076923,0 days 00:00:00.294000,150.0,242.0
9,2021,Austrian Grand Prix,1071,6249,19,Spielberg,2021-07-04 15:00:00,55,Carlos Sainz,SAI,sainz,ferrari,5.0,10.0,5,Finished,10.0,0 days 00:00:57.144000,71.0,20.96602564102564,0.0384615384615384,0.348076923076923,0 days 00:00:00.839000,60.0,122.0
9,2021,Austrian Grand Prix,1071,6249,19,Spielberg,2021-07-04 15:00:00,11,Sergio Perez,PER,perez,red_bull,6.0,3.0,6,Finished,8.0,0 days 00:00:57.915000,71.0,20.96602564102564,0.0384615384615384,0.348076923076923,0 days 00:00:00.270000,104.0,286.0
9,2021,Austrian Grand Prix,1071,6249,19,Spielberg,2021-07-04 15:00:00,3,Daniel Ricciardo,RIC,ricciardo,mclaren,7.0,13.0,7,Finished,6.0,0 days 00:01:00.395000,71.0,20.96602564102564,0.0384615384615384,0.348076923076923,0 days 00:00:00.999000,40.0,141.0
9,2021,Austrian Grand Prix,1071,6249,19,Spielberg,2021-07-04 15:00:00,16,Charles Leclerc,LEC,leclerc,ferrari,8.0,12.0,8,Finished,4.0,0 days 00:01:01.195000,71.0,20.96602564102564,0.0384615384615384,0.348076923076923,0 days 00:00:00.880000,62.0,122.0
9,2021,Austrian Grand Prix,1071,6249,19,Spielberg,2021-07-04 15:00:00,10,Pierre Gasly,GAS,gasly,alphatauri,9.0,6.0,9,Finished,2.0,0 days 00:01:01.844000,71.0,20.96602564102564,0.0384615384615384,0.348076923076923,0 days 00:00:00.387000,39.0,48.0
9,2021,Austrian Grand Prix,1071,6249,19,Spielberg,2021-07-04 15:00:00,14,Fernando Alonso,ALO,alonso,alpine,10.0,14.0,10,+1 Lap,1.0,0 days 02:46:00,70.0,20.96602564102564,0.0384615384615384,0.348076923076923,0 days 00:00:00.752000,20.0,32.0
9,2021,Austrian Grand Prix,1071,6249,19,Spielberg,2021-07-04 15:00:00,63,George Russell,RUS,russell,williams,11.0,8.0,11,+1 Lap,0.0,0 days 02:46:00,70.0,20.96602564102564,0.0384615384615384,0.348076923076923,0 days 00:00:00.833000,0.0,0.0
9,2021,Austrian Grand Prix,1071,6249,19,Spielberg,2021-07-04 15:00:00,22,Yuki Tsunoda,TSU,tsunoda,alphatauri,12.0,7.0,12,+1 Lap,0.0,0 days 02:46:00,70.0,20.96602564102564,0.0384615384615384,0.348076923076923,0 days 00:00:00.553000,9.0,48.0
9,2021,Austrian Grand Prix,1071,6249,19,Spielberg,2021-07-04 15:00:00,18,Lance Stroll,STR,stroll,aston_martin,13.0,9.0,13,+1 Lap,0.0,0 days 02:46:00,70.0,20.96602564102564,0.0384615384615384,0.348076923076923,0 days 00:00:00.827000,14.0,44.0
9,2021,Austrian Grand Prix,1071,6249,19,Spielberg,2021-07-04 15:00:00,99,Antonio Giovinazzi,GIO,giovinazzi,alfa,14.0,15.0,14,+1 Lap,0.0,0 days 02:46:00,70.0,20.96602564102564,0.0384615384615384,0.348076923076923,0 days 00:00:01.062000,1.0,2.0
9,2021,Austrian Grand Prix,1071,6249,19,Spielberg,2021-07-04 15:00:00,7,Kimi Räikkönen,RAI,raikkonen,alfa,15.0,16.0,15,+1 Lap,0.0,0 days 02:46:00,70.0,20.96602564102564,0.0384615384615384,0.348076923076923,0 days 00:00:01.289000,1.0,2.0
9,2021,Austrian Grand Prix,1071,6249,19,Spielberg,2021-07-04 15:00:00,6,Nicholas Latifi,LAT,latifi,williams,16.0,18.0,16,+1 Lap,0.0,0 days 02:46:00,70.0,20.96602564102564,0.0384615384615384,0.348076923076923,0 days 00:00:01.475000,0.0,0.0
9,2021,Austrian Grand Prix,1071,6249,19,Spielberg,2021-07-04 15:00:00,5,Sebastian Vettel,VET,vettel,aston_martin,17.0,11.0,17,Collision,0.0,0 days 02:46:00,69.0,20.96602564102564,0.0384615384615384,0.348076923076923,0 days 00:00:00.773000,30.0,44.0
9,2021,Austrian Grand Prix,1071,6249,19,Spielberg,2021-07-04 15:00:00,47,Mick Schumacher,MSC,mick_schumacher,haas,18.0,19.0,18,+2 Laps,0.0,0 days 02:46:00,69.0,20.96602564102564,0.0384615384615384,0.348076923076923,0 days 00:00:01.707000,0.0,0.0
9,2021,Austrian Grand Prix,1071,6249,19,Spielberg,2021-07-04 15:00:00,9,Nikita Mazepin,MAZ,mazepin,haas,19.0,20.0,19,+2 Laps,0.0,0 days 02:46:00,69.0,20.96602564102564,0.0384615384615384,0.348076923076923,0 days 00:00:02.231000,0.0,0.0
9,2021,Austrian Grand Prix,1071,6249,19,Spielberg,2021-07-04 15:00:00,31,Esteban Ocon,OCO,ocon,alpine,20.0,17.0,R,Collision,0.0,0 days 02:46:00,0.0,20.96602564102564,0.0384615384615384,0.348076923076923,0 days 00:00:01.331000,12.0,32.0
10,2021,British Grand Prix,1072,6254,2,Silverstone,2021-07-18 15:00:00,44,Lewis Hamilton,HAM,hamilton,mercedes,1.0,2.0,1,Finished,25.0,0 days 01:58:23.284000,52.0,29.4,0.0,0.3179347826086957,0 days 00:00:00,177.0,285.0
10,2021,British Grand Prix,1072,6254,2,Silverstone,2021-07-18 15:00:00,16,Charles Leclerc,LEC,leclerc,ferrari,2.0,4.0,2,Finished,18.0,0 days 00:00:03.871000,52.0,29.4,0.0,0.3179347826086957,0 days 00:00:00.805000,80.0,148.0
10,2021,British Grand Prix,1072,6254,2,Silverstone,2021-07-18 15:00:00,77,Valtteri Bottas,BOT,bottas,mercedes,3.0,3.0,3,Finished,15.0,0 days 00:00:11.125000,52.0,29.4,0.0,0.3179347826086957,0 days 00:00:00.305000,108.0,285.0
10,2021,British Grand Prix,1072,6254,2,Silverstone,2021-07-18 15:00:00,4,Lando Norris,NOR,norris,mclaren,4.0,5.0,4,Finished,12.0,0 days 00:00:28.573000,52.0,29.4,0.0,0.3179347826086957,0 days 00:00:00.874000,113.0,163.0
10,2021,British Grand Prix,1072,6254,2,Silverstone,2021-07-18 15:00:00,3,Daniel Ricciardo,RIC,ricciardo,mclaren,5.0,6.0,5,Finished,10.0,0 days 00:00:42.624000,52.0,29.4,0.0,0.3179347826086957,0 days 00:00:00.876000,50.0,163.0
10,2021,British Grand Prix,1072,6254,2,Silverstone,2021-07-18 15:00:00,55,Carlos Sainz,SAI,sainz,ferrari,6.0,10.0,6,Finished,8.0,0 days 00:00:43.454000,52.0,29.4,0.0,0.3179347826086957,0 days 00:00:00.825000,68.0,148.0
10,2021,British Grand Prix,1072,6254,2,Silverstone,2021-07-18 15:00:00,14,Fernando Alonso,ALO,alonso,alpine,7.0,7.0,7,Finished,6.0,0 days 00:01:12.093000,52.0,29.4,0.0,0.3179347826086957,0 days 00:00:01.222000,26.0,40.0
10,2021,British Grand Prix,1072,6254,2,Silverstone,2021-07-18 15:00:00,18,Lance Stroll,STR,stroll,aston_martin,8.0,14.0,8,Finished,4.0,0 days 00:01:14.289000,52.0,29.4,0.0,0.3179347826086957,0 days 00:00:01.642000,18.0,48.0
10,2021,British Grand Prix,1072,6254,2,Silverstone,2021-07-18 15:00:00,31,Esteban Ocon,OCO,ocon,alpine,9.0,9.0,9,Finished,2.0,0 days 00:01:16.162000,52.0,29.4,0.0,0.3179347826086957,0 days 00:00:01.317000,14.0,40.0
10,2021,British Grand Prix,1072,6254,2,Silverstone,2021-07-18 15:00:00,22,Yuki Tsunoda,TSU,tsunoda,alphatauri,10.0,16.0,10,Finished,1.0,0 days 00:01:22.065000,52.0,29.4,0.0,0.3179347826086957,0 days 00:00:02.020000,10.0,49.0
10,2021,British Grand Prix,1072,6254,2,Silverstone,2021-07-18 15:00:00,10,Pierre Gasly,GAS,gasly,alphatauri,11.0,11.0,11,Finished,0.0,0 days 00:01:25.327000,52.0,29.4,0.0,0.3179347826086957,0 days 00:00:01.250000,39.0,49.0
10,2021,British Grand Prix,1072,6254,2,Silverstone,2021-07-18 15:00:00,63,George Russell,RUS,russell,williams,12.0,12.0,12,+1 Lap,0.0,0 days 02:46:00,51.0,29.4,0.0,0.3179347826086957,0 days 00:00:00.948000,0.0,0.0
10,2021,British Grand Prix,1072,6254,2,Silverstone,2021-07-18 15:00:00,99,Antonio Giovinazzi,GIO,giovinazzi,alfa,13.0,15.0,13,+1 Lap,0.0,0 days 02:46:00,51.0,29.4,0.0,0.3179347826086957,0 days 00:00:01.572000,1.0,2.0
10,2021,British Grand Prix,1072,6254,2,Silverstone,2021-07-18 15:00:00,6,Nicholas Latifi,LAT,latifi,williams,14.0,17.0,14,+1 Lap,0.0,0 days 02:46:00,51.0,29.4,0.0,0.3179347826086957,0 days 00:00:02.231000,0.0,0.0
10,2021,British Grand Prix,1072,6254,2,Silverstone,2021-07-18 15:00:00,7,Kimi Räikkönen,RAI,raikkonen,alfa,15.0,13.0,15,+1 Lap,0.0,0 days 02:46:00,51.0,29.4,0.0,0.3179347826086957,0 days 00:00:02.039000,1.0,2.0
10,2021,British Grand Prix,1072,6254,2,Silverstone,2021-07-18 15:00:00,11,Sergio Perez,PER,perez,red_bull,16.0,0.0,16,+1 Lap,0.0,0 days 02:46:00,51.0,29.4,0.0,0.3179347826086957,0 days 00:00:00.821000,104.0,289.0
10,2021,British Grand Prix,1072,6254,2,Silverstone,2021-07-18 15:00:00,9,Nikita Mazepin,MAZ,mazepin,haas,17.0,19.0,17,+1 Lap,0.0,0 days 02:46:00,51.0,29.4,0.0,0.3179347826086957,0 days 00:00:03.028000,0.0,0.0
10,2021,British Grand Prix,1072,6254,2,Silverstone,2021-07-18 15:00:00,47,Mick Schumacher,MSC,mick_schumacher,haas,18.0,18.0,18,+1 Lap,0.0,0 days 02:46:00,51.0,29.4,0.0,0.3179347826086957,0 days 00:00:02.715000,0.0,0.0
10,2021,British Grand Prix,1072,6254,2,Silverstone,2021-07-18 15:00:00,5,Sebastian Vettel,VET,vettel,aston_martin,19.0,8.0,R,Retired,0.0,0 days 02:46:00,40.0,29.4,0.0,0.3179347826086957,0 days 00:00:01.080000,30.0,48.0
10,2021,British Grand Prix,1072,6254,2,Silverstone,2021-07-18 15:00:00,33,Max Verstappen,VER,max_verstappen,red_bull,20.0,1.0,R,Collision,0.0,0 days 02:46:00,0.0,29.4,0.0,0.3179347826086957,0 days 00:00:00.186000,185.0,289.0
11,2021,Hungarian Grand Prix,1073,6259,4,Hungaroring,2021-08-01 15:00:00,31,Esteban Ocon,OCO,ocon,alpine,1.0,8.0,1,Finished,25.0,0 days 02:04:43.199000,70.0,27.22670157068063,0.3036649214659686,0.5675392670157068,0 days 00:00:01.234000,39.0,77.0
11,2021,Hungarian Grand Prix,1073,6259,4,Hungaroring,2021-08-01 15:00:00,44,Lewis Hamilton,HAM,hamilton,mercedes,2.0,1.0,2,Finished,18.0,0 days 00:00:02.736000,70.0,27.22670157068063,0.3036649214659686,0.5675392670157068,0 days 00:00:00,195.0,303.0
11,2021,Hungarian Grand Prix,1073,6259,4,Hungaroring,2021-08-01 15:00:00,55,Carlos Sainz,SAI,sainz,ferrari,3.0,15.0,3,Finished,15.0,0 days 00:00:15.018000,70.0,27.22670157068063,0.3036649214659686,0.5675392670157068,0 days 00:00:01.230000,83.0,163.0
11,2021,Hungarian Grand Prix,1073,6259,4,Hungaroring,2021-08-01 15:00:00,14,Fernando Alonso,ALO,alonso,alpine,4.0,9.0,4,Finished,12.0,0 days 00:00:15.651000,70.0,27.22670157068063,0.3036649214659686,0.5675392670157068,0 days 00:00:01.122000,38.0,77.0
11,2021,Hungarian Grand Prix,1073,6259,4,Hungaroring,2021-08-01 15:00:00,10,Pierre Gasly,GAS,gasly,alphatauri,5.0,5.0,5,Finished,11.0,0 days 00:01:03.614000,70.0,27.22670157068063,0.3036649214659686,0.5675392670157068,0 days 00:00:00.975000,50.0,68.0
11,2021,Hungarian Grand Prix,1073,6259,4,Hungaroring,2021-08-01 15:00:00,22,Yuki Tsunoda,TSU,tsunoda,alphatauri,6.0,16.0,6,Finished,8.0,0 days 00:01:15.803000,70.0,27.22670157068063,0.3036649214659686,0.5675392670157068,0 days 00:00:02.500000,18.0,68.0
11,2021,Hungarian Grand Prix,1073,6259,4,Hungaroring,2021-08-01 15:00:00,6,Nicholas Latifi,LAT,latifi,williams,7.0,18.0,7,Finished,6.0,0 days 00:01:17.910000,70.0,27.22670157068063,0.3036649214659686,0.5675392670157068,0 days 00:00:02.617000,6.0,10.0
11,2021,Hungarian Grand Prix,1073,6259,4,Hungaroring,2021-08-01 15:00:00,63,George Russell,RUS,russell,williams,8.0,17.0,8,Finished,4.0,0 days 00:01:19.094000,70.0,27.22670157068063,0.3036649214659686,0.5675392670157068,0 days 00:00:02.525000,4.0,10.0
11,2021,Hungarian Grand Prix,1073,6259,4,Hungaroring,2021-08-01 15:00:00,33,Max Verstappen,VER,max_verstappen,red_bull,9.0,3.0,9,Finished,2.0,0 days 00:01:20.244000,70.0,27.22670157068063,0.3036649214659686,0.5675392670157068,0 days 00:00:00.231000,187.0,291.0
11,2021,Hungarian Grand Prix,1073,6259,4,Hungaroring,2021-08-01 15:00:00,7,Kimi Räikkönen,RAI,raikkonen,alfa,10.0,13.0,10,+1 Lap,1.0,0 days 02:46:00,69.0,27.22670157068063,0.3036649214659686,0.5675392670157068,0 days 00:00:02.134000,2.0,3.0
11,2021,Hungarian Grand Prix,1073,6259,4,Hungaroring,2021-08-01 15:00:00,3,Daniel Ricciardo,RIC,ricciardo,mclaren,11.0,11.0,11,+1 Lap,0.0,0 days 02:46:00,69.0,27.22670157068063,0.3036649214659686,0.5675392670157068,0 days 00:00:01.452000,50.0,163.0
11,2021,Hungarian Grand Prix,1073,6259,4,Hungaroring,2021-08-01 15:00:00,47,Mick Schumacher,MSC,mick_schumacher,haas,12.0,20.0,12,+1 Lap,0.0,0 days 02:46:00,69.0,27.22670157068063,0.3036649214659686,0.5675392670157068,0 days 02:46:00,0.0,0.0
11,2021,Hungarian Grand Prix,1073,6259,4,Hungaroring,2021-08-01 15:00:00,99,Antonio Giovinazzi,GIO,giovinazzi,alfa,13.0,0.0,13,+1 Lap,0.0,0 days 02:46:00,69.0,27.22670157068063,0.3036649214659686,0.5675392670157068,0 days 00:00:02.164000,1.0,3.0
11,2021,Hungarian Grand Prix,1073,6259,4,Hungaroring,2021-08-01 15:00:00,9,Nikita Mazepin,MAZ,mazepin,haas,14.0,19.0,R,Collision,0.0,0 days 02:46:00,3.0,27.22670157068063,0.3036649214659686,0.5675392670157068,0 days 00:00:03.503000,0.0,0.0
11,2021,Hungarian Grand Prix,1073,6259,4,Hungaroring,2021-08-01 15:00:00,4,Lando Norris,NOR,norris,mclaren,15.0,6.0,R,Collision,0.0,0 days 02:46:00,2.0,27.22670157068063,0.3036649214659686,0.5675392670157068,0 days 00:00:00.966000,113.0,163.0
11,2021,Hungarian Grand Prix,1073,6259,4,Hungaroring,2021-08-01 15:00:00,77,Valtteri Bottas,BOT,bottas,mercedes,16.0,2.0,R,Collision,0.0,0 days 02:46:00,0.0,27.22670157068063,0.3036649214659686,0.5675392670157068,0 days 00:00:00.315000,108.0,303.0
11,2021,Hungarian Grand Prix,1073,6259,4,Hungaroring,2021-08-01 15:00:00,11,Sergio Perez,PER,perez,red_bull,17.0,4.0,R,Collision,0.0,0 days 02:46:00,0.0,27.22670157068063,0.3036649214659686,0.5675392670157068,0 days 00:00:01.002000,104.0,291.0
11,2021,Hungarian Grand Prix,1073,6259,4,Hungaroring,2021-08-01 15:00:00,16,Charles Leclerc,LEC,leclerc,ferrari,18.0,7.0,R,Collision,0.0,0 days 02:46:00,0.0,27.22670157068063,0.3036649214659686,0.5675392670157068,0 days 00:00:01.077000,80.0,163.0
11,2021,Hungarian Grand Prix,1073,6259,4,Hungaroring,2021-08-01 15:00:00,18,Lance Stroll,STR,stroll,aston_martin,19.0,12.0,R,Collision,0.0,0 days 02:46:00,0.0,27.22670157068063,0.3036649214659686,0.5675392670157068,0 days 00:00:01.474000,18.0,48.0
11,2021,Hungarian Grand Prix,1073,6259,4,Hungaroring,2021-08-01 15:00:00,5,Sebastian Vettel,VET,vettel,aston_martin,20.0,10.0,D,Disqualified,0.0,0 days 02:46:00,70.0,27.22670157068063,0.3036649214659686,0.5675392670157068,0 days 00:00:01.331000,30.0,48.0
12,2021,Belgian Grand Prix,1074,6264,7,Spa-Francorchamps,2021-08-29 15:00:00,33,Max Verstappen,VER,max_verstappen,red_bull,1.0,1.0,1,Finished,12.5,0 days 00:03:27.071000,1.0,13.012413793103448,0.8413793103448276,0.5113793103448276,0 days 00:00:00.534000,199.5,303.5
12,2021,Belgian Grand Prix,1074,6264,7,Spa-Francorchamps,2021-08-29 15:00:00,63,George Russell,RUS,russell,williams,2.0,2.0,2,Finished,9.0,0 days 00:00:01.995000,1.0,13.012413793103448,0.8413793103448276,0.5113793103448276,0 days 00:00:00.925000,13.0,20.0
12,2021,Belgian Grand Prix,1074,6264,7,Spa-Francorchamps,2021-08-29 15:00:00,44,Lewis Hamilton,HAM,hamilton,mercedes,3.0,3.0,3,Finished,7.5,0 days 00:00:02.601000,1.0,13.012413793103448,0.8413793103448276,0.5113793103448276,0 days 00:00:00.204000,202.5,310.5
12,2021,Belgian Grand Prix,1074,6264,7,Spa-Francorchamps,2021-08-29 15:00:00,3,Daniel Ricciardo,RIC,ricciardo,mclaren,4.0,4.0,4,Finished,6.0,0 days 00:00:04.496000,1.0,13.012413793103448,0.8413793103448276,0.5113793103448276,0 days 00:00:01.102000,56.0,169.0
12,2021,Belgian Grand Prix,1074,6264,7,Spa-Francorchamps,2021-08-29 15:00:00,5,Sebastian Vettel,VET,vettel,aston_martin,5.0,5.0,5,Finished,5.0,0 days 00:00:07.479000,1.0,13.012413793103448,0.8413793103448276,0.5113793103448276,0 days 00:00:00.789000,35.0,53.0
12,2021,Belgian Grand Prix,1074,6264,7,Spa-Francorchamps,2021-08-29 15:00:00,10,Pierre Gasly,GAS,gasly,alphatauri,6.0,6.0,6,Finished,4.0,0 days 00:00:10.177000,1.0,13.012413793103448,0.8413793103448276,0.5113793103448276,0 days 00:00:00.415000,54.0,72.0
12,2021,Belgian Grand Prix,1074,6264,7,Spa-Francorchamps,2021-08-29 15:00:00,31,Esteban Ocon,OCO,ocon,alpine,7.0,8.0,7,Finished,3.0,0 days 00:00:11.579000,1.0,13.012413793103448,0.8413793103448276,0.5113793103448276,0 days 00:00:01.329000,42.0,80.0
12,2021,Belgian Grand Prix,1074,6264,7,Spa-Francorchamps,2021-08-29 15:00:00,16,Charles Leclerc,LEC,leclerc,ferrari,8.0,9.0,8,Finished,2.0,0 days 00:00:12.608000,1.0,13.012413793103448,0.8413793103448276,0.5113793103448276,0 days 00:00:01.696000,82.0,165.5
12,2021,Belgian Grand Prix,1074,6264,7,Spa-Francorchamps,2021-08-29 15:00:00,6,Nicholas Latifi,LAT,latifi,williams,9.0,10.0,9,Finished,1.0,0 days 00:00:15.485000,1.0,13.012413793103448,0.8413793103448276,0.5113793103448276,0 days 00:00:02.031000,7.0,20.0
12,2021,Belgian Grand Prix,1074,6264,7,Spa-Francorchamps,2021-08-29 15:00:00,55,Carlos Sainz,SAI,sainz,ferrari,10.0,11.0,10,Finished,0.5,0 days 00:00:16.166000,1.0,13.012413793103448,0.8413793103448276,0.5113793103448276,0 days 00:00:02.112000,83.5,165.5
12,2021,Belgian Grand Prix,1074,6264,7,Spa-Francorchamps,2021-08-29 15:00:00,14,Fernando Alonso,ALO,alonso,alpine,11.0,12.0,11,Finished,0.0,0 days 00:00:20.590000,1.0,13.012413793103448,0.8413793103448276,0.5113793103448276,0 days 00:00:02.180000,38.0,80.0
12,2021,Belgian Grand Prix,1074,6264,7,Spa-Francorchamps,2021-08-29 15:00:00,77,Valtteri Bottas,BOT,bottas,mercedes,12.0,13.0,12,Finished,0.0,0 days 00:00:22.414000,1.0,13.012413793103448,0.8413793103448276,0.5113793103448276,0 days 00:00:00.270000,108.0,310.5
12,2021,Belgian Grand Prix,1074,6264,7,Spa-Francorchamps,2021-08-29 15:00:00,99,Antonio Giovinazzi,GIO,giovinazzi,alfa,13.0,14.0,13,Finished,0.0,0 days 00:00:24.163000,1.0,13.012413793103448,0.8413793103448276,0.5113793103448276,0 days 00:00:06.281000,1.0,3.0
12,2021,Belgian Grand Prix,1074,6264,7,Spa-Francorchamps,2021-08-29 15:00:00,4,Lando Norris,NOR,norris,mclaren,14.0,15.0,14,Finished,0.0,0 days 00:00:27.110000,1.0,13.012413793103448,0.8413793103448276,0.5113793103448276,0 days 00:00:00,113.0,169.0
12,2021,Belgian Grand Prix,1074,6264,7,Spa-Francorchamps,2021-08-29 15:00:00,22,Yuki Tsunoda,TSU,tsunoda,alphatauri,15.0,16.0,15,Finished,0.0,0 days 00:00:28.329000,1.0,13.012413793103448,0.8413793103448276,0.5113793103448276,0 days 00:00:06.388000,18.0,72.0
12,2021,Belgian Grand Prix,1074,6264,7,Spa-Francorchamps,2021-08-29 15:00:00,47,Mick Schumacher,MSC,mick_schumacher,haas,16.0,17.0,16,Finished,0.0,0 days 00:00:29.507000,1.0,13.012413793103448,0.8413793103448276,0.5113793103448276,0 days 00:00:07.948000,0.0,0.0
12,2021,Belgian Grand Prix,1074,6264,7,Spa-Francorchamps,2021-08-29 15:00:00,9,Nikita Mazepin,MAZ,mazepin,haas,17.0,18.0,17,Finished,0.0,0 days 00:00:31.993000,1.0,13.012413793103448,0.8413793103448276,0.5113793103448276,0 days 00:00:08.914000,0.0,0.0
12,2021,Belgian Grand Prix,1074,6264,7,Spa-Francorchamps,2021-08-29 15:00:00,7,Kimi Räikkönen,RAI,raikkonen,alfa,18.0,0.0,18,Finished,0.0,0 days 00:00:36.054000,1.0,13.012413793103448,0.8413793103448276,0.5113793103448276,0 days 00:00:08.427000,2.0,3.0
12,2021,Belgian Grand Prix,1074,6264,7,Spa-Francorchamps,2021-08-29 15:00:00,11,Sergio Perez,PER,perez,red_bull,19.0,0.0,19,Finished,0.0,0 days 00:00:38.205000,1.0,13.012413793103448,0.8413793103448276,0.5113793103448276,0 days 00:00:00.861000,104.0,303.5
12,2021,Belgian Grand Prix,1074,6264,7,Spa-Francorchamps,2021-08-29 15:00:00,18,Lance Stroll,STR,stroll,aston_martin,20.0,19.0,20,Finished,0.0,0 days 00:00:44.108000,1.0,13.012413793103448,0.8413793103448276,0.5113793103448276,0 days 00:00:02.206000,18.0,53.0
13,2021,Dutch Grand Prix,1075,6269,55,Zandvoort,2021-09-05 15:00:00,33,Max Verstappen,VER,max_verstappen,red_bull,1.0,1.0,1,Finished,25.0,0 days 01:30:05.395000,72.0,21.504430379746836,0.0,0.4424050632911392,0 days 00:00:00,224.5,332.5
13,2021,Dutch Grand Prix,1075,6269,55,Zandvoort,2021-09-05 15:00:00,44,Lewis Hamilton,HAM,hamilton,mercedes,2.0,2.0,2,Finished,19.0,0 days 00:00:20.932000,72.0,21.504430379746836,0.0,0.4424050632911392,0 days 00:00:00.038000,221.5,344.5
13,2021,Dutch Grand Prix,1075,6269,55,Zandvoort,2021-09-05 15:00:00,77,Valtteri Bottas,BOT,bottas,mercedes,3.0,3.0,3,Finished,15.0,0 days 00:00:56.460000,72.0,21.504430379746836,0.0,0.4424050632911392,0 days 00:00:00.337000,123.0,344.5
13,2021,Dutch Grand Prix,1075,6269,55,Zandvoort,2021-09-05 15:00:00,10,Pierre Gasly,GAS,gasly,alphatauri,4.0,4.0,4,+1 Lap,12.0,0 days 02:46:00,71.0,21.504430379746836,0.0,0.4424050632911392,0 days 00:00:00.593000,66.0,84.0
13,2021,Dutch Grand Prix,1075,6269,55,Zandvoort,2021-09-05 15:00:00,16,Charles Leclerc,LEC,leclerc,ferrari,5.0,5.0,5,+1 Lap,10.0,0 days 02:46:00,71.0,21.504430379746836,0.0,0.4424050632911392,0 days 00:00:00.552000,92.0,181.5
13,2021,Dutch Grand Prix,1075,6269,55,Zandvoort,2021-09-05 15:00:00,14,Fernando Alonso,ALO,alonso,alpine,6.0,9.0,6,+1 Lap,8.0,0 days 02:46:00,71.0,21.504430379746836,0.0,0.4424050632911392,0 days 00:00:01.071000,46.0,90.0
13,2021,Dutch Grand Prix,1075,6269,55,Zandvoort,2021-09-05 15:00:00,55,Carlos Sainz,SAI,sainz,ferrari,7.0,6.0,7,+1 Lap,6.0,0 days 02:46:00,71.0,21.504430379746836,0.0,0.4424050632911392,0 days 00:00:00.652000,89.5,181.5
13,2021,Dutch Grand Prix,1075,6269,55,Zandvoort,2021-09-05 15:00:00,11,Sergio Perez,PER,perez,red_bull,8.0,0.0,8,+1 Lap,4.0,0 days 02:46:00,71.0,21.504430379746836,0.0,0.4424050632911392,0 days 00:00:01.645000,108.0,332.5
13,2021,Dutch Grand Prix,1075,6269,55,Zandvoort,2021-09-05 15:00:00,31,Esteban Ocon,OCO,ocon,alpine,9.0,8.0,9,+1 Lap,2.0,0 days 02:46:00,71.0,21.504430379746836,0.0,0.4424050632911392,0 days 00:00:01.034000,44.0,90.0
13,2021,Dutch Grand Prix,1075,6269,55,Zandvoort,2021-09-05 15:00:00,4,Lando Norris,NOR,norris,mclaren,10.0,13.0,10,+1 Lap,1.0,0 days 02:46:00,71.0,21.504430379746836,0.0,0.4424050632911392,0 days 00:00:01.521000,114.0,170.0
13,2021,Dutch Grand Prix,1075,6269,55,Zandvoort,2021-09-05 15:00:00,3,Daniel Ricciardo,RIC,ricciardo,mclaren,11.0,10.0,11,+1 Lap,0.0,0 days 02:46:00,71.0,21.504430379746836,0.0,0.4424050632911392,0 days 00:00:00.980000,56.0,170.0
13,2021,Dutch Grand Prix,1075,6269,55,Zandvoort,2021-09-05 15:00:00,18,Lance Stroll,STR,stroll,aston_martin,12.0,12.0,12,+2 Laps,0.0,0 days 02:46:00,70.0,21.504430379746836,0.0,0.4424050632911392,0 days 00:00:01.482000,18.0,53.0
13,2021,Dutch Grand Prix,1075,6269,55,Zandvoort,2021-09-05 15:00:00,5,Sebastian Vettel,VET,vettel,aston_martin,13.0,15.0,13,+2 Laps,0.0,0 days 02:46:00,70.0,21.504430379746836,0.0,0.4424050632911392,0 days 00:00:01.846000,35.0,53.0
13,2021,Dutch Grand Prix,1075,6269,55,Zandvoort,2021-09-05 15:00:00,99,Antonio Giovinazzi,GIO,giovinazzi,alfa,14.0,7.0,14,+2 Laps,0.0,0 days 02:46:00,70.0,21.504430379746836,0.0,0.4424050632911392,0 days 00:00:00.705000,1.0,3.0
13,2021,Dutch Grand Prix,1075,6269,55,Zandvoort,2021-09-05 15:00:00,88,Robert Kubica,KUB,kubica,alfa,15.0,16.0,15,+2 Laps,0.0,0 days 02:46:00,70.0,21.504430379746836,0.0,0.4424050632911392,0 days 00:00:02.416000,0.0,3.0
13,2021,Dutch Grand Prix,1075,6269,55,Zandvoort,2021-09-05 15:00:00,6,Nicholas Latifi,LAT,latifi,williams,16.0,0.0,16,+2 Laps,0.0,0 days 02:46:00,70.0,21.504430379746836,0.0,0.4424050632911392,0 days 00:00:01.208000,7.0,20.0
13,2021,Dutch Grand Prix,1075,6269,55,Zandvoort,2021-09-05 15:00:00,63,George Russell,RUS,russell,williams,17.0,11.0,17,Gearbox,0.0,0 days 02:46:00,69.0,21.504430379746836,0.0,0.4424050632911392,0 days 00:00:01.447000,13.0,20.0
13,2021,Dutch Grand Prix,1075,6269,55,Zandvoort,2021-09-05 15:00:00,47,Mick Schumacher,MSC,mick_schumacher,haas,18.0,17.0,18,+3 Laps,0.0,0 days 02:46:00,69.0,21.504430379746836,0.0,0.4424050632911392,0 days 00:00:02.502000,0.0,0.0
13,2021,Dutch Grand Prix,1075,6269,55,Zandvoort,2021-09-05 15:00:00,22,Yuki Tsunoda,TSU,tsunoda,alphatauri,19.0,14.0,R,Power Unit,0.0,0 days 02:46:00,48.0,21.504430379746836,0.0,0.4424050632911392,0 days 00:00:01.577000,18.0,84.0
13,2021,Dutch Grand Prix,1075,6269,55,Zandvoort,2021-09-05 15:00:00,9,Nikita Mazepin,MAZ,mazepin,haas,20.0,18.0,R,Hydraulics,0.0,0 days 02:46:00,41.0,21.504430379746836,0.0,0.4424050632911392,0 days 00:00:02.990000,0.0,0.0
14,2021,Italian Grand Prix,1076,6274,39,Monza,2021-09-12 15:00:00,3,Daniel Ricciardo,RIC,ricciardo,mclaren,1.0,2.0,1,Finished,26.0,0 days 01:21:54.365000,53.0,28.885234899328857,0.0,0.3429530201342282,0 days 00:00:00.440000,83.0,215.0
14,2021,Italian Grand Prix,1076,6274,39,Monza,2021-09-12 15:00:00,4,Lando Norris,NOR,norris,mclaren,2.0,3.0,2,Finished,18.0,0 days 00:00:01.747000,53.0,28.885234899328857,0.0,0.3429530201342282,0 days 00:00:00.434000,132.0,215.0
14,2021,Italian Grand Prix,1076,6274,39,Monza,2021-09-12 15:00:00,77,Valtteri Bottas,BOT,bottas,mercedes,3.0,19.0,3,Finished,15.0,0 days 00:00:04.921000,53.0,28.885234899328857,0.0,0.3429530201342282,0 days 00:00:00,141.0,362.5
14,2021,Italian Grand Prix,1076,6274,39,Monza,2021-09-12 15:00:00,16,Charles Leclerc,LEC,leclerc,ferrari,4.0,5.0,4,Finished,12.0,0 days 00:00:07.309000,53.0,28.885234899328857,0.0,0.3429530201342282,0 days 00:00:00.955000,104.0,201.5
14,2021,Italian Grand Prix,1076,6274,39,Monza,2021-09-12 15:00:00,11,Sergio Perez,PER,perez,red_bull,5.0,8.0,5,Finished,10.0,0 days 00:00:08.723000,53.0,28.885234899328857,0.0,0.3429530201342282,0 days 00:00:01.056000,118.0,344.5
14,2021,Italian Grand Prix,1076,6274,39,Monza,2021-09-12 15:00:00,55,Carlos Sainz,SAI,sainz,ferrari,6.0,6.0,6,Finished,8.0,0 days 00:00:10.535000,53.0,28.885234899328857,0.0,0.3429530201342282,0 days 00:00:00.907000,97.5,201.5
14,2021,Italian Grand Prix,1076,6274,39,Monza,2021-09-12 15:00:00,18,Lance Stroll,STR,stroll,aston_martin,7.0,9.0,7,Finished,6.0,0 days 00:00:15.804000,53.0,28.885234899328857,0.0,0.3429530201342282,0 days 00:00:01.465000,24.0,59.0
14,2021,Italian Grand Prix,1076,6274,39,Monza,2021-09-12 15:00:00,14,Fernando Alonso,ALO,alonso,alpine,8.0,10.0,8,Finished,4.0,0 days 00:00:17.201000,53.0,28.885234899328857,0.0,0.3429530201342282,0 days 00:00:01.514000,50.0,95.0
14,2021,Italian Grand Prix,1076,6274,39,Monza,2021-09-12 15:00:00,63,George Russell,RUS,russell,williams,9.0,14.0,9,Finished,2.0,0 days 00:00:19.742000,53.0,28.885234899328857,0.0,0.3429530201342282,0 days 00:00:01.837000,15.0,22.0
14,2021,Italian Grand Prix,1076,6274,39,Monza,2021-09-12 15:00:00,31,Esteban Ocon,OCO,ocon,alpine,10.0,12.0,10,Finished,1.0,0 days 00:00:20.868000,53.0,28.885234899328857,0.0,0.3429530201342282,0 days 00:00:01.548000,45.0,95.0
14,2021,Italian Grand Prix,1076,6274,39,Monza,2021-09-12 15:00:00,6,Nicholas Latifi,LAT,latifi,williams,11.0,13.0,11,Finished,0.0,0 days 00:00:23.743000,53.0,28.885234899328857,0.0,0.3429530201342282,0 days 00:00:02.370000,7.0,22.0
14,2021,Italian Grand Prix,1076,6274,39,Monza,2021-09-12 15:00:00,5,Sebastian Vettel,VET,vettel,aston_martin,12.0,11.0,12,Finished,0.0,0 days 00:00:24.621000,53.0,28.885234899328857,0.0,0.3429530201342282,0 days 00:00:01.358000,35.0,59.0
14,2021,Italian Grand Prix,1076,6274,39,Monza,2021-09-12 15:00:00,99,Antonio Giovinazzi,GIO,giovinazzi,alfa,13.0,7.0,13,Finished,0.0,0 days 00:00:27.216000,53.0,28.885234899328857,0.0,0.3429530201342282,0 days 00:00:01.171000,1.0,3.0
14,2021,Italian Grand Prix,1076,6274,39,Monza,2021-09-12 15:00:00,88,Robert Kubica,KUB,kubica,alfa,14.0,17.0,14,Finished,0.0,0 days 00:00:29.769000,53.0,28.885234899328857,0.0,0.3429530201342282,0 days 00:00:02.975000,0.0,3.0
14,2021,Italian Grand Prix,1076,6274,39,Monza,2021-09-12 15:00:00,47,Mick Schumacher,MSC,mick_schumacher,haas,15.0,18.0,15,Finished,0.0,0 days 00:00:51.088000,53.0,28.885234899328857,0.0,0.3429530201342282,0 days 00:00:02.693000,0.0,0.0
14,2021,Italian Grand Prix,1076,6274,39,Monza,2021-09-12 15:00:00,9,Nikita Mazepin,MAZ,mazepin,haas,16.0,16.0,R,Power Unit,0.0,0 days 02:46:00,41.0,28.885234899328857,0.0,0.3429530201342282,0 days 00:00:03.161000,0.0,0.0
14,2021,Italian Grand Prix,1076,6274,39,Monza,2021-09-12 15:00:00,44,Lewis Hamilton,HAM,hamilton,mercedes,17.0,4.0,R,Collision,0.0,0 days 02:46:00,25.0,28.885234899328857,0.0,0.3429530201342282,0 days 00:00:00.096000,221.5,362.5
14,2021,Italian Grand Prix,1076,6274,39,Monza,2021-09-12 15:00:00,33,Max Verstappen,VER,max_verstappen,red_bull,18.0,1.0,R,Collision,0.0,0 days 02:46:00,25.0,28.885234899328857,0.0,0.3429530201342282,0 days 00:00:00.411000,226.5,344.5
14,2021,Italian Grand Prix,1076,6274,39,Monza,2021-09-12 15:00:00,10,Pierre Gasly,GAS,gasly,alphatauri,19.0,0.0,R,Suspension,0.0,0 days 02:46:00,3.0,28.885234899328857,0.0,0.3429530201342282,0 days 00:00:00.705000,66.0,84.0
14,2021,Italian Grand Prix,1076,6274,39,Monza,2021-09-12 15:00:00,22,Yuki Tsunoda,TSU,tsunoda,alphatauri,20.0,0.0,W,Brakes,0.0,0 days 02:46:00,0.0,28.885234899328857,0.0,0.3429530201342282,0 days 00:00:02.418000,18.0,84.0
15,2021,Russian Grand Prix,1077,6279,79,Sochi,2021-09-26 15:00:00,44,Lewis Hamilton,HAM,hamilton,mercedes,1.0,4.0,1,Finished,25.0,0 days 01:30:41.001000,53.0,19.13860759493671,0.1012658227848101,0.290506329113924,0 days 00:00:02.057000,246.5,397.5
15,2021,Russian Grand Prix,1077,6279,79,Sochi,2021-09-26 15:00:00,33,Max Verstappen,VER,max_verstappen,red_bull,2.0,20.0,2,Finished,18.0,0 days 00:00:53.271000,53.0,19.13860759493671,0.1012658227848101,0.290506329113924,0 days 02:46:00,244.5,364.5
15,2021,Russian Grand Prix,1077,6279,79,Sochi,2021-09-26 15:00:00,55,Carlos Sainz,SAI,sainz,ferrari,3.0,2.0,3,Finished,15.0,0 days 00:01:02.475000,53.0,19.13860759493671,0.1012658227848101,0.290506329113924,0 days 00:00:00.517000,112.5,216.5
15,2021,Russian Grand Prix,1077,6279,79,Sochi,2021-09-26 15:00:00,3,Daniel Ricciardo,RIC,ricciardo,mclaren,4.0,5.0,4,Finished,12.0,0 days 00:01:05.607000,53.0,19.13860759493671,0.1012658227848101,0.290506329113924,0 days 00:00:02.163000,95.0,234.0
15,2021,Russian Grand Prix,1077,6279,79,Sochi,2021-09-26 15:00:00,77,Valtteri Bottas,BOT,bottas,mercedes,5.0,16.0,5,Finished,10.0,0 days 00:01:07.533000,53.0,19.13860759493671,0.1012658227848101,0.290506329113924,0 days 00:00:02.717000,151.0,397.5
15,2021,Russian Grand Prix,1077,6279,79,Sochi,2021-09-26 15:00:00,14,Fernando Alonso,ALO,alonso,alpine,6.0,6.0,6,Finished,8.0,0 days 00:01:21.321000,53.0,19.13860759493671,0.1012658227848101,0.290506329113924,0 days 00:00:02.211000,58.0,103.0
15,2021,Russian Grand Prix,1077,6279,79,Sochi,2021-09-26 15:00:00,4,Lando Norris,NOR,norris,mclaren,7.0,1.0,7,Finished,7.0,0 days 00:01:27.224000,53.0,19.13860759493671,0.1012658227848101,0.290506329113924,0 days 00:00:00,139.0,234.0
15,2021,Russian Grand Prix,1077,6279,79,Sochi,2021-09-26 15:00:00,7,Kimi Räikkönen,RAI,raikkonen,alfa,8.0,13.0,8,Finished,4.0,0 days 00:01:28.955000,53.0,19.13860759493671,0.1012658227848101,0.290506329113924,0 days 00:00:07.593000,6.0,7.0
15,2021,Russian Grand Prix,1077,6279,79,Sochi,2021-09-26 15:00:00,11,Sergio Perez,PER,perez,red_bull,9.0,8.0,9,Finished,2.0,0 days 00:01:30.076000,53.0,19.13860759493671,0.1012658227848101,0.290506329113924,0 days 00:00:03.344000,120.0,364.5
15,2021,Russian Grand Prix,1077,6279,79,Sochi,2021-09-26 15:00:00,63,George Russell,RUS,russell,williams,10.0,3.0,10,Finished,1.0,0 days 00:01:40.551000,53.0,19.13860759493671,0.1012658227848101,0.290506329113924,0 days 00:00:00.990000,16.0,23.0
15,2021,Russian Grand Prix,1077,6279,79,Sochi,2021-09-26 15:00:00,18,Lance Stroll,STR,stroll,aston_martin,11.0,7.0,11,Finished,0.0,0 days 00:01:46.198000,53.0,19.13860759493671,0.1012658227848101,0.290506329113924,0 days 00:00:02.963000,24.0,59.0
15,2021,Russian Grand Prix,1077,6279,79,Sochi,2021-09-26 15:00:00,5,Sebastian Vettel,VET,vettel,aston_martin,12.0,10.0,12,+1 Lap,0.0,0 days 02:46:00,52.0,19.13860759493671,0.1012658227848101,0.290506329113924,0 days 00:00:04.580000,35.0,59.0
15,2021,Russian Grand Prix,1077,6279,79,Sochi,2021-09-26 15:00:00,10,Pierre Gasly,GAS,gasly,alphatauri,13.0,11.0,13,+1 Lap,0.0,0 days 02:46:00,52.0,19.13860759493671,0.1012658227848101,0.290506329113924,0 days 00:00:04.648000,66.0,84.0
15,2021,Russian Grand Prix,1077,6279,79,Sochi,2021-09-26 15:00:00,31,Esteban Ocon,OCO,ocon,alpine,14.0,9.0,14,+1 Lap,0.0,0 days 02:46:00,52.0,19.13860759493671,0.1012658227848101,0.290506329113924,0 days 00:00:03.872000,45.0,103.0
15,2021,Russian Grand Prix,1077,6279,79,Sochi,2021-09-26 15:00:00,16,Charles Leclerc,LEC,leclerc,ferrari,15.0,19.0,15,+1 Lap,0.0,0 days 02:46:00,52.0,19.13860759493671,0.1012658227848101,0.290506329113924,0 days 00:00:06.477000,104.0,216.5
15,2021,Russian Grand Prix,1077,6279,79,Sochi,2021-09-26 15:00:00,99,Antonio Giovinazzi,GIO,giovinazzi,alfa,16.0,17.0,16,+1 Lap,0.0,0 days 02:46:00,52.0,19.13860759493671,0.1012658227848101,0.290506329113924,0 days 00:00:09.030000,1.0,7.0
15,2021,Russian Grand Prix,1077,6279,79,Sochi,2021-09-26 15:00:00,22,Yuki Tsunoda,TSU,tsunoda,alphatauri,17.0,12.0,17,+1 Lap,0.0,0 days 02:46:00,52.0,19.13860759493671,0.1012658227848101,0.290506329113924,0 days 00:00:04.758000,18.0,84.0
15,2021,Russian Grand Prix,1077,6279,79,Sochi,2021-09-26 15:00:00,9,Nikita Mazepin,MAZ,mazepin,haas,18.0,15.0,18,+2 Laps,0.0,0 days 02:46:00,51.0,19.13860759493671,0.1012658227848101,0.290506329113924,0 days 00:00:11.771000,0.0,0.0
15,2021,Russian Grand Prix,1077,6279,79,Sochi,2021-09-26 15:00:00,6,Nicholas Latifi,LAT,latifi,williams,19.0,18.0,19,Accident,0.0,0 days 02:46:00,47.0,19.13860759493671,0.1012658227848101,0.290506329113924,0 days 00:00:06.259000,7.0,23.0
15,2021,Russian Grand Prix,1077,6279,79,Sochi,2021-09-26 15:00:00,47,Mick Schumacher,MSC,mick_schumacher,haas,20.0,14.0,R,Oil leak,0.0,0 days 02:46:00,32.0,19.13860759493671,0.1012658227848101,0.290506329113924,0 days 00:00:07.837000,0.0,0.0
16,2021,Turkish Grand Prix,1078,6659,59,Istanbul,2021-10-10 15:00:00,77,Valtteri Bottas,BOT,bottas,mercedes,1.0,1.0,1,Finished,26.0,0 days 01:31:04.103000,58.0,15.82547770700637,0.0,0.4866242038216561,0 days 00:00:00.130000,177.0,433.5
16,2021,Turkish Grand Prix,1078,6659,59,Istanbul,2021-10-10 15:00:00,33,Max Verstappen,VER,max_verstappen,red_bull,2.0,2.0,2,Finished,18.0,0 days 00:00:14.584000,58.0,15.82547770700637,0.0,0.4866242038216561,0 days 00:00:00.328000,262.5,397.5
16,2021,Turkish Grand Prix,1078,6659,59,Istanbul,2021-10-10 15:00:00,11,Sergio Perez,PER,perez,red_bull,3.0,6.0,3,Finished,15.0,0 days 00:00:33.471000,58.0,15.82547770700637,0.0,0.4866242038216561,0 days 00:00:00.838000,135.0,397.5
16,2021,Turkish Grand Prix,1078,6659,59,Istanbul,2021-10-10 15:00:00,16,Charles Leclerc,LEC,leclerc,ferrari,4.0,3.0,4,Finished,12.0,0 days 00:00:37.814000,58.0,15.82547770700637,0.0,0.4866242038216561,0 days 00:00:00.397000,116.0,232.5
16,2021,Turkish Grand Prix,1078,6659,59,Istanbul,2021-10-10 15:00:00,44,Lewis Hamilton,HAM,hamilton,mercedes,5.0,11.0,5,Finished,10.0,0 days 00:00:41.812000,58.0,15.82547770700637,0.0,0.4866242038216561,0 days 00:00:00,256.5,433.5
16,2021,Turkish Grand Prix,1078,6659,59,Istanbul,2021-10-10 15:00:00,10,Pierre Gasly,GAS,gasly,alphatauri,6.0,4.0,6,Finished,8.0,0 days 00:00:44.292000,58.0,15.82547770700637,0.0,0.4866242038216561,0 days 00:00:00.458000,74.0,92.0
16,2021,Turkish Grand Prix,1078,6659,59,Istanbul,2021-10-10 15:00:00,4,Lando Norris,NOR,norris,mclaren,7.0,7.0,7,Finished,6.0,0 days 00:00:47.213000,58.0,15.82547770700637,0.0,0.4866242038216561,0 days 00:00:01.086000,145.0,240.0
16,2021,Turkish Grand Prix,1078,6659,59,Istanbul,2021-10-10 15:00:00,55,Carlos Sainz,SAI,sainz,ferrari,8.0,19.0,8,Finished,4.0,0 days 00:00:51.526000,58.0,15.82547770700637,0.0,0.4866242038216561,0 days 00:00:02.309000,116.5,232.5
16,2021,Turkish Grand Prix,1078,6659,59,Istanbul,2021-10-10 15:00:00,18,Lance Stroll,STR,stroll,aston_martin,9.0,8.0,9,Finished,2.0,0 days 00:01:22.018000,58.0,15.82547770700637,0.0,0.4866242038216561,0 days 00:00:01.437000,26.0,61.0
16,2021,Turkish Grand Prix,1078,6659,59,Istanbul,2021-10-10 15:00:00,31,Esteban Ocon,OCO,ocon,alpine,10.0,12.0,10,+1 Lap,1.0,0 days 02:46:00,57.0,15.82547770700637,0.0,0.4866242038216561,0 days 00:00:01.974000,46.0,104.0
16,2021,Turkish Grand Prix,1078,6659,59,Istanbul,2021-10-10 15:00:00,99,Antonio Giovinazzi,GIO,giovinazzi,alfa,11.0,16.0,11,+1 Lap,0.0,0 days 02:46:00,57.0,15.82547770700637,0.0,0.4866242038216561,0 days 00:00:03.562000,1.0,7.0
16,2021,Turkish Grand Prix,1078,6659,59,Istanbul,2021-10-10 15:00:00,7,Kimi Räikkönen,RAI,raikkonen,alfa,12.0,17.0,12,+1 Lap,0.0,0 days 02:46:00,57.0,15.82547770700637,0.0,0.4866242038216561,0 days 00:00:04.657000,6.0,7.0
16,2021,Turkish Grand Prix,1078,6659,59,Istanbul,2021-10-10 15:00:00,3,Daniel Ricciardo,RIC,ricciardo,mclaren,13.0,20.0,13,+1 Lap,0.0,0 days 02:46:00,57.0,15.82547770700637,0.0,0.4866242038216561,0 days 00:00:03.013000,95.0,240.0
16,2021,Turkish Grand Prix,1078,6659,59,Istanbul,2021-10-10 15:00:00,22,Yuki Tsunoda,TSU,tsunoda,alphatauri,14.0,9.0,14,+1 Lap,0.0,0 days 02:46:00,57.0,15.82547770700637,0.0,0.4866242038216561,0 days 00:00:01.186000,18.0,92.0
16,2021,Turkish Grand Prix,1078,6659,59,Istanbul,2021-10-10 15:00:00,63,George Russell,RUS,russell,williams,15.0,13.0,15,+1 Lap,0.0,0 days 02:46:00,57.0,15.82547770700637,0.0,0.4866242038216561,0 days 00:00:02.139000,16.0,23.0
16,2021,Turkish Grand Prix,1078,6659,59,Istanbul,2021-10-10 15:00:00,14,Fernando Alonso,ALO,alonso,alpine,16.0,5.0,16,+1 Lap,0.0,0 days 02:46:00,57.0,15.82547770700637,0.0,0.4866242038216561,0 days 00:00:00.609000,58.0,104.0
16,2021,Turkish Grand Prix,1078,6659,59,Istanbul,2021-10-10 15:00:00,6,Nicholas Latifi,LAT,latifi,williams,17.0,15.0,17,+1 Lap,0.0,0 days 02:46:00,57.0,15.82547770700637,0.0,0.4866242038216561,0 days 00:00:03.218000,7.0,23.0
16,2021,Turkish Grand Prix,1078,6659,59,Istanbul,2021-10-10 15:00:00,5,Sebastian Vettel,VET,vettel,aston_martin,18.0,10.0,18,+1 Lap,0.0,0 days 02:46:00,57.0,15.82547770700637,0.0,0.4866242038216561,0 days 00:00:01.927000,35.0,61.0
16,2021,Turkish Grand Prix,1078,6659,59,Istanbul,2021-10-10 15:00:00,47,Mick Schumacher,MSC,mick_schumacher,haas,19.0,14.0,19,+2 Laps,0.0,0 days 02:46:00,56.0,15.82547770700637,0.0,0.4866242038216561,0 days 00:00:02.332000,0.0,0.0
16,2021,Turkish Grand Prix,1078,6659,59,Istanbul,2021-10-10 15:00:00,9,Nikita Mazepin,MAZ,mazepin,haas,20.0,18.0,20,+2 Laps,0.0,0 days 02:46:00,56.0,15.82547770700637,0.0,0.4866242038216561,0 days 00:00:05.581000,0.0,0.0
17,2021,United States Grand Prix,1102,6561,9,Austin,2021-10-24 14:00:00,33,Max Verstappen,VER,max_verstappen,red_bull,1.0,1.0,1,Finished,25.0,0 days 01:34:36.552000,56.0,28.148447204968942,0.0,0.8540372670807453,0 days 00:00:00,287.5,437.5
17,2021,United States Grand Prix,1102,6561,9,Austin,2021-10-24 14:00:00,44,Lewis Hamilton,HAM,hamilton,mercedes,2.0,2.0,2,Finished,19.0,0 days 00:00:01.333000,56.0,28.148447204968942,0.0,0.8540372670807453,0 days 00:00:00.209000,275.5,460.5
17,2021,United States Grand Prix,1102,6561,9,Austin,2021-10-24 14:00:00,11,Sergio Perez,PER,perez,red_bull,3.0,3.0,3,Finished,15.0,0 days 00:00:42.223000,56.0,28.148447204968942,0.0,0.8540372670807453,0 days 00:00:00.224000,150.0,437.5
17,2021,United States Grand Prix,1102,6561,9,Austin,2021-10-24 14:00:00,16,Charles Leclerc,LEC,leclerc,ferrari,4.0,4.0,4,Finished,12.0,0 days 00:00:52.246000,56.0,28.148447204968942,0.0,0.8540372670807453,0 days 00:00:00.696000,128.0,250.5
17,2021,United States Grand Prix,1102,6561,9,Austin,2021-10-24 14:00:00,3,Daniel Ricciardo,RIC,ricciardo,mclaren,5.0,6.0,5,Finished,10.0,0 days 00:01:16.854000,56.0,28.148447204968942,0.0,0.8540372670807453,0 days 00:00:00.898000,105.0,254.0
17,2021,United States Grand Prix,1102,6561,9,Austin,2021-10-24 14:00:00,77,Valtteri Bottas,BOT,bottas,mercedes,6.0,9.0,6,Finished,8.0,0 days 00:01:20.128000,56.0,28.148447204968942,0.0,0.8540372670807453,0 days 00:00:00.565000,185.0,460.5
17,2021,United States Grand Prix,1102,6561,9,Austin,2021-10-24 14:00:00,55,Carlos Sainz,SAI,sainz,ferrari,7.0,5.0,7,Finished,6.0,0 days 00:01:23.545000,56.0,28.148447204968942,0.0,0.8540372670807453,0 days 00:00:00.882000,122.5,250.5
17,2021,United States Grand Prix,1102,6561,9,Austin,2021-10-24 14:00:00,4,Lando Norris,NOR,norris,mclaren,8.0,7.0,8,Finished,4.0,0 days 00:01:24.395000,56.0,28.148447204968942,0.0,0.8540372670807453,0 days 00:00:00.970000,149.0,254.0
17,2021,United States Grand Prix,1102,6561,9,Austin,2021-10-24 14:00:00,22,Yuki Tsunoda,TSU,tsunoda,alphatauri,9.0,10.0,9,+1 Lap,2.0,0 days 02:46:00,55.0,28.148447204968942,0.0,0.8540372670807453,0 days 00:00:02.008000,20.0,94.0
17,2021,United States Grand Prix,1102,6561,9,Austin,2021-10-24 14:00:00,5,Sebastian Vettel,VET,vettel,aston_martin,10.0,18.0,10,+1 Lap,1.0,0 days 02:46:00,55.0,28.148447204968942,0.0,0.8540372670807453,0 days 00:00:02.371000,36.0,62.0
17,2021,United States Grand Prix,1102,6561,9,Austin,2021-10-24 14:00:00,99,Antonio Giovinazzi,GIO,giovinazzi,alfa,11.0,12.0,11,+1 Lap,0.0,0 days 02:46:00,55.0,28.148447204968942,0.0,0.8540372670807453,0 days 00:00:02.884000,1.0,7.0
17,2021,United States Grand Prix,1102,6561,9,Austin,2021-10-24 14:00:00,18,Lance Stroll,STR,stroll,aston_martin,12.0,13.0,12,+1 Lap,0.0,0 days 02:46:00,55.0,28.148447204968942,0.0,0.8540372670807453,0 days 00:00:03.073000,26.0,62.0
17,2021,United States Grand Prix,1102,6561,9,Austin,2021-10-24 14:00:00,7,Kimi Räikkönen,RAI,raikkonen,alfa,13.0,15.0,13,+1 Lap,0.0,0 days 02:46:00,55.0,28.148447204968942,0.0,0.8540372670807453,0 days 00:00:03.401000,6.0,7.0
17,2021,United States Grand Prix,1102,6561,9,Austin,2021-10-24 14:00:00,63,George Russell,RUS,russell,williams,14.0,20.0,14,+1 Lap,0.0,0 days 02:46:00,55.0,28.148447204968942,0.0,0.8540372670807453,0 days 00:00:02.836000,16.0,23.0
17,2021,United States Grand Prix,1102,6561,9,Austin,2021-10-24 14:00:00,6,Nicholas Latifi,LAT,latifi,williams,15.0,14.0,15,+1 Lap,0.0,0 days 02:46:00,55.0,28.148447204968942,0.0,0.8540372670807453,0 days 00:00:03.085000,7.0,23.0
17,2021,United States Grand Prix,1102,6561,9,Austin,2021-10-24 14:00:00,47,Mick Schumacher,MSC,mick_schumacher,haas,16.0,16.0,16,+2 Laps,0.0,0 days 02:46:00,54.0,28.148447204968942,0.0,0.8540372670807453,0 days 00:00:03.589000,0.0,0.0
17,2021,United States Grand Prix,1102,6561,9,Austin,2021-10-24 14:00:00,9,Nikita Mazepin,MAZ,mazepin,haas,17.0,17.0,17,+2 Laps,0.0,0 days 02:46:00,54.0,28.148447204968942,0.0,0.8540372670807453,0 days 00:00:03.886000,0.0,0.0
17,2021,United States Grand Prix,1102,6561,9,Austin,2021-10-24 14:00:00,14,Fernando Alonso,ALO,alonso,alpine,18.0,19.0,R,Rear wing,0.0,0 days 02:46:00,49.0,28.148447204968942,0.0,0.8540372670807453,0 days 00:00:02.846000,58.0,104.0
17,2021,United States Grand Prix,1102,6561,9,Austin,2021-10-24 14:00:00,31,Esteban Ocon,OCO,ocon,alpine,19.0,11.0,R,Mechanical,0.0,0 days 02:46:00,40.0,28.148447204968942,0.0,0.8540372670807453,0 days 00:00:02.467000,46.0,104.0
17,2021,United States Grand Prix,1102,6561,9,Austin,2021-10-24 14:00:00,10,Pierre Gasly,GAS,gasly,alphatauri,20.0,8.0,R,Suspension,0.0,0 days 02:46:00,14.0,28.148447204968942,0.0,0.8540372670807453,0 days 00:00:01.208000,74.0,94.0
18,2021,Mexico City Grand Prix,1103,6569,65,Mexico City,2021-11-07 13:00:00,33,Max Verstappen,VER,max_verstappen,red_bull,1.0,3.0,1,Finished,25.0,0 days 01:38:39.086000,71.0,21.20670731707317,0.0,0.3664634146341463,0 days 00:00:00.350000,312.5,477.5
18,2021,Mexico City Grand Prix,1103,6569,65,Mexico City,2021-11-07 13:00:00,44,Lewis Hamilton,HAM,hamilton,mercedes,2.0,2.0,2,Finished,18.0,0 days 00:00:16.555000,71.0,21.20670731707317,0.0,0.3664634146341463,0 days 00:00:00.145000,293.5,478.5
18,2021,Mexico City Grand Prix,1103,6569,65,Mexico City,2021-11-07 13:00:00,11,Sergio Perez,PER,perez,red_bull,3.0,4.0,3,Finished,15.0,0 days 00:00:17.752000,71.0,21.20670731707317,0.0,0.3664634146341463,0 days 00:00:00.467000,165.0,477.5
18,2021,Mexico City Grand Prix,1103,6569,65,Mexico City,2021-11-07 13:00:00,10,Pierre Gasly,GAS,gasly,alphatauri,4.0,5.0,4,Finished,12.0,0 days 00:01:03.845000,71.0,21.20670731707317,0.0,0.3664634146341463,0 days 00:00:00.581000,86.0,106.0
18,2021,Mexico City Grand Prix,1103,6569,65,Mexico City,2021-11-07 13:00:00,16,Charles Leclerc,LEC,leclerc,ferrari,5.0,8.0,5,Finished,10.0,0 days 00:01:21.037000,71.0,21.20670731707317,0.0,0.3664634146341463,0 days 00:00:00.873000,138.0,268.5
18,2021,Mexico City Grand Prix,1103,6569,65,Mexico City,2021-11-07 13:00:00,55,Carlos Sainz,SAI,sainz,ferrari,6.0,6.0,6,+1 Lap,8.0,0 days 02:46:00,70.0,21.20670731707317,0.0,0.3664634146341463,0 days 00:00:00.886000,130.5,268.5
18,2021,Mexico City Grand Prix,1103,6569,65,Mexico City,2021-11-07 13:00:00,5,Sebastian Vettel,VET,vettel,aston_martin,7.0,9.0,7,+1 Lap,6.0,0 days 02:46:00,70.0,21.20670731707317,0.0,0.3664634146341463,0 days 00:00:01.627000,42.0,68.0
18,2021,Mexico City Grand Prix,1103,6569,65,Mexico City,2021-11-07 13:00:00,7,Kimi Räikkönen,RAI,raikkonen,alfa,8.0,10.0,8,+1 Lap,4.0,0 days 02:46:00,70.0,21.20670731707317,0.0,0.3664634146341463,0 days 00:00:01.731000,10.0,11.0
18,2021,Mexico City Grand Prix,1103,6569,65,Mexico City,2021-11-07 13:00:00,14,Fernando Alonso,ALO,alonso,alpine,9.0,12.0,9,+1 Lap,2.0,0 days 02:46:00,70.0,21.20670731707317,0.0,0.3664634146341463,0 days 00:00:02.577000,60.0,106.0
18,2021,Mexico City Grand Prix,1103,6569,65,Mexico City,2021-11-07 13:00:00,4,Lando Norris,NOR,norris,mclaren,10.0,18.0,10,+1 Lap,1.0,0 days 02:46:00,70.0,21.20670731707317,0.0,0.3664634146341463,0 days 00:00:01.598000,150.0,255.0
18,2021,Mexico City Grand Prix,1103,6569,65,Mexico City,2021-11-07 13:00:00,99,Antonio Giovinazzi,GIO,giovinazzi,alfa,11.0,11.0,11,+1 Lap,0.0,0 days 02:46:00,70.0,21.20670731707317,0.0,0.3664634146341463,0 days 00:00:02.022000,1.0,11.0
18,2021,Mexico City Grand Prix,1103,6569,65,Mexico City,2021-11-07 13:00:00,3,Daniel Ricciardo,RIC,ricciardo,mclaren,12.0,7.0,12,+1 Lap,0.0,0 days 02:46:00,70.0,21.20670731707317,0.0,0.3664634146341463,0 days 00:00:00.888000,105.0,255.0
18,2021,Mexico City Grand Prix,1103,6569,65,Mexico City,2021-11-07 13:00:00,31,Esteban Ocon,OCO,ocon,alpine,13.0,19.0,13,+1 Lap,0.0,0 days 02:46:00,70.0,21.20670731707317,0.0,0.3664634146341463,0 days 00:00:02.251000,46.0,106.0
18,2021,Mexico City Grand Prix,1103,6569,65,Mexico City,2021-11-07 13:00:00,18,Lance Stroll,STR,stroll,aston_martin,14.0,20.0,14,+2 Laps,0.0,0 days 02:46:00,69.0,21.20670731707317,0.0,0.3664634146341463,0 days 00:00:04.998000,26.0,68.0
18,2021,Mexico City Grand Prix,1103,6569,65,Mexico City,2021-11-07 13:00:00,77,Valtteri Bottas,BOT,bottas,mercedes,15.0,1.0,15,+2 Laps,0.0,0 days 02:46:00,69.0,21.20670731707317,0.0,0.3664634146341463,0 days 00:00:00,185.0,478.5
18,2021,Mexico City Grand Prix,1103,6569,65,Mexico City,2021-11-07 13:00:00,63,George Russell,RUS,russell,williams,16.0,16.0,16,+2 Laps,0.0,0 days 02:46:00,69.0,21.20670731707317,0.0,0.3664634146341463,0 days 00:00:02.083000,16.0,23.0
18,2021,Mexico City Grand Prix,1103,6569,65,Mexico City,2021-11-07 13:00:00,6,Nicholas Latifi,LAT,latifi,williams,17.0,13.0,17,+2 Laps,0.0,0 days 02:46:00,69.0,21.20670731707317,0.0,0.3664634146341463,0 days 00:00:02.881000,7.0,23.0
18,2021,Mexico City Grand Prix,1103,6569,65,Mexico City,2021-11-07 13:00:00,9,Nikita Mazepin,MAZ,mazepin,haas,18.0,15.0,18,+3 Laps,0.0,0 days 02:46:00,68.0,21.20670731707317,0.0,0.3664634146341463,0 days 00:00:03.428000,0.0,0.0
18,2021,Mexico City Grand Prix,1103,6569,65,Mexico City,2021-11-07 13:00:00,47,Mick Schumacher,MSC,mick_schumacher,haas,19.0,14.0,R,Collision,0.0,0 days 02:46:00,0.0,21.20670731707317,0.0,0.3664634146341463,0 days 00:00:02.983000,0.0,0.0
18,2021,Mexico City Grand Prix,1103,6569,65,Mexico City,2021-11-07 13:00:00,22,Yuki Tsunoda,TSU,tsunoda,alphatauri,20.0,17.0,R,Collision,0.0,0 days 02:46:00,0.0,21.20670731707317,0.0,0.3664634146341463,0 days 00:00:00.826000,20.0,106.0
19,2021,São Paulo Grand Prix,1104,6675,14,Interlagos,2021-11-14 14:00:00,44,Lewis Hamilton,HAM,hamilton,mercedes,1.0,10.0,1,Finished,25.0,0 days 01:32:22.851000,71.0,23.1373417721519,0.0,0.3917721518987341,0 days 00:00:00,318.5,521.5
19,2021,São Paulo Grand Prix,1104,6675,14,Interlagos,2021-11-14 14:00:00,33,Max Verstappen,VER,max_verstappen,red_bull,2.0,2.0,2,Finished,18.0,0 days 00:00:10.496000,71.0,23.1373417721519,0.0,0.3917721518987341,0 days 00:00:00.438000,332.5,510.5
19,2021,São Paulo Grand Prix,1104,6675,14,Interlagos,2021-11-14 14:00:00,77,Valtteri Bottas,BOT,bottas,mercedes,3.0,1.0,3,Finished,15.0,0 days 00:00:13.576000,71.0,23.1373417721519,0.0,0.3917721518987341,0 days 00:00:00.492000,203.0,521.5
19,2021,São Paulo Grand Prix,1104,6675,14,Interlagos,2021-11-14 14:00:00,11,Sergio Perez,PER,perez,red_bull,4.0,4.0,4,Finished,13.0,0 days 00:00:39.940000,71.0,23.1373417721519,0.0,0.3917721518987341,0 days 00:00:00.549000,178.0,510.5
19,2021,São Paulo Grand Prix,1104,6675,14,Interlagos,2021-11-14 14:00:00,16,Charles Leclerc,LEC,leclerc,ferrari,5.0,6.0,5,Finished,10.0,0 days 00:00:49.517000,71.0,23.1373417721519,0.0,0.3917721518987341,0 days 00:00:00.925000,148.0,287.5
19,2021,São Paulo Grand Prix,1104,6675,14,Interlagos,2021-11-14 14:00:00,55,Carlos Sainz,SAI,sainz,ferrari,6.0,3.0,6,Finished,8.0,0 days 00:00:51.820000,71.0,23.1373417721519,0.0,0.3917721518987341,0 days 00:00:00.892000,139.5,287.5
19,2021,São Paulo Grand Prix,1104,6675,14,Interlagos,2021-11-14 14:00:00,10,Pierre Gasly,GAS,gasly,alphatauri,7.0,7.0,7,+1 Lap,6.0,0 days 02:46:00,70.0,23.1373417721519,0.0,0.3917721518987341,0 days 00:00:00.843000,92.0,112.0
19,2021,São Paulo Grand Prix,1104,6675,14,Interlagos,2021-11-14 14:00:00,31,Esteban Ocon,OCO,ocon,alpine,8.0,8.0,8,+1 Lap,4.0,0 days 02:46:00,70.0,23.1373417721519,0.0,0.3917721518987341,0 days 00:00:01.255000,50.0,112.0
19,2021,São Paulo Grand Prix,1104,6675,14,Interlagos,2021-11-14 14:00:00,14,Fernando Alonso,ALO,alonso,alpine,9.0,12.0,9,+1 Lap,2.0,0 days 02:46:00,70.0,23.1373417721519,0.0,0.3917721518987341,0 days 00:00:01.179000,62.0,112.0
19,2021,São Paulo Grand Prix,1104,6675,14,Interlagos,2021-11-14 14:00:00,4,Lando Norris,NOR,norris,mclaren,10.0,5.0,10,+1 Lap,1.0,0 days 02:46:00,70.0,23.1373417721519,0.0,0.3917721518987341,0 days 00:00:01.046000,151.0,256.0
19,2021,São Paulo Grand Prix,1104,6675,14,Interlagos,2021-11-14 14:00:00,5,Sebastian Vettel,VET,vettel,aston_martin,11.0,9.0,11,+1 Lap,0.0,0 days 02:46:00,70.0,23.1373417721519,0.0,0.3917721518987341,0 days 00:00:01.465000,42.0,68.0
19,2021,São Paulo Grand Prix,1104,6675,14,Interlagos,2021-11-14 14:00:00,7,Kimi Räikkönen,RAI,raikkonen,alfa,12.0,0.0,12,+1 Lap,0.0,0 days 02:46:00,70.0,23.1373417721519,0.0,0.3917721518987341,0 days 00:00:01.569000,10.0,11.0
19,2021,São Paulo Grand Prix,1104,6675,14,Interlagos,2021-11-14 14:00:00,63,George Russell,RUS,russell,williams,13.0,17.0,13,+1 Lap,0.0,0 days 02:46:00,70.0,23.1373417721519,0.0,0.3917721518987341,0 days 00:00:02.019000,16.0,23.0
19,2021,São Paulo Grand Prix,1104,6675,14,Interlagos,2021-11-14 14:00:00,99,Antonio Giovinazzi,GIO,giovinazzi,alfa,14.0,13.0,14,+1 Lap,0.0,0 days 02:46:00,70.0,23.1373417721519,0.0,0.3917721518987341,0 days 00:00:01.408000,1.0,11.0
19,2021,São Paulo Grand Prix,1104,6675,14,Interlagos,2021-11-14 14:00:00,22,Yuki Tsunoda,TSU,tsunoda,alphatauri,15.0,15.0,15,+1 Lap,0.0,0 days 02:46:00,70.0,23.1373417721519,0.0,0.3917721518987341,0 days 00:00:01.416000,20.0,112.0
19,2021,São Paulo Grand Prix,1104,6675,14,Interlagos,2021-11-14 14:00:00,6,Nicholas Latifi,LAT,latifi,williams,16.0,16.0,16,+1 Lap,0.0,0 days 02:46:00,70.0,23.1373417721519,0.0,0.3917721518987341,0 days 00:00:01.963000,7.0,23.0
19,2021,São Paulo Grand Prix,1104,6675,14,Interlagos,2021-11-14 14:00:00,9,Nikita Mazepin,MAZ,mazepin,haas,17.0,19.0,17,+2 Laps,0.0,0 days 02:46:00,69.0,23.1373417721519,0.0,0.3917721518987341,0 days 00:00:02.655000,0.0,0.0
19,2021,São Paulo Grand Prix,1104,6675,14,Interlagos,2021-11-14 14:00:00,47,Mick Schumacher,MSC,mick_schumacher,haas,18.0,18.0,18,+2 Laps,0.0,0 days 02:46:00,69.0,23.1373417721519,0.0,0.3917721518987341,0 days 00:00:02.395000,0.0,0.0
19,2021,São Paulo Grand Prix,1104,6675,14,Interlagos,2021-11-14 14:00:00,3,Daniel Ricciardo,RIC,ricciardo,mclaren,19.0,11.0,R,Power loss,0.0,0 days 02:46:00,49.0,23.1373417721519,0.0,0.3917721518987341,0 days 00:00:01.105000,105.0,256.0
19,2021,São Paulo Grand Prix,1104,6675,14,Interlagos,2021-11-14 14:00:00,18,Lance Stroll,STR,stroll,aston_martin,20.0,14.0,R,Collision damage,0.0,0 days 02:46:00,47.0,23.1373417721519,0.0,0.3917721518987341,0 days 00:00:01.729000,26.0,68.0
20,2021,Qatar Grand Prix,1105,6714,150,Losail,2021-11-21 17:00:00,44,Lewis Hamilton,HAM,hamilton,mercedes,1.0,1.0,1,Finished,25.0,0 days 01:24:28.471000,57.0,26.415131578947367,0.0197368421052631,0.4230263157894736,0 days 00:00:00,343.5,546.5
20,2021,Qatar Grand Prix,1105,6714,150,Losail,2021-11-21 17:00:00,33,Max Verstappen,VER,max_verstappen,red_bull,2.0,7.0,2,Finished,19.0,0 days 00:00:25.743000,57.0,26.415131578947367,0.0197368421052631,0.4230263157894736,0 days 00:00:00.455000,351.5,541.5
20,2021,Qatar Grand Prix,1105,6714,150,Losail,2021-11-21 17:00:00,14,Fernando Alonso,ALO,alonso,alpine,3.0,3.0,3,Finished,15.0,0 days 00:00:59.457000,57.0,26.415131578947367,0.0197368421052631,0.4230263157894736,0 days 00:00:00.843000,77.0,137.0
20,2021,Qatar Grand Prix,1105,6714,150,Losail,2021-11-21 17:00:00,11,Sergio Perez,PER,perez,red_bull,4.0,11.0,4,Finished,12.0,0 days 00:01:02.306000,57.0,26.415131578947367,0.0197368421052631,0.4230263157894736,0 days 00:00:01.519000,190.0,541.5
20,2021,Qatar Grand Prix,1105,6714,150,Losail,2021-11-21 17:00:00,31,Esteban Ocon,OCO,ocon,alpine,5.0,9.0,5,Finished,10.0,0 days 00:01:20.570000,57.0,26.415131578947367,0.0197368421052631,0.4230263157894736,0 days 00:00:01.185000,60.0,137.0
20,2021,Qatar Grand Prix,1105,6714,150,Losail,2021-11-21 17:00:00,18,Lance Stroll,STR,stroll,aston_martin,6.0,12.0,6,Finished,8.0,0 days 00:01:21.274000,57.0,26.415131578947367,0.0197368421052631,0.4230263157894736,0 days 00:00:01.633000,34.0,77.0
20,2021,Qatar Grand Prix,1105,6714,150,Losail,2021-11-21 17:00:00,55,Carlos Sainz,SAI,sainz,ferrari,7.0,5.0,7,Finished,6.0,0 days 00:01:21.911000,57.0,26.415131578947367,0.0197368421052631,0.4230263157894736,0 days 00:00:01.013000,145.5,297.5
20,2021,Qatar Grand Prix,1105,6714,150,Losail,2021-11-21 17:00:00,16,Charles Leclerc,LEC,leclerc,ferrari,8.0,13.0,8,Finished,4.0,0 days 00:01:23.126000,57.0,26.415131578947367,0.0197368421052631,0.4230263157894736,0 days 00:00:01.636000,152.0,297.5
20,2021,Qatar Grand Prix,1105,6714,150,Losail,2021-11-21 17:00:00,4,Lando Norris,NOR,norris,mclaren,9.0,4.0,9,+1 Lap,2.0,0 days 02:46:00,56.0,26.415131578947367,0.0197368421052631,0.4230263157894736,0 days 00:00:00.904000,153.0,258.0
20,2021,Qatar Grand Prix,1105,6714,150,Losail,2021-11-21 17:00:00,5,Sebastian Vettel,VET,vettel,aston_martin,10.0,10.0,10,+1 Lap,1.0,0 days 02:46:00,56.0,26.415131578947367,0.0197368421052631,0.4230263157894736,0 days 00:00:01.319000,43.0,77.0
20,2021,Qatar Grand Prix,1105,6714,150,Losail,2021-11-21 17:00:00,10,Pierre Gasly,GAS,gasly,alphatauri,11.0,2.0,11,+1 Lap,0.0,0 days 02:46:00,56.0,26.415131578947367,0.0197368421052631,0.4230263157894736,0 days 00:00:00.813000,92.0,112.0
20,2021,Qatar Grand Prix,1105,6714,150,Losail,2021-11-21 17:00:00,3,Daniel Ricciardo,RIC,ricciardo,mclaren,12.0,14.0,12,+1 Lap,0.0,0 days 02:46:00,56.0,26.415131578947367,0.0197368421052631,0.4230263157894736,0 days 00:00:01.770000,105.0,258.0
20,2021,Qatar Grand Prix,1105,6714,150,Losail,2021-11-21 17:00:00,22,Yuki Tsunoda,TSU,tsunoda,alphatauri,13.0,8.0,13,+1 Lap,0.0,0 days 02:46:00,56.0,26.415131578947367,0.0197368421052631,0.4230263157894736,0 days 00:00:01.054000,20.0,112.0
20,2021,Qatar Grand Prix,1105,6714,150,Losail,2021-11-21 17:00:00,7,Kimi Räikkönen,RAI,raikkonen,alfa,14.0,16.0,14,+1 Lap,0.0,0 days 02:46:00,56.0,26.415131578947367,0.0197368421052631,0.4230263157894736,0 days 00:00:02.329000,10.0,11.0
20,2021,Qatar Grand Prix,1105,6714,150,Losail,2021-11-21 17:00:00,99,Antonio Giovinazzi,GIO,giovinazzi,alfa,15.0,18.0,15,+1 Lap,0.0,0 days 02:46:00,56.0,26.415131578947367,0.0197368421052631,0.4230263157894736,0 days 00:00:02.435000,1.0,11.0
20,2021,Qatar Grand Prix,1105,6714,150,Losail,2021-11-21 17:00:00,47,Mick Schumacher,MSC,mick_schumacher,haas,16.0,19.0,16,+1 Lap,0.0,0 days 02:46:00,56.0,26.415131578947367,0.0197368421052631,0.4230263157894736,0 days 00:00:02.580000,0.0,0.0
20,2021,Qatar Grand Prix,1105,6714,150,Losail,2021-11-21 17:00:00,63,George Russell,RUS,russell,williams,17.0,15.0,17,+2 Laps,0.0,0 days 02:46:00,55.0,26.415131578947367,0.0197368421052631,0.4230263157894736,0 days 00:00:01.929000,16.0,23.0
20,2021,Qatar Grand Prix,1105,6714,150,Losail,2021-11-21 17:00:00,9,Nikita Mazepin,MAZ,mazepin,haas,18.0,20.0,18,+2 Laps,0.0,0 days 02:46:00,55.0,26.415131578947367,0.0197368421052631,0.4230263157894736,0 days 00:00:05.032000,0.0,0.0
20,2021,Qatar Grand Prix,1105,6714,150,Losail,2021-11-21 17:00:00,6,Nicholas Latifi,LAT,latifi,williams,19.0,17.0,R,Puncture,0.0,0 days 02:46:00,50.0,26.415131578947367,0.0197368421052631,0.4230263157894736,0 days 00:00:02.386000,7.0,23.0
20,2021,Qatar Grand Prix,1105,6714,150,Losail,2021-11-21 17:00:00,77,Valtteri Bottas,BOT,bottas,mercedes,20.0,6.0,R,Damage,0.0,0 days 02:46:00,48.0,26.415131578947367,0.0197368421052631,0.4230263157894736,0 days 00:00:00.651000,203.0,546.5
21,2021,Saudi Arabian Grand Prix,1106,6821,149,Jeddah,2021-12-05 20:30:00,44,Lewis Hamilton,HAM,hamilton,mercedes,1.0,1.0,1,Finished,26.0,0 days 02:06:15.118000,50.0,28.816062176165804,0.0,0.2715025906735751,0 days 00:00:00,369.5,587.5
21,2021,Saudi Arabian Grand Prix,1106,6821,149,Jeddah,2021-12-05 20:30:00,33,Max Verstappen,VER,max_verstappen,red_bull,2.0,3.0,2,Finished,18.0,0 days 00:00:11.825000,50.0,28.816062176165804,0.0,0.2715025906735751,0 days 00:00:00.142000,369.5,559.5
21,2021,Saudi Arabian Grand Prix,1106,6821,149,Jeddah,2021-12-05 20:30:00,77,Valtteri Bottas,BOT,bottas,mercedes,3.0,2.0,3,Finished,15.0,0 days 00:00:27.531000,50.0,28.816062176165804,0.0,0.2715025906735751,0 days 00:00:00.111000,218.0,587.5
21,2021,Saudi Arabian Grand Prix,1106,6821,149,Jeddah,2021-12-05 20:30:00,31,Esteban Ocon,OCO,ocon,alpine,4.0,9.0,4,Finished,12.0,0 days 00:00:27.633000,50.0,28.816062176165804,0.0,0.2715025906735751,0 days 00:00:01.063000,72.0,149.0
21,2021,Saudi Arabian Grand Prix,1106,6821,149,Jeddah,2021-12-05 20:30:00,3,Daniel Ricciardo,RIC,ricciardo,mclaren,5.0,11.0,5,Finished,10.0,0 days 00:00:40.121000,50.0,28.816062176165804,0.0,0.2715025906735751,0 days 00:00:00.705000,115.0,269.0
21,2021,Saudi Arabian Grand Prix,1106,6821,149,Jeddah,2021-12-05 20:30:00,10,Pierre Gasly,GAS,gasly,alphatauri,6.0,6.0,6,Finished,8.0,0 days 00:00:41.613000,50.0,28.816062176165804,0.0,0.2715025906735751,0 days 00:00:00.614000,100.0,120.0
21,2021,Saudi Arabian Grand Prix,1106,6821,149,Jeddah,2021-12-05 20:30:00,16,Charles Leclerc,LEC,leclerc,ferrari,7.0,4.0,7,Finished,6.0,0 days 00:00:44.475000,50.0,28.816062176165804,0.0,0.2715025906735751,0 days 00:00:00.543000,158.0,307.5
21,2021,Saudi Arabian Grand Prix,1106,6821,149,Jeddah,2021-12-05 20:30:00,55,Carlos Sainz,SAI,sainz,ferrari,8.0,15.0,8,Finished,4.0,0 days 00:00:46.606000,50.0,28.816062176165804,0.0,0.2715025906735751,0 days 00:00:00.726000,149.5,307.5
21,2021,Saudi Arabian Grand Prix,1106,6821,149,Jeddah,2021-12-05 20:30:00,99,Antonio Giovinazzi,GIO,giovinazzi,alfa,9.0,10.0,9,Finished,2.0,0 days 00:00:58.505000,50.0,28.816062176165804,0.0,0.2715025906735751,0 days 00:00:01.105000,3.0,13.0
21,2021,Saudi Arabian Grand Prix,1106,6821,149,Jeddah,2021-12-05 20:30:00,4,Lando Norris,NOR,norris,mclaren,10.0,7.0,10,Finished,1.0,0 days 00:01:01.358000,50.0,28.816062176165804,0.0,0.2715025906735751,0 days 00:00:00.669000,154.0,269.0
21,2021,Saudi Arabian Grand Prix,1106,6821,149,Jeddah,2021-12-05 20:30:00,18,Lance Stroll,STR,stroll,aston_martin,11.0,18.0,11,Finished,0.0,0 days 00:01:17.212000,50.0,28.816062176165804,0.0,0.2715025906735751,0 days 00:00:01.857000,34.0,77.0
21,2021,Saudi Arabian Grand Prix,1106,6821,149,Jeddah,2021-12-05 20:30:00,6,Nicholas Latifi,LAT,latifi,williams,12.0,16.0,12,Finished,0.0,0 days 00:01:23.249000,50.0,28.816062176165804,0.0,0.2715025906735751,0 days 00:00:01.666000,7.0,23.0
21,2021,Saudi Arabian Grand Prix,1106,6821,149,Jeddah,2021-12-05 20:30:00,14,Fernando Alonso,ALO,alonso,alpine,13.0,13.0,13,+1 Lap,0.0,0 days 02:46:00,49.0,28.816062176165804,0.0,0.2715025906735751,0 days 00:00:01.409000,77.0,149.0
21,2021,Saudi Arabian Grand Prix,1106,6821,149,Jeddah,2021-12-05 20:30:00,22,Yuki Tsunoda,TSU,tsunoda,alphatauri,14.0,8.0,14,+1 Lap,0.0,0 days 02:46:00,49.0,28.816062176165804,0.0,0.2715025906735751,0 days 00:00:00.711000,20.0,120.0
21,2021,Saudi Arabian Grand Prix,1106,6821,149,Jeddah,2021-12-05 20:30:00,7,Kimi Räikkönen,RAI,raikkonen,alfa,15.0,12.0,15,+1 Lap,0.0,0 days 02:46:00,49.0,28.816062176165804,0.0,0.2715025906735751,0 days 00:00:01.345000,10.0,13.0
21,2021,Saudi Arabian Grand Prix,1106,6821,149,Jeddah,2021-12-05 20:30:00,5,Sebastian Vettel,VET,vettel,aston_martin,16.0,17.0,R,Collision damage,0.0,0 days 02:46:00,44.0,28.816062176165804,0.0,0.2715025906735751,0 days 00:00:01.687000,43.0,77.0
21,2021,Saudi Arabian Grand Prix,1106,6821,149,Jeddah,2021-12-05 20:30:00,11,Sergio Perez,PER,perez,red_bull,17.0,5.0,R,Collision,0.0,0 days 02:46:00,14.0,28.816062176165804,0.0,0.2715025906735751,0 days 00:00:00.435000,190.0,559.5
21,2021,Saudi Arabian Grand Prix,1106,6821,149,Jeddah,2021-12-05 20:30:00,9,Nikita Mazepin,MAZ,mazepin,haas,18.0,20.0,R,Collision,0.0,0 days 02:46:00,14.0,28.816062176165804,0.0,0.2715025906735751,0 days 00:00:02.962000,0.0,0.0
21,2021,Saudi Arabian Grand Prix,1106,6821,149,Jeddah,2021-12-05 20:30:00,63,George Russell,RUS,russell,williams,19.0,14.0,R,Collision,0.0,0 days 02:46:00,14.0,28.816062176165804,0.0,0.2715025906735751,0 days 00:00:01.415000,16.0,23.0
21,2021,Saudi Arabian Grand Prix,1106,6821,149,Jeddah,2021-12-05 20:30:00,47,Mick Schumacher,MSC,mick_schumacher,haas,20.0,19.0,R,Accident,0.0,0 days 02:46:00,8.0,28.816062176165804,0.0,0.2715025906735751,0 days 00:00:01.953000,0.0,0.0
22,2021,Abu Dhabi Grand Prix,1107,6601,70,Yas Marina Circuit,2021-12-12 17:00:00,33,Max Verstappen,VER,max_verstappen,red_bull,1.0,1.0,1,Finished,26.0,0 days 01:30:17.345000,58.0,24.519108280254777,0.0,0.4146496815286624,0 days 00:00:00,395.5,585.5
22,2021,Abu Dhabi Grand Prix,1107,6601,70,Yas Marina Circuit,2021-12-12 17:00:00,44,Lewis Hamilton,HAM,hamilton,mercedes,2.0,2.0,2,Finished,18.0,0 days 00:00:02.256000,58.0,24.519108280254777,0.0,0.4146496815286624,0 days 00:00:00.371000,387.5,613.5
22,2021,Abu Dhabi Grand Prix,1107,6601,70,Yas Marina Circuit,2021-12-12 17:00:00,55,Carlos Sainz,SAI,sainz,ferrari,3.0,5.0,3,Finished,15.0,0 days 00:00:05.173000,58.0,24.519108280254777,0.0,0.4146496815286624,0 days 00:00:00.883000,164.5,323.5
22,2021,Abu Dhabi Grand Prix,1107,6601,70,Yas Marina Circuit,2021-12-12 17:00:00,22,Yuki Tsunoda,TSU,tsunoda,alphatauri,4.0,8.0,4,Finished,12.0,0 days 00:00:05.692000,58.0,24.519108280254777,0.0,0.4146496815286624,0 days 00:00:01.111000,32.0,142.0
22,2021,Abu Dhabi Grand Prix,1107,6601,70,Yas Marina Circuit,2021-12-12 17:00:00,10,Pierre Gasly,GAS,gasly,alphatauri,5.0,12.0,5,Finished,10.0,0 days 00:00:06.531000,58.0,24.519108280254777,0.0,0.4146496815286624,0 days 00:00:01.380000,110.0,142.0
22,2021,Abu Dhabi Grand Prix,1107,6601,70,Yas Marina Circuit,2021-12-12 17:00:00,77,Valtteri Bottas,BOT,bottas,mercedes,6.0,6.0,6,Finished,8.0,0 days 00:00:07.463000,58.0,24.519108280254777,0.0,0.4146496815286624,0 days 00:00:00.927000,226.0,613.5
22,2021,Abu Dhabi Grand Prix,1107,6601,70,Yas Marina Circuit,2021-12-12 17:00:00,4,Lando Norris,NOR,norris,mclaren,7.0,3.0,7,Finished,6.0,0 days 00:00:59.200000,58.0,24.519108280254777,0.0,0.4146496815286624,0 days 00:00:00.822000,160.0,275.0
22,2021,Abu Dhabi Grand Prix,1107,6601,70,Yas Marina Circuit,2021-12-12 17:00:00,14,Fernando Alonso,ALO,alonso,alpine,8.0,11.0,8,Finished,4.0,0 days 00:01:01.708000,58.0,24.519108280254777,0.0,0.4146496815286624,0 days 00:00:01.351000,81.0,155.0
22,2021,Abu Dhabi Grand Prix,1107,6601,70,Yas Marina Circuit,2021-12-12 17:00:00,31,Esteban Ocon,OCO,ocon,alpine,9.0,9.0,9,Finished,2.0,0 days 00:01:04.026000,58.0,24.519108280254777,0.0,0.4146496815286624,0 days 00:00:01.280000,74.0,155.0
22,2021,Abu Dhabi Grand Prix,1107,6601,70,Yas Marina Circuit,2021-12-12 17:00:00,16,Charles Leclerc,LEC,leclerc,ferrari,10.0,7.0,10,Finished,1.0,0 days 00:01:06.057000,58.0,24.519108280254777,0.0,0.4146496815286624,0 days 00:00:01.013000,159.0,323.5
22,2021,Abu Dhabi Grand Prix,1107,6601,70,Yas Marina Circuit,2021-12-12 17:00:00,5,Sebastian Vettel,VET,vettel,aston_martin,11.0,15.0,11,Finished,0.0,0 days 00:01:07.527000,58.0,24.519108280254777,0.0,0.4146496815286624,0 days 00:00:02.116000,43.0,77.0
22,2021,Abu Dhabi Grand Prix,1107,6601,70,Yas Marina Circuit,2021-12-12 17:00:00,3,Daniel Ricciardo,RIC,ricciardo,mclaren,12.0,10.0,12,+1 Lap,0.0,0 days 02:46:00,57.0,24.519108280254777,0.0,0.4146496815286624,0 days 00:00:01.300000,115.0,275.0
22,2021,Abu Dhabi Grand Prix,1107,6601,70,Yas Marina Circuit,2021-12-12 17:00:00,18,Lance Stroll,STR,stroll,aston_martin,13.0,13.0,13,+1 Lap,0.0,0 days 02:46:00,57.0,24.519108280254777,0.0,0.4146496815286624,0 days 00:00:01.952000,34.0,77.0
22,2021,Abu Dhabi Grand Prix,1107,6601,70,Yas Marina Circuit,2021-12-12 17:00:00,47,Mick Schumacher,MSC,mick_schumacher,haas,14.0,19.0,14,+1 Lap,0.0,0 days 02:46:00,57.0,24.519108280254777,0.0,0.4146496815286624,0 days 00:00:02.797000,0.0,0.0
22,2021,Abu Dhabi Grand Prix,1107,6601,70,Yas Marina Circuit,2021-12-12 17:00:00,11,Sergio Perez,PER,perez,red_bull,15.0,4.0,15,Engine,0.0,0 days 02:46:00,55.0,24.519108280254777,0.0,0.4146496815286624,0 days 00:00:00.838000,190.0,585.5
22,2021,Abu Dhabi Grand Prix,1107,6601,70,Yas Marina Circuit,2021-12-12 17:00:00,6,Nicholas Latifi,LAT,latifi,williams,16.0,16.0,R,Accident,0.0,0 days 02:46:00,50.0,24.519108280254777,0.0,0.4146496815286624,0 days 00:00:02.229000,7.0,23.0
22,2021,Abu Dhabi Grand Prix,1107,6601,70,Yas Marina Circuit,2021-12-12 17:00:00,99,Antonio Giovinazzi,GIO,giovinazzi,alfa,17.0,14.0,R,Gearbox,0.0,0 days 02:46:00,33.0,24.519108280254777,0.0,0.4146496815286624,0 days 00:00:02.009000,3.0,13.0
22,2021,Abu Dhabi Grand Prix,1107,6601,70,Yas Marina Circuit,2021-12-12 17:00:00,63,George Russell,RUS,russell,williams,18.0,17.0,R,Gearbox,0.0,0 days 02:46:00,26.0,24.519108280254777,0.0,0.4146496815286624,0 days 00:00:02.314000,16.0,23.0
22,2021,Abu Dhabi Grand Prix,1107,6601,70,Yas Marina Circuit,2021-12-12 17:00:00,7,Kimi Räikkönen,RAI,raikkonen,alfa,19.0,18.0,R,Brakes,0.0,0 days 02:46:00,25.0,24.519108280254777,0.0,0.4146496815286624,0 days 00:00:02.670000,10.0,13.0
22,2021,Abu Dhabi Grand Prix,1107,6601,70,Yas Marina Circuit,2021-12-12 17:00:00,9,Nikita Mazepin,MAZ,mazepin,haas,,,W,Illness,0.0,0 days 02:46:00,0.0,24.519108280254777,0.0,0.4146496815286624,0 days 00:00:03.576000,0.0,0.0
1,2022,Bahrain Grand Prix,1124,6993,63,Sakhir,2022-03-20 18:00:00,16,Charles Leclerc,LEC,leclerc,ferrari,1.0,1.0,1,Finished,26.0,0 days 01:37:33.584000,57.0,23.617791411042944,0.0,0.3049079754601227,0 days 00:00:00,26.0,44.0
1,2022,Bahrain Grand Prix,1124,6993,63,Sakhir,2022-03-20 18:00:00,55,Carlos Sainz,SAI,sainz,ferrari,2.0,3.0,2,Finished,18.0,0 days 00:00:05.598000,57.0,23.617791411042944,0.0,0.3049079754601227,0 days 00:00:00.129000,18.0,44.0
1,2022,Bahrain Grand Prix,1124,6993,63,Sakhir,2022-03-20 18:00:00,44,Lewis Hamilton,HAM,hamilton,mercedes,3.0,5.0,3,Finished,15.0,0 days 00:00:09.675000,57.0,23.617791411042944,0.0,0.3049079754601227,0 days 00:00:00.490000,15.0,27.0
1,2022,Bahrain Grand Prix,1124,6993,63,Sakhir,2022-03-20 18:00:00,63,George Russell,RUS,russell,mercedes,4.0,9.0,4,Finished,12.0,0 days 00:00:11.211000,57.0,23.617791411042944,0.0,0.3049079754601227,0 days 00:00:00.694000,12.0,27.0
1,2022,Bahrain Grand Prix,1124,6993,63,Sakhir,2022-03-20 18:00:00,20,Kevin Magnussen,MAG,kevin_magnussen,haas,5.0,7.0,5,Finished,10.0,0 days 00:00:14.754000,57.0,23.617791411042944,0.0,0.3049079754601227,0 days 00:00:00.903000,10.0,10.0
1,2022,Bahrain Grand Prix,1124,6993,63,Sakhir,2022-03-20 18:00:00,77,Valtteri Bottas,BOT,bottas,alfa,6.0,6.0,6,Finished,8.0,0 days 00:00:16.119000,57.0,23.617791411042944,0.0,0.3049079754601227,0 days 00:00:01.002000,8.0,9.0
1,2022,Bahrain Grand Prix,1124,6993,63,Sakhir,2022-03-20 18:00:00,31,Esteban Ocon,OCO,ocon,alpine,7.0,11.0,7,Finished,6.0,0 days 00:00:19.423000,57.0,23.617791411042944,0.0,0.3049079754601227,0 days 00:00:01.224000,6.0,8.0
1,2022,Bahrain Grand Prix,1124,6993,63,Sakhir,2022-03-20 18:00:00,22,Yuki Tsunoda,TSU,tsunoda,alphatauri,8.0,16.0,8,Finished,4.0,0 days 00:00:20.386000,57.0,23.617791411042944,0.0,0.3049079754601227,0 days 00:00:02.192000,4.0,4.0
1,2022,Bahrain Grand Prix,1124,6993,63,Sakhir,2022-03-20 18:00:00,14,Fernando Alonso,ALO,alonso,alpine,9.0,8.0,9,Finished,2.0,0 days 00:00:22.390000,57.0,23.617791411042944,0.0,0.3049079754601227,0 days 00:00:01.063000,2.0,8.0
1,2022,Bahrain Grand Prix,1124,6993,63,Sakhir,2022-03-20 18:00:00,24,Guanyu Zhou,ZHO,zhou,alfa,10.0,15.0,10,Finished,1.0,0 days 00:00:23.064000,57.0,23.617791411042944,0.0,0.3049079754601227,0 days 00:00:01.935000,1.0,9.0
1,2022,Bahrain Grand Prix,1124,6993,63,Sakhir,2022-03-20 18:00:00,47,Mick Schumacher,MSC,mick_schumacher,haas,11.0,12.0,11,Finished,0.0,0 days 00:00:32.574000,57.0,23.617791411042944,0.0,0.3049079754601227,0 days 00:00:01.440000,0.0,10.0
1,2022,Bahrain Grand Prix,1124,6993,63,Sakhir,2022-03-20 18:00:00,18,Lance Stroll,STR,stroll,aston_martin,12.0,19.0,12,Finished,0.0,0 days 00:00:45.873000,57.0,23.617791411042944,0.0,0.3049079754601227,0 days 00:00:02.474000,0.0,0.0
1,2022,Bahrain Grand Prix,1124,6993,63,Sakhir,2022-03-20 18:00:00,23,Alexander Albon,ALB,albon,williams,13.0,14.0,13,Finished,0.0,0 days 00:00:53.932000,57.0,23.617791411042944,0.0,0.3049079754601227,0 days 00:00:02.106000,0.0,0.0
1,2022,Bahrain Grand Prix,1124,6993,63,Sakhir,2022-03-20 18:00:00,3,Daniel Ricciardo,RIC,ricciardo,mclaren,14.0,18.0,14,Finished,0.0,0 days 00:00:54.975000,57.0,23.617791411042944,0.0,0.3049079754601227,0 days 00:00:02.387000,0.0,0.0
1,2022,Bahrain Grand Prix,1124,6993,63,Sakhir,2022-03-20 18:00:00,4,Lando Norris,NOR,norris,mclaren,15.0,13.0,15,Finished,0.0,0 days 00:00:56.335000,57.0,23.617791411042944,0.0,0.3049079754601227,0 days 00:00:01.450000,0.0,0.0
1,2022,Bahrain Grand Prix,1124,6993,63,Sakhir,2022-03-20 18:00:00,6,Nicholas Latifi,LAT,latifi,williams,16.0,20.0,16,Finished,0.0,0 days 00:01:01.795000,57.0,23.617791411042944,0.0,0.3049079754601227,0 days 00:00:03.076000,0.0,0.0
1,2022,Bahrain Grand Prix,1124,6993,63,Sakhir,2022-03-20 18:00:00,27,Nico Hulkenberg,HUL,hulkenberg,aston_martin,17.0,17.0,17,Finished,0.0,0 days 00:01:03.829000,57.0,23.617791411042944,0.0,0.3049079754601227,0 days 00:00:02.219000,0.0,0.0
1,2022,Bahrain Grand Prix,1124,6993,63,Sakhir,2022-03-20 18:00:00,11,Sergio Perez,PER,perez,red_bull,18.0,4.0,18,Fuel pressure,0.0,0 days 02:46:00,56.0,23.617791411042944,0.0,0.3049079754601227,0 days 00:00:00.363000,0.0,0.0
1,2022,Bahrain Grand Prix,1124,6993,63,Sakhir,2022-03-20 18:00:00,1,Max Verstappen,VER,max_verstappen,red_bull,19.0,2.0,19,Fuel pressure,0.0,0 days 02:46:00,54.0,23.617791411042944,0.0,0.3049079754601227,0 days 00:00:00.123000,0.0,0.0
1,2022,Bahrain Grand Prix,1124,6993,63,Sakhir,2022-03-20 18:00:00,10,Pierre Gasly,GAS,gasly,alphatauri,20.0,10.0,R,Power Unit,0.0,0 days 02:46:00,44.0,23.617791411042944,0.0,0.3049079754601227,0 days 00:00:01.077000,0.0,4.0
2,2022,Saudi Arabian Grand Prix,1125,6994,149,Jeddah,2022-03-27 20:00:00,1,Max Verstappen,VER,max_verstappen,red_bull,1.0,4.0,1,Finished,25.0,0 days 01:24:19.293000,50.0,25.420394736842105,0.0,2.3592105263157896,0 days 00:00:00.261000,25.0,37.0
2,2022,Saudi Arabian Grand Prix,1125,6994,149,Jeddah,2022-03-27 20:00:00,16,Charles Leclerc,LEC,leclerc,ferrari,2.0,2.0,2,Finished,19.0,0 days 00:00:00.549000,50.0,25.420394736842105,0.0,2.3592105263157896,0 days 00:00:00.025000,45.0,78.0
2,2022,Saudi Arabian Grand Prix,1125,6994,149,Jeddah,2022-03-27 20:00:00,55,Carlos Sainz,SAI,sainz,ferrari,3.0,3.0,3,Finished,15.0,0 days 00:00:08.097000,50.0,25.420394736842105,0.0,2.3592105263157896,0 days 00:00:00.202000,33.0,78.0
2,2022,Saudi Arabian Grand Prix,1125,6994,149,Jeddah,2022-03-27 20:00:00,11,Sergio Perez,PER,perez,red_bull,4.0,1.0,4,Finished,12.0,0 days 00:00:10.800000,50.0,25.420394736842105,0.0,2.3592105263157896,0 days 00:00:00,12.0,37.0
2,2022,Saudi Arabian Grand Prix,1125,6994,149,Jeddah,2022-03-27 20:00:00,63,George Russell,RUS,russell,mercedes,5.0,6.0,5,Finished,10.0,0 days 00:00:32.732000,50.0,25.420394736842105,0.0,2.3592105263157896,0 days 00:00:00.904000,22.0,38.0
2,2022,Saudi Arabian Grand Prix,1125,6994,149,Jeddah,2022-03-27 20:00:00,31,Esteban Ocon,OCO,ocon,alpine,6.0,5.0,6,Finished,8.0,0 days 00:00:56.017000,50.0,25.420394736842105,0.0,2.3592105263157896,0 days 00:00:00.868000,14.0,16.0
2,2022,Saudi Arabian Grand Prix,1125,6994,149,Jeddah,2022-03-27 20:00:00,4,Lando Norris,NOR,norris,mclaren,7.0,11.0,7,Finished,6.0,0 days 00:00:56.124000,50.0,25.420394736842105,0.0,2.3592105263157896,0 days 00:00:01.451000,6.0,6.0
2,2022,Saudi Arabian Grand Prix,1125,6994,149,Jeddah,2022-03-27 20:00:00,10,Pierre Gasly,GAS,gasly,alphatauri,8.0,9.0,8,Finished,4.0,0 days 00:01:02.946000,50.0,25.420394736842105,0.0,2.3592105263157896,0 days 00:00:01.054000,4.0,8.0
2,2022,Saudi Arabian Grand Prix,1125,6994,149,Jeddah,2022-03-27 20:00:00,20,Kevin Magnussen,MAG,kevin_magnussen,haas,9.0,10.0,9,Finished,2.0,0 days 00:01:04.308000,50.0,25.420394736842105,0.0,2.3592105263157896,0 days 00:00:01.346000,12.0,12.0
2,2022,Saudi Arabian Grand Prix,1125,6994,149,Jeddah,2022-03-27 20:00:00,44,Lewis Hamilton,HAM,hamilton,mercedes,10.0,15.0,10,Finished,1.0,0 days 00:01:13.948000,50.0,25.420394736842105,0.0,2.3592105263157896,0 days 00:00:02.143000,16.0,38.0
2,2022,Saudi Arabian Grand Prix,1125,6994,149,Jeddah,2022-03-27 20:00:00,24,Guanyu Zhou,ZHO,zhou,alfa,11.0,12.0,11,Finished,0.0,0 days 00:01:22.215000,50.0,25.420394736842105,0.0,2.3592105263157896,0 days 00:00:01.619000,1.0,9.0
2,2022,Saudi Arabian Grand Prix,1125,6994,149,Jeddah,2022-03-27 20:00:00,27,Nico Hulkenberg,HUL,hulkenberg,aston_martin,12.0,17.0,12,Finished,0.0,0 days 00:01:31.742000,50.0,25.420394736842105,0.0,2.3592105263157896,0 days 00:00:02.343000,0.0,0.0
2,2022,Saudi Arabian Grand Prix,1125,6994,149,Jeddah,2022-03-27 20:00:00,18,Lance Stroll,STR,stroll,aston_martin,13.0,13.0,13,+1 Lap,0.0,0 days 02:46:00,49.0,25.420394736842105,0.0,2.3592105263157896,0 days 00:00:02.056000,0.0,0.0
2,2022,Saudi Arabian Grand Prix,1125,6994,149,Jeddah,2022-03-27 20:00:00,23,Alexander Albon,ALB,albon,williams,14.0,16.0,14,Collision damage,0.0,0 days 02:46:00,47.0,25.420394736842105,0.0,2.3592105263157896,0 days 00:00:02.292000,0.0,0.0
2,2022,Saudi Arabian Grand Prix,1125,6994,149,Jeddah,2022-03-27 20:00:00,77,Valtteri Bottas,BOT,bottas,alfa,15.0,8.0,R,Cooling system,0.0,0 days 02:46:00,36.0,25.420394736842105,0.0,2.3592105263157896,0 days 00:00:00.983000,8.0,9.0
2,2022,Saudi Arabian Grand Prix,1125,6994,149,Jeddah,2022-03-27 20:00:00,14,Fernando Alonso,ALO,alonso,alpine,16.0,7.0,R,Water pump,0.0,0 days 02:46:00,35.0,25.420394736842105,0.0,2.3592105263157896,0 days 00:00:00.947000,2.0,16.0
2,2022,Saudi Arabian Grand Prix,1125,6994,149,Jeddah,2022-03-27 20:00:00,3,Daniel Ricciardo,RIC,ricciardo,mclaren,17.0,14.0,R,Gearbox,0.0,0 days 02:46:00,35.0,25.420394736842105,0.0,2.3592105263157896,0 days 00:00:01.573000,0.0,6.0
2,2022,Saudi Arabian Grand Prix,1125,6994,149,Jeddah,2022-03-27 20:00:00,6,Nicholas Latifi,LAT,latifi,williams,18.0,18.0,R,Accident,0.0,0 days 02:46:00,14.0,25.420394736842105,0.0,2.3592105263157896,0 days 00:00:03.617000,0.0,0.0
2,2022,Saudi Arabian Grand Prix,1125,6994,149,Jeddah,2022-03-27 20:00:00,22,Yuki Tsunoda,TSU,tsunoda,alphatauri,19.0,19.0,R,Power Unit,0.0,0 days 02:46:00,0.0,25.420394736842105,0.0,2.3592105263157896,0 days 02:46:00,4.0,8.0
2,2022,Saudi Arabian Grand Prix,1125,6994,149,Jeddah,2022-03-27 20:00:00,47,Mick Schumacher,MSC,mick_schumacher,haas,,,W,Withdrew,0.0,0 days 02:46:00,0.0,25.420394736842105,0.0,2.3592105263157896,0 days 00:00:01.720000,0.0,12.0
3,2022,Australian Grand Prix,1108,7018,10,Melbourne,2022-04-10 15:00:00,16,Charles Leclerc,LEC,leclerc,ferrari,1.0,1.0,1,Finished,26.0,0 days 01:27:46.548000,58.0,26.6974358974359,0.0,1.8128205128205128,0 days 00:00:00,71.0,104.0
3,2022,Australian Grand Prix,1108,7018,10,Melbourne,2022-04-10 15:00:00,11,Sergio Perez,PER,perez,red_bull,2.0,3.0,2,Finished,18.0,0 days 00:00:20.524000,58.0,26.6974358974359,0.0,1.8128205128205128,0 days 00:00:00.372000,30.0,55.0
3,2022,Australian Grand Prix,1108,7018,10,Melbourne,2022-04-10 15:00:00,63,George Russell,RUS,russell,mercedes,3.0,6.0,3,Finished,15.0,0 days 00:00:25.593000,58.0,26.6974358974359,0.0,1.8128205128205128,0 days 00:00:01.065000,37.0,65.0
3,2022,Australian Grand Prix,1108,7018,10,Melbourne,2022-04-10 15:00:00,44,Lewis Hamilton,HAM,hamilton,mercedes,4.0,5.0,4,Finished,12.0,0 days 00:00:28.543000,58.0,26.6974358974359,0.0,1.8128205128205128,0 days 00:00:00.957000,28.0,65.0
3,2022,Australian Grand Prix,1108,7018,10,Melbourne,2022-04-10 15:00:00,4,Lando Norris,NOR,norris,mclaren,5.0,4.0,5,Finished,10.0,0 days 00:00:53.303000,58.0,26.6974358974359,0.0,1.8128205128205128,0 days 00:00:00.835000,16.0,24.0
3,2022,Australian Grand Prix,1108,7018,10,Melbourne,2022-04-10 15:00:00,3,Daniel Ricciardo,RIC,ricciardo,mclaren,6.0,7.0,6,Finished,8.0,0 days 00:00:53.737000,58.0,26.6974358974359,0.0,1.8128205128205128,0 days 00:00:01.164000,8.0,24.0
3,2022,Australian Grand Prix,1108,7018,10,Melbourne,2022-04-10 15:00:00,31,Esteban Ocon,OCO,ocon,alpine,7.0,8.0,7,Finished,6.0,0 days 00:01:01.683000,58.0,26.6974358974359,0.0,1.8128205128205128,0 days 00:00:01.193000,20.0,22.0
3,2022,Australian Grand Prix,1108,7018,10,Melbourne,2022-04-10 15:00:00,77,Valtteri Bottas,BOT,bottas,alfa,8.0,12.0,8,Finished,4.0,0 days 00:01:08.439000,58.0,26.6974358974359,0.0,1.8128205128205128,0 days 00:00:01.383000,12.0,13.0
3,2022,Australian Grand Prix,1108,7018,10,Melbourne,2022-04-10 15:00:00,10,Pierre Gasly,GAS,gasly,alphatauri,9.0,11.0,9,Finished,2.0,0 days 00:01:16.221000,58.0,26.6974358974359,0.0,1.8128205128205128,0 days 00:00:01.358000,6.0,10.0
3,2022,Australian Grand Prix,1108,7018,10,Melbourne,2022-04-10 15:00:00,23,Alexander Albon,ALB,albon,williams,10.0,20.0,10,Finished,1.0,0 days 00:01:19.382000,58.0,26.6974358974359,0.0,1.8128205128205128,0 days 00:00:02.267000,1.0,1.0
3,2022,Australian Grand Prix,1108,7018,10,Melbourne,2022-04-10 15:00:00,24,Guanyu Zhou,ZHO,zhou,alfa,11.0,14.0,11,Finished,0.0,0 days 00:01:21.695000,58.0,26.6974358974359,0.0,1.8128205128205128,0 days 00:00:02.042000,1.0,13.0
3,2022,Australian Grand Prix,1108,7018,10,Melbourne,2022-04-10 15:00:00,18,Lance Stroll,STR,stroll,aston_martin,12.0,19.0,12,Finished,0.0,0 days 00:01:28.598000,58.0,26.6974358974359,0.0,1.8128205128205128,0 days 02:46:00,0.0,0.0
3,2022,Australian Grand Prix,1108,7018,10,Melbourne,2022-04-10 15:00:00,47,Mick Schumacher,MSC,mick_schumacher,haas,13.0,15.0,13,+1 Lap,0.0,0 days 02:46:00,57.0,26.6974358974359,0.0,1.8128205128205128,0 days 00:00:02.236000,0.0,12.0
3,2022,Australian Grand Prix,1108,7018,10,Melbourne,2022-04-10 15:00:00,20,Kevin Magnussen,MAG,kevin_magnussen,haas,14.0,16.0,14,+1 Lap,0.0,0 days 02:46:00,57.0,26.6974358974359,0.0,1.8128205128205128,0 days 00:00:02.386000,12.0,12.0
3,2022,Australian Grand Prix,1108,7018,10,Melbourne,2022-04-10 15:00:00,22,Yuki Tsunoda,TSU,tsunoda,alphatauri,15.0,13.0,15,+1 Lap,0.0,0 days 02:46:00,57.0,26.6974358974359,0.0,1.8128205128205128,0 days 00:00:01.556000,4.0,10.0
3,2022,Australian Grand Prix,1108,7018,10,Melbourne,2022-04-10 15:00:00,6,Nicholas Latifi,LAT,latifi,williams,16.0,18.0,16,+1 Lap,0.0,0 days 02:46:00,57.0,26.6974358974359,0.0,1.8128205128205128,0 days 00:00:03.504000,0.0,1.0
3,2022,Australian Grand Prix,1108,7018,10,Melbourne,2022-04-10 15:00:00,14,Fernando Alonso,ALO,alonso,alpine,17.0,10.0,17,+1 Lap,0.0,0 days 02:46:00,57.0,26.6974358974359,0.0,1.8128205128205128,0 days 00:00:00.947000,2.0,22.0
3,2022,Australian Grand Prix,1108,7018,10,Melbourne,2022-04-10 15:00:00,1,Max Verstappen,VER,max_verstappen,red_bull,18.0,2.0,R,Fuel leak,0.0,0 days 02:46:00,38.0,26.6974358974359,0.0,1.8128205128205128,0 days 00:00:00.286000,25.0,55.0
3,2022,Australian Grand Prix,1108,7018,10,Melbourne,2022-04-10 15:00:00,5,Sebastian Vettel,VET,vettel,aston_martin,19.0,17.0,R,Accident,0.0,0 days 02:46:00,22.0,26.6974358974359,0.0,1.8128205128205128,0 days 00:00:03.281000,0.0,0.0
3,2022,Australian Grand Prix,1108,7018,10,Melbourne,2022-04-10 15:00:00,55,Carlos Sainz,SAI,sainz,ferrari,20.0,9.0,R,Spun off,0.0,0 days 02:46:00,1.0,26.6974358974359,0.0,1.8128205128205128,0 days 00:00:00.601000,33.0,104.0
4,2022,Emilia Romagna Grand Prix,1109,7019,6,Imola,2022-04-24 15:00:00,1,Max Verstappen,VER,max_verstappen,red_bull,1.0,1.0,1,Finished,26.0,0 days 01:32:07.986000,63.0,12.899367088607594,0.0,1.4822784810126584,0 days 00:00:00,59.0,113.0
4,2022,Emilia Romagna Grand Prix,1109,7019,6,Imola,2022-04-24 15:00:00,11,Sergio Perez,PER,perez,red_bull,2.0,3.0,2,Finished,18.0,0 days 00:00:16.527000,63.0,12.899367088607594,0.0,1.4822784810126584,0 days 00:00:00.503000,54.0,113.0
4,2022,Emilia Romagna Grand Prix,1109,7019,6,Imola,2022-04-24 15:00:00,4,Lando Norris,NOR,norris,mclaren,3.0,5.0,3,Finished,15.0,0 days 00:00:34.834000,63.0,12.899367088607594,0.0,1.4822784810126584,0 days 00:00:00.501000,35.0,46.0
4,2022,Emilia Romagna Grand Prix,1109,7019,6,Imola,2022-04-24 15:00:00,63,George Russell,RUS,russell,mercedes,4.0,11.0,4,Finished,12.0,0 days 00:00:42.506000,63.0,12.899367088607594,0.0,1.4822784810126584,0 days 00:00:01.590000,49.0,77.0
4,2022,Emilia Romagna Grand Prix,1109,7019,6,Imola,2022-04-24 15:00:00,77,Valtteri Bottas,BOT,bottas,alfa,5.0,7.0,5,Finished,10.0,0 days 00:00:43.181000,63.0,12.899367088607594,0.0,1.4822784810126584,0 days 00:00:01.399000,24.0,25.0
4,2022,Emilia Romagna Grand Prix,1109,7019,6,Imola,2022-04-24 15:00:00,16,Charles Leclerc,LEC,leclerc,ferrari,6.0,2.0,6,Finished,8.0,0 days 00:00:56.072000,63.0,12.899367088607594,0.0,1.4822784810126584,0 days 00:00:00.003000,86.0,124.0
4,2022,Emilia Romagna Grand Prix,1109,7019,6,Imola,2022-04-24 15:00:00,22,Yuki Tsunoda,TSU,tsunoda,alphatauri,7.0,12.0,7,Finished,6.0,0 days 00:01:01.110000,63.0,12.899367088607594,0.0,1.4822784810126584,0 days 00:00:01.681000,10.0,16.0
4,2022,Emilia Romagna Grand Prix,1109,7019,6,Imola,2022-04-24 15:00:00,5,Sebastian Vettel,VET,vettel,aston_martin,8.0,13.0,8,Finished,4.0,0 days 00:01:10.892000,63.0,12.899367088607594,0.0,1.4822784810126584,0 days 00:00:01.164000,4.0,5.0
4,2022,Emilia Romagna Grand Prix,1109,7019,6,Imola,2022-04-24 15:00:00,20,Kevin Magnussen,MAG,kevin_magnussen,haas,9.0,8.0,9,Finished,2.0,0 days 00:01:15.260000,63.0,12.899367088607594,0.0,1.4822784810126584,0 days 00:00:01.109000,15.0,15.0
4,2022,Emilia Romagna Grand Prix,1109,7019,6,Imola,2022-04-24 15:00:00,18,Lance Stroll,STR,stroll,aston_martin,10.0,15.0,10,+1 Lap,1.0,0 days 02:46:00,62.0,12.899367088607594,0.0,1.4822784810126584,0 days 00:00:01.549000,1.0,5.0
4,2022,Emilia Romagna Grand Prix,1109,7019,6,Imola,2022-04-24 15:00:00,23,Alexander Albon,ALB,albon,williams,11.0,18.0,11,+1 Lap,0.0,0 days 02:46:00,62.0,12.899367088607594,0.0,1.4822784810126584,0 days 02:46:00,1.0,1.0
4,2022,Emilia Romagna Grand Prix,1109,7019,6,Imola,2022-04-24 15:00:00,10,Pierre Gasly,GAS,gasly,alphatauri,12.0,17.0,12,+1 Lap,0.0,0 days 02:46:00,62.0,12.899367088607594,0.0,1.4822784810126584,0 days 00:00:01.939000,6.0,16.0
4,2022,Emilia Romagna Grand Prix,1109,7019,6,Imola,2022-04-24 15:00:00,44,Lewis Hamilton,HAM,hamilton,mercedes,13.0,14.0,13,+1 Lap,0.0,0 days 02:46:00,62.0,12.899367088607594,0.0,1.4822784810126584,0 days 00:00:01.677000,28.0,77.0
4,2022,Emilia Romagna Grand Prix,1109,7019,6,Imola,2022-04-24 15:00:00,31,Esteban Ocon,OCO,ocon,alpine,14.0,16.0,14,+1 Lap,0.0,0 days 02:46:00,62.0,12.899367088607594,0.0,1.4822784810126584,0 days 00:00:03.545000,20.0,22.0
4,2022,Emilia Romagna Grand Prix,1109,7019,6,Imola,2022-04-24 15:00:00,24,Guanyu Zhou,ZHO,zhou,alfa,15.0,0.0,15,+1 Lap,0.0,0 days 02:46:00,62.0,12.899367088607594,0.0,1.4822784810126584,0 days 00:00:00.937000,1.0,25.0
4,2022,Emilia Romagna Grand Prix,1109,7019,6,Imola,2022-04-24 15:00:00,6,Nicholas Latifi,LAT,latifi,williams,16.0,19.0,16,+1 Lap,0.0,0 days 02:46:00,62.0,12.899367088607594,0.0,1.4822784810126584,0 days 00:00:03.178000,0.0,1.0
4,2022,Emilia Romagna Grand Prix,1109,7019,6,Imola,2022-04-24 15:00:00,47,Mick Schumacher,MSC,mick_schumacher,haas,17.0,10.0,17,+1 Lap,0.0,0 days 02:46:00,62.0,12.899367088607594,0.0,1.4822784810126584,0 days 00:00:01.629000,0.0,15.0
4,2022,Emilia Romagna Grand Prix,1109,7019,6,Imola,2022-04-24 15:00:00,3,Daniel Ricciardo,RIC,ricciardo,mclaren,18.0,6.0,18,+1 Lap,0.0,0 days 02:46:00,62.0,12.899367088607594,0.0,1.4822784810126584,0 days 00:00:01.187000,11.0,46.0
4,2022,Emilia Romagna Grand Prix,1109,7019,6,Imola,2022-04-24 15:00:00,14,Fernando Alonso,ALO,alonso,alpine,19.0,9.0,R,Collision damage,0.0,0 days 02:46:00,6.0,12.899367088607594,0.0,1.4822784810126584,0 days 00:00:00.802000,2.0,22.0
4,2022,Emilia Romagna Grand Prix,1109,7019,6,Imola,2022-04-24 15:00:00,55,Carlos Sainz,SAI,sainz,ferrari,20.0,4.0,R,Collision,0.0,0 days 02:46:00,0.0,12.899367088607594,0.0,1.4822784810126584,0 days 00:00:00.197000,38.0,124.0
5,2022,Miami Grand Prix,1110,7027,151,Miami,2022-05-08 15:30:00,1,Max Verstappen,VER,max_verstappen,red_bull,1.0,3.0,1,Finished,26.0,0 days 01:34:24.258000,57.0,30.617283950617285,0.0555555555555555,2.267283950617284,0 days 00:00:00.195000,85.0,151.0
5,2022,Miami Grand Prix,1110,7027,151,Miami,2022-05-08 15:30:00,16,Charles Leclerc,LEC,leclerc,ferrari,2.0,1.0,2,Finished,18.0,0 days 00:00:03.786000,57.0,30.617283950617285,0.0555555555555555,2.267283950617284,0 days 00:00:00,104.0,157.0
5,2022,Miami Grand Prix,1110,7027,151,Miami,2022-05-08 15:30:00,55,Carlos Sainz,SAI,sainz,ferrari,3.0,2.0,3,Finished,15.0,0 days 00:00:08.229000,57.0,30.617283950617285,0.0555555555555555,2.267283950617284,0 days 00:00:00.190000,53.0,157.0
5,2022,Miami Grand Prix,1110,7027,151,Miami,2022-05-08 15:30:00,11,Sergio Perez,PER,perez,red_bull,4.0,4.0,4,Finished,12.0,0 days 00:00:10.638000,57.0,30.617283950617285,0.0555555555555555,2.267283950617284,0 days 00:00:00.240000,66.0,151.0
5,2022,Miami Grand Prix,1110,7027,151,Miami,2022-05-08 15:30:00,63,George Russell,RUS,russell,mercedes,5.0,12.0,5,Finished,10.0,0 days 00:00:18.582000,57.0,30.617283950617285,0.0555555555555555,2.267283950617284,0 days 00:00:01.377000,59.0,95.0
5,2022,Miami Grand Prix,1110,7027,151,Miami,2022-05-08 15:30:00,44,Lewis Hamilton,HAM,hamilton,mercedes,6.0,6.0,6,Finished,8.0,0 days 00:00:21.368000,57.0,30.617283950617285,0.0555555555555555,2.267283950617284,0 days 00:00:00.829000,36.0,95.0
5,2022,Miami Grand Prix,1110,7027,151,Miami,2022-05-08 15:30:00,77,Valtteri Bottas,BOT,bottas,alfa,7.0,5.0,7,Finished,6.0,0 days 00:00:25.073000,57.0,30.617283950617285,0.0555555555555555,2.267283950617284,0 days 00:00:00.679000,30.0,31.0
5,2022,Miami Grand Prix,1110,7027,151,Miami,2022-05-08 15:30:00,31,Esteban Ocon,OCO,ocon,alpine,8.0,20.0,8,Finished,4.0,0 days 00:00:28.386000,57.0,30.617283950617285,0.0555555555555555,2.267283950617284,0 days 02:46:00,24.0,26.0
5,2022,Miami Grand Prix,1110,7027,151,Miami,2022-05-08 15:30:00,23,Alexander Albon,ALB,albon,williams,9.0,18.0,9,Finished,2.0,0 days 00:00:32.365000,57.0,30.617283950617285,0.0555555555555555,2.267283950617284,0 days 00:00:02.470000,3.0,3.0
5,2022,Miami Grand Prix,1110,7027,151,Miami,2022-05-08 15:30:00,18,Lance Stroll,STR,stroll,aston_martin,10.0,0.0,10,Finished,1.0,0 days 00:00:37.026000,57.0,30.617283950617285,0.0555555555555555,2.267283950617284,0 days 00:00:01.200000,2.0,6.0
5,2022,Miami Grand Prix,1110,7027,151,Miami,2022-05-08 15:30:00,14,Fernando Alonso,ALO,alonso,alpine,11.0,11.0,11,Finished,0.0,0 days 00:00:37.128000,57.0,30.617283950617285,0.0555555555555555,2.267283950617284,0 days 00:00:01.364000,2.0,26.0
5,2022,Miami Grand Prix,1110,7027,151,Miami,2022-05-08 15:30:00,22,Yuki Tsunoda,TSU,tsunoda,alphatauri,12.0,9.0,12,Finished,0.0,0 days 00:00:40.146000,57.0,30.617283950617285,0.0555555555555555,2.267283950617284,0 days 00:00:01.136000,10.0,16.0
5,2022,Miami Grand Prix,1110,7027,151,Miami,2022-05-08 15:30:00,3,Daniel Ricciardo,RIC,ricciardo,mclaren,13.0,14.0,13,Finished,0.0,0 days 00:00:40.902000,57.0,30.617283950617285,0.0555555555555555,2.267283950617284,0 days 00:00:01.514000,11.0,46.0
5,2022,Miami Grand Prix,1110,7027,151,Miami,2022-05-08 15:30:00,6,Nicholas Latifi,LAT,latifi,williams,14.0,19.0,14,Finished,0.0,0 days 00:00:49.936000,57.0,30.617283950617285,0.0555555555555555,2.267283950617284,0 days 00:00:02.529000,0.0,3.0
5,2022,Miami Grand Prix,1110,7027,151,Miami,2022-05-08 15:30:00,47,Mick Schumacher,MSC,mick_schumacher,haas,15.0,15.0,15,Finished,0.0,0 days 00:01:13.305000,57.0,30.617283950617285,0.0555555555555555,2.267283950617284,0 days 00:00:01.627000,0.0,15.0
5,2022,Miami Grand Prix,1110,7027,151,Miami,2022-05-08 15:30:00,20,Kevin Magnussen,MAG,kevin_magnussen,haas,16.0,16.0,16,Front wing,0.0,0 days 02:46:00,56.0,30.617283950617285,0.0555555555555555,2.267283950617284,0 days 00:00:02.179000,15.0,15.0
5,2022,Miami Grand Prix,1110,7027,151,Miami,2022-05-08 15:30:00,5,Sebastian Vettel,VET,vettel,aston_martin,17.0,0.0,17,Collision,0.0,0 days 02:46:00,54.0,30.617283950617285,0.0555555555555555,2.267283950617284,0 days 00:00:01.418000,4.0,6.0
5,2022,Miami Grand Prix,1110,7027,151,Miami,2022-05-08 15:30:00,10,Pierre Gasly,GAS,gasly,alphatauri,18.0,7.0,R,Suspension,0.0,0 days 02:46:00,45.0,30.617283950617285,0.0555555555555555,2.267283950617284,0 days 00:00:00.894000,6.0,16.0
5,2022,Miami Grand Prix,1110,7027,151,Miami,2022-05-08 15:30:00,4,Lando Norris,NOR,norris,mclaren,19.0,8.0,R,Collision,0.0,0 days 02:46:00,39.0,30.617283950617285,0.0555555555555555,2.267283950617284,0 days 00:00:00.838000,35.0,46.0
5,2022,Miami Grand Prix,1110,7027,151,Miami,2022-05-08 15:30:00,24,Guanyu Zhou,ZHO,zhou,alfa,20.0,17.0,R,Water leak,0.0,0 days 02:46:00,6.0,30.617283950617285,0.0555555555555555,2.267283950617284,0 days 00:00:02.224000,1.0,31.0
6,2022,Spanish Grand Prix,1111,7042,15,Catalunya,2022-05-22 15:00:00,1,Max Verstappen,VER,max_verstappen,red_bull,1.0,2.0,1,Finished,25.0,0 days 01:37:20.475000,66.0,36.56585365853659,0.0,3.488414634146342,0 days 00:00:00.323000,110.0,195.0
6,2022,Spanish Grand Prix,1111,7042,15,Catalunya,2022-05-22 15:00:00,11,Sergio Perez,PER,perez,red_bull,2.0,5.0,2,Finished,19.0,0 days 00:00:13.072000,66.0,36.56585365853659,0.0,3.488414634146342,0 days 00:00:00.670000,85.0,195.0
6,2022,Spanish Grand Prix,1111,7042,15,Catalunya,2022-05-22 15:00:00,63,George Russell,RUS,russell,mercedes,3.0,4.0,3,Finished,15.0,0 days 00:00:32.927000,66.0,36.56585365853659,0.0,3.488414634146342,0 days 00:00:00.643000,74.0,120.0
6,2022,Spanish Grand Prix,1111,7042,15,Catalunya,2022-05-22 15:00:00,55,Carlos Sainz,SAI,sainz,ferrari,4.0,3.0,4,Finished,12.0,0 days 00:00:45.208000,66.0,36.56585365853659,0.0,3.488414634146342,0 days 00:00:00.416000,65.0,169.0
6,2022,Spanish Grand Prix,1111,7042,15,Catalunya,2022-05-22 15:00:00,44,Lewis Hamilton,HAM,hamilton,mercedes,5.0,6.0,5,Finished,10.0,0 days 00:00:54.534000,66.0,36.56585365853659,0.0,3.488414634146342,0 days 00:00:00.762000,46.0,120.0
6,2022,Spanish Grand Prix,1111,7042,15,Catalunya,2022-05-22 15:00:00,77,Valtteri Bottas,BOT,bottas,alfa,6.0,7.0,6,Finished,8.0,0 days 00:00:59.976000,66.0,36.56585365853659,0.0,3.488414634146342,0 days 00:00:00.858000,38.0,39.0
6,2022,Spanish Grand Prix,1111,7042,15,Catalunya,2022-05-22 15:00:00,31,Esteban Ocon,OCO,ocon,alpine,7.0,12.0,7,Finished,6.0,0 days 00:01:15.397000,66.0,36.56585365853659,0.0,3.488414634146342,0 days 00:00:01.888000,30.0,34.0
6,2022,Spanish Grand Prix,1111,7042,15,Catalunya,2022-05-22 15:00:00,4,Lando Norris,NOR,norris,mclaren,8.0,11.0,8,Finished,4.0,0 days 00:01:23.235000,66.0,36.56585365853659,0.0,3.488414634146342,0 days 00:00:01.721000,39.0,50.0
6,2022,Spanish Grand Prix,1111,7042,15,Catalunya,2022-05-22 15:00:00,14,Fernando Alonso,ALO,alonso,alpine,9.0,20.0,9,+1 Lap,2.0,0 days 02:46:00,65.0,36.56585365853659,0.0,3.488414634146342,0 days 00:00:02.293000,4.0,34.0
6,2022,Spanish Grand Prix,1111,7042,15,Catalunya,2022-05-22 15:00:00,22,Yuki Tsunoda,TSU,tsunoda,alphatauri,10.0,13.0,10,+1 Lap,1.0,0 days 02:46:00,65.0,36.56585365853659,0.0,3.488414634146342,0 days 00:00:01.889000,11.0,17.0
6,2022,Spanish Grand Prix,1111,7042,15,Catalunya,2022-05-22 15:00:00,5,Sebastian Vettel,VET,vettel,aston_martin,11.0,16.0,11,+1 Lap,0.0,0 days 02:46:00,65.0,36.56585365853659,0.0,3.488414634146342,0 days 00:00:02.204000,4.0,6.0
6,2022,Spanish Grand Prix,1111,7042,15,Catalunya,2022-05-22 15:00:00,3,Daniel Ricciardo,RIC,ricciardo,mclaren,12.0,9.0,12,+1 Lap,0.0,0 days 02:46:00,65.0,36.56585365853659,0.0,3.488414634146342,0 days 00:00:01.537000,11.0,50.0
6,2022,Spanish Grand Prix,1111,7042,15,Catalunya,2022-05-22 15:00:00,10,Pierre Gasly,GAS,gasly,alphatauri,13.0,14.0,13,+1 Lap,0.0,0 days 02:46:00,65.0,36.56585365853659,0.0,3.488414634146342,0 days 00:00:01.969000,6.0,17.0
6,2022,Spanish Grand Prix,1111,7042,15,Catalunya,2022-05-22 15:00:00,47,Mick Schumacher,MSC,mick_schumacher,haas,14.0,10.0,14,+1 Lap,0.0,0 days 02:46:00,65.0,36.56585365853659,0.0,3.488414634146342,0 days 00:00:01.618000,0.0,15.0
6,2022,Spanish Grand Prix,1111,7042,15,Catalunya,2022-05-22 15:00:00,18,Lance Stroll,STR,stroll,aston_martin,15.0,17.0,15,+1 Lap,0.0,0 days 02:46:00,65.0,36.56585365853659,0.0,3.488414634146342,0 days 00:00:02.668000,2.0,6.0
6,2022,Spanish Grand Prix,1111,7042,15,Catalunya,2022-05-22 15:00:00,6,Nicholas Latifi,LAT,latifi,williams,16.0,19.0,16,+2 Laps,0.0,0 days 02:46:00,64.0,36.56585365853659,0.0,3.488414634146342,0 days 00:00:03.165000,0.0,3.0
6,2022,Spanish Grand Prix,1111,7042,15,Catalunya,2022-05-22 15:00:00,20,Kevin Magnussen,MAG,kevin_magnussen,haas,17.0,8.0,17,+2 Laps,0.0,0 days 02:46:00,64.0,36.56585365853659,0.0,3.488414634146342,0 days 00:00:00.932000,15.0,15.0
6,2022,Spanish Grand Prix,1111,7042,15,Catalunya,2022-05-22 15:00:00,23,Alexander Albon,ALB,albon,williams,18.0,18.0,18,+2 Laps,0.0,0 days 02:46:00,64.0,36.56585365853659,0.0,3.488414634146342,0 days 00:00:02.895000,3.0,3.0
6,2022,Spanish Grand Prix,1111,7042,15,Catalunya,2022-05-22 15:00:00,24,Guanyu Zhou,ZHO,zhou,alfa,19.0,15.0,R,Power loss,0.0,0 days 02:46:00,28.0,36.56585365853659,0.0,3.488414634146342,0 days 00:00:01.726000,1.0,39.0
6,2022,Spanish Grand Prix,1111,7042,15,Catalunya,2022-05-22 15:00:00,16,Charles Leclerc,LEC,leclerc,ferrari,20.0,1.0,R,Turbo,0.0,0 days 02:46:00,27.0,36.56585365853659,0.0,3.488414634146342,0 days 00:00:00,104.0,169.0
7,2022,Monaco Grand Prix,1112,7051,22,Monte Carlo,2022-05-29 15:00:00,11,Sergio Perez,PER,perez,red_bull,1.0,3.0,1,Finished,25.0,0 days 01:56:30.265000,64.0,22.27469387755102,0.436734693877551,0.990204081632653,0 days 00:00:00.253000,110.0,235.0
7,2022,Monaco Grand Prix,1112,7051,22,Monte Carlo,2022-05-29 15:00:00,55,Carlos Sainz,SAI,sainz,ferrari,2.0,2.0,2,Finished,18.0,0 days 00:00:01.154000,64.0,22.27469387755102,0.436734693877551,0.990204081632653,0 days 00:00:00.225000,83.0,199.0
7,2022,Monaco Grand Prix,1112,7051,22,Monte Carlo,2022-05-29 15:00:00,1,Max Verstappen,VER,max_verstappen,red_bull,3.0,4.0,3,Finished,15.0,0 days 00:00:01.491000,64.0,22.27469387755102,0.436734693877551,0.990204081632653,0 days 00:00:00.290000,125.0,235.0
7,2022,Monaco Grand Prix,1112,7051,22,Monte Carlo,2022-05-29 15:00:00,16,Charles Leclerc,LEC,leclerc,ferrari,4.0,1.0,4,Finished,12.0,0 days 00:00:02.922000,64.0,22.27469387755102,0.436734693877551,0.990204081632653,0 days 00:00:00,116.0,199.0
7,2022,Monaco Grand Prix,1112,7051,22,Monte Carlo,2022-05-29 15:00:00,63,George Russell,RUS,russell,mercedes,5.0,6.0,5,Finished,10.0,0 days 00:00:11.968000,64.0,22.27469387755102,0.436734693877551,0.990204081632653,0 days 00:00:00.736000,84.0,134.0
7,2022,Monaco Grand Prix,1112,7051,22,Monte Carlo,2022-05-29 15:00:00,4,Lando Norris,NOR,norris,mclaren,6.0,5.0,6,Finished,9.0,0 days 00:00:12.231000,64.0,22.27469387755102,0.436734693877551,0.990204081632653,0 days 00:00:00.473000,48.0,59.0
7,2022,Monaco Grand Prix,1112,7051,22,Monte Carlo,2022-05-29 15:00:00,14,Fernando Alonso,ALO,alonso,alpine,7.0,7.0,7,Finished,6.0,0 days 00:00:46.358000,64.0,22.27469387755102,0.436734693877551,0.990204081632653,0 days 00:00:00.871000,10.0,40.0
7,2022,Monaco Grand Prix,1112,7051,22,Monte Carlo,2022-05-29 15:00:00,44,Lewis Hamilton,HAM,hamilton,mercedes,8.0,8.0,8,Finished,4.0,0 days 00:00:50.388000,64.0,22.27469387755102,0.436734693877551,0.990204081632653,0 days 00:00:01.184000,50.0,134.0
7,2022,Monaco Grand Prix,1112,7051,22,Monte Carlo,2022-05-29 15:00:00,77,Valtteri Bottas,BOT,bottas,alfa,9.0,12.0,9,Finished,2.0,0 days 00:00:52.525000,64.0,22.27469387755102,0.436734693877551,0.990204081632653,0 days 00:00:01.533000,40.0,41.0
7,2022,Monaco Grand Prix,1112,7051,22,Monte Carlo,2022-05-29 15:00:00,5,Sebastian Vettel,VET,vettel,aston_martin,10.0,9.0,10,Finished,1.0,0 days 00:00:53.536000,64.0,22.27469387755102,0.436734693877551,0.990204081632653,0 days 00:00:01.237000,5.0,7.0
7,2022,Monaco Grand Prix,1112,7051,22,Monte Carlo,2022-05-29 15:00:00,10,Pierre Gasly,GAS,gasly,alphatauri,11.0,17.0,11,Finished,0.0,0 days 00:00:54.289000,64.0,22.27469387755102,0.436734693877551,0.990204081632653,0 days 00:00:02.284000,6.0,17.0
7,2022,Monaco Grand Prix,1112,7051,22,Monte Carlo,2022-05-29 15:00:00,31,Esteban Ocon,OCO,ocon,alpine,12.0,10.0,12,Finished,0.0,0 days 00:00:55.644000,64.0,22.27469387755102,0.436734693877551,0.990204081632653,0 days 00:00:01.152000,30.0,40.0
7,2022,Monaco Grand Prix,1112,7051,22,Monte Carlo,2022-05-29 15:00:00,3,Daniel Ricciardo,RIC,ricciardo,mclaren,13.0,14.0,13,Finished,0.0,0 days 00:00:57.635000,64.0,22.27469387755102,0.436734693877551,0.990204081632653,0 days 00:00:01.588000,11.0,59.0
7,2022,Monaco Grand Prix,1112,7051,22,Monte Carlo,2022-05-29 15:00:00,18,Lance Stroll,STR,stroll,aston_martin,14.0,18.0,14,Finished,0.0,0 days 00:01:00.802000,64.0,22.27469387755102,0.436734693877551,0.990204081632653,0 days 00:00:02.302000,2.0,7.0
7,2022,Monaco Grand Prix,1112,7051,22,Monte Carlo,2022-05-29 15:00:00,6,Nicholas Latifi,LAT,latifi,williams,15.0,19.0,15,+1 Lap,0.0,0 days 02:46:00,63.0,22.27469387755102,0.436734693877551,0.990204081632653,0 days 00:00:03.027000,0.0,3.0
7,2022,Monaco Grand Prix,1112,7051,22,Monte Carlo,2022-05-29 15:00:00,24,Guanyu Zhou,ZHO,zhou,alfa,16.0,20.0,16,+1 Lap,0.0,0 days 02:46:00,63.0,22.27469387755102,0.436734693877551,0.990204081632653,0 days 00:00:04.230000,1.0,41.0
7,2022,Monaco Grand Prix,1112,7051,22,Monte Carlo,2022-05-29 15:00:00,22,Yuki Tsunoda,TSU,tsunoda,alphatauri,17.0,11.0,17,+1 Lap,0.0,0 days 02:46:00,63.0,22.27469387755102,0.436734693877551,0.990204081632653,0 days 00:00:01.421000,11.0,17.0
7,2022,Monaco Grand Prix,1112,7051,22,Monte Carlo,2022-05-29 15:00:00,23,Alexander Albon,ALB,albon,williams,18.0,16.0,R,Mechanical,0.0,0 days 02:46:00,48.0,22.27469387755102,0.436734693877551,0.990204081632653,0 days 00:00:02.235000,3.0,3.0
7,2022,Monaco Grand Prix,1112,7051,22,Monte Carlo,2022-05-29 15:00:00,47,Mick Schumacher,MSC,mick_schumacher,haas,19.0,15.0,R,Accident,0.0,0 days 02:46:00,24.0,22.27469387755102,0.436734693877551,0.990204081632653,0 days 00:00:01.705000,0.0,15.0
7,2022,Monaco Grand Prix,1112,7051,22,Monte Carlo,2022-05-29 15:00:00,20,Kevin Magnussen,MAG,kevin_magnussen,haas,20.0,13.0,R,Water pressure,0.0,0 days 02:46:00,19.0,22.27469387755102,0.436734693877551,0.990204081632653,0 days 00:00:01.545000,15.0,15.0
8,2022,Azerbaijan Grand Prix,1126,7066,144,Baku,2022-06-12 15:00:00,1,Max Verstappen,VER,max_verstappen,red_bull,1.0,3.0,1,Finished,25.0,0 days 01:34:05.941000,51.0,25.43540372670807,0.0,1.529192546583851,0 days 00:00:00.347000,150.0,279.0
8,2022,Azerbaijan Grand Prix,1126,7066,144,Baku,2022-06-12 15:00:00,11,Sergio Perez,PER,perez,red_bull,2.0,2.0,2,Finished,19.0,0 days 00:00:20.823000,51.0,25.43540372670807,0.0,1.529192546583851,0 days 00:00:00.282000,129.0,279.0
8,2022,Azerbaijan Grand Prix,1126,7066,144,Baku,2022-06-12 15:00:00,63,George Russell,RUS,russell,mercedes,3.0,5.0,3,Finished,15.0,0 days 00:00:45.995000,51.0,25.43540372670807,0.0,1.529192546583851,0 days 00:00:01.353000,99.0,161.0
8,2022,Azerbaijan Grand Prix,1126,7066,144,Baku,2022-06-12 15:00:00,44,Lewis Hamilton,HAM,hamilton,mercedes,4.0,7.0,4,Finished,12.0,0 days 00:01:11.679000,51.0,25.43540372670807,0.0,1.529192546583851,0 days 00:00:01.565000,62.0,161.0
8,2022,Azerbaijan Grand Prix,1126,7066,144,Baku,2022-06-12 15:00:00,10,Pierre Gasly,GAS,gasly,alphatauri,5.0,6.0,5,Finished,10.0,0 days 00:01:17.299000,51.0,25.43540372670807,0.0,1.529192546583851,0 days 00:00:01.486000,16.0,27.0
8,2022,Azerbaijan Grand Prix,1126,7066,144,Baku,2022-06-12 15:00:00,5,Sebastian Vettel,VET,vettel,aston_martin,6.0,9.0,6,Finished,8.0,0 days 00:01:24.099000,51.0,25.43540372670807,0.0,1.529192546583851,0 days 00:00:01.732000,13.0,15.0
8,2022,Azerbaijan Grand Prix,1126,7066,144,Baku,2022-06-12 15:00:00,14,Fernando Alonso,ALO,alonso,alpine,7.0,10.0,7,Finished,6.0,0 days 00:01:28.596000,51.0,25.43540372670807,0.0,1.529192546583851,0 days 00:00:01.814000,16.0,47.0
8,2022,Azerbaijan Grand Prix,1126,7066,144,Baku,2022-06-12 15:00:00,3,Daniel Ricciardo,RIC,ricciardo,mclaren,8.0,12.0,8,Finished,4.0,0 days 00:01:32.207000,51.0,25.43540372670807,0.0,1.529192546583851,0 days 00:00:02.215000,15.0,65.0
8,2022,Azerbaijan Grand Prix,1126,7066,144,Baku,2022-06-12 15:00:00,4,Lando Norris,NOR,norris,mclaren,9.0,11.0,9,Finished,2.0,0 days 00:01:32.556000,51.0,25.43540372670807,0.0,1.529192546583851,0 days 00:00:02.039000,50.0,65.0
8,2022,Azerbaijan Grand Prix,1126,7066,144,Baku,2022-06-12 15:00:00,31,Esteban Ocon,OCO,ocon,alpine,10.0,13.0,10,Finished,1.0,0 days 00:01:48.184000,51.0,25.43540372670807,0.0,1.529192546583851,0 days 00:00:02.226000,31.0,47.0
8,2022,Azerbaijan Grand Prix,1126,7066,144,Baku,2022-06-12 15:00:00,77,Valtteri Bottas,BOT,bottas,alfa,11.0,15.0,11,+1 Lap,0.0,0 days 02:46:00,50.0,25.43540372670807,0.0,1.529192546583851,0 days 00:00:03.085000,40.0,41.0
8,2022,Azerbaijan Grand Prix,1126,7066,144,Baku,2022-06-12 15:00:00,23,Alexander Albon,ALB,albon,williams,12.0,17.0,12,+1 Lap,0.0,0 days 02:46:00,50.0,25.43540372670807,0.0,1.529192546583851,0 days 00:00:03.360000,3.0,3.0
8,2022,Azerbaijan Grand Prix,1126,7066,144,Baku,2022-06-12 15:00:00,22,Yuki Tsunoda,TSU,tsunoda,alphatauri,13.0,8.0,13,+1 Lap,0.0,0 days 02:46:00,50.0,25.43540372670807,0.0,1.529192546583851,0 days 00:00:01.697000,11.0,27.0
8,2022,Azerbaijan Grand Prix,1126,7066,144,Baku,2022-06-12 15:00:00,47,Mick Schumacher,MSC,mick_schumacher,haas,14.0,20.0,14,+1 Lap,0.0,0 days 02:46:00,50.0,25.43540372670807,0.0,1.529192546583851,0 days 00:00:04.416000,0.0,15.0
8,2022,Azerbaijan Grand Prix,1126,7066,144,Baku,2022-06-12 15:00:00,6,Nicholas Latifi,LAT,latifi,williams,15.0,18.0,15,+1 Lap,0.0,0 days 02:46:00,50.0,25.43540372670807,0.0,1.529192546583851,0 days 00:00:04.008000,0.0,3.0
8,2022,Azerbaijan Grand Prix,1126,7066,144,Baku,2022-06-12 15:00:00,18,Lance Stroll,STR,stroll,aston_martin,16.0,19.0,16,Vibrations,0.0,0 days 02:46:00,46.0,25.43540372670807,0.0,1.529192546583851,0 days 00:00:04.012000,2.0,15.0
8,2022,Azerbaijan Grand Prix,1126,7066,144,Baku,2022-06-12 15:00:00,20,Kevin Magnussen,MAG,kevin_magnussen,haas,17.0,16.0,R,Power Unit,0.0,0 days 02:46:00,31.0,25.43540372670807,0.0,1.529192546583851,0 days 00:00:03.284000,15.0,15.0
8,2022,Azerbaijan Grand Prix,1126,7066,144,Baku,2022-06-12 15:00:00,24,Guanyu Zhou,ZHO,zhou,alfa,18.0,14.0,R,Hydraulics,0.0,0 days 02:46:00,23.0,25.43540372670807,0.0,1.529192546583851,0 days 00:00:02.418000,1.0,41.0
8,2022,Azerbaijan Grand Prix,1126,7066,144,Baku,2022-06-12 15:00:00,16,Charles Leclerc,LEC,leclerc,ferrari,19.0,1.0,R,Power Unit,0.0,0 days 02:46:00,21.0,25.43540372670807,0.0,1.529192546583851,0 days 00:00:00,116.0,199.0
8,2022,Azerbaijan Grand Prix,1126,7066,144,Baku,2022-06-12 15:00:00,55,Carlos Sainz,SAI,sainz,ferrari,20.0,4.0,R,Hydraulics,0.0,0 days 02:46:00,8.0,25.43540372670807,0.0,1.529192546583851,0 days 00:00:00.455000,83.0,199.0
9,2022,Canadian Grand Prix,1113,7090,23,Montreal,2022-06-19 14:00:00,1,Max Verstappen,VER,max_verstappen,red_bull,1.0,1.0,1,Finished,25.0,0 days 01:36:21.757000,70.0,20.762962962962963,0.0,3.552469135802469,0 days 00:00:00,175.0,304.0
9,2022,Canadian Grand Prix,1113,7090,23,Montreal,2022-06-19 14:00:00,55,Carlos Sainz,SAI,sainz,ferrari,2.0,3.0,2,Finished,19.0,0 days 00:00:00.993000,70.0,20.762962962962963,0.0,3.552469135802469,0 days 00:00:00.797000,102.0,228.0
9,2022,Canadian Grand Prix,1113,7090,23,Montreal,2022-06-19 14:00:00,44,Lewis Hamilton,HAM,hamilton,mercedes,3.0,4.0,3,Finished,15.0,0 days 00:00:07.006000,70.0,20.762962962962963,0.0,3.552469135802469,0 days 00:00:01.592000,77.0,188.0
9,2022,Canadian Grand Prix,1113,7090,23,Montreal,2022-06-19 14:00:00,63,George Russell,RUS,russell,mercedes,4.0,8.0,4,Finished,12.0,0 days 00:00:12.313000,70.0,20.762962962962963,0.0,3.552469135802469,0 days 00:00:02.258000,111.0,188.0
9,2022,Canadian Grand Prix,1113,7090,23,Montreal,2022-06-19 14:00:00,16,Charles Leclerc,LEC,leclerc,ferrari,5.0,19.0,5,Finished,10.0,0 days 00:00:15.168000,70.0,20.762962962962963,0.0,3.552469135802469,0 days 00:00:11.709000,126.0,228.0
9,2022,Canadian Grand Prix,1113,7090,23,Montreal,2022-06-19 14:00:00,31,Esteban Ocon,OCO,ocon,alpine,6.0,7.0,6,Finished,8.0,0 days 00:00:23.890000,70.0,20.762962962962963,0.0,3.552469135802469,0 days 00:00:02.230000,39.0,57.0
9,2022,Canadian Grand Prix,1113,7090,23,Montreal,2022-06-19 14:00:00,77,Valtteri Bottas,BOT,bottas,alfa,7.0,11.0,7,Finished,6.0,0 days 00:00:25.247000,70.0,20.762962962962963,0.0,3.552469135802469,0 days 00:00:05.489000,46.0,51.0
9,2022,Canadian Grand Prix,1113,7090,23,Montreal,2022-06-19 14:00:00,24,Guanyu Zhou,ZHO,zhou,alfa,8.0,10.0,8,Finished,4.0,0 days 00:00:26.952000,70.0,20.762962962962963,0.0,3.552469135802469,0 days 00:00:02.731000,5.0,51.0
9,2022,Canadian Grand Prix,1113,7090,23,Montreal,2022-06-19 14:00:00,14,Fernando Alonso,ALO,alonso,alpine,9.0,2.0,9,Finished,2.0,0 days 00:00:29.945000,70.0,20.762962962962963,0.0,3.552469135802469,0 days 00:00:00.645000,18.0,57.0
9,2022,Canadian Grand Prix,1113,7090,23,Montreal,2022-06-19 14:00:00,18,Lance Stroll,STR,stroll,aston_martin,10.0,17.0,10,Finished,1.0,0 days 00:00:38.222000,70.0,20.762962962962963,0.0,3.552469135802469,0 days 00:00:14.233000,3.0,16.0
9,2022,Canadian Grand Prix,1113,7090,23,Montreal,2022-06-19 14:00:00,3,Daniel Ricciardo,RIC,ricciardo,mclaren,11.0,9.0,11,Finished,0.0,0 days 00:00:43.047000,70.0,20.762962962962963,0.0,3.552469135802469,0 days 00:00:02.450000,15.0,65.0
9,2022,Canadian Grand Prix,1113,7090,23,Montreal,2022-06-19 14:00:00,5,Sebastian Vettel,VET,vettel,aston_martin,12.0,16.0,12,Finished,0.0,0 days 00:00:44.245000,70.0,20.762962962962963,0.0,3.552469135802469,0 days 00:00:13.213000,13.0,16.0
9,2022,Canadian Grand Prix,1113,7090,23,Montreal,2022-06-19 14:00:00,23,Alexander Albon,ALB,albon,williams,13.0,12.0,13,Finished,0.0,0 days 00:00:44.893000,70.0,20.762962962962963,0.0,3.552469135802469,0 days 00:00:05.559000,3.0,3.0
9,2022,Canadian Grand Prix,1113,7090,23,Montreal,2022-06-19 14:00:00,10,Pierre Gasly,GAS,gasly,alphatauri,14.0,15.0,14,Finished,0.0,0 days 00:00:45.183000,70.0,20.762962962962963,0.0,3.552469135802469,0 days 00:00:13.193000,16.0,27.0
9,2022,Canadian Grand Prix,1113,7090,23,Montreal,2022-06-19 14:00:00,4,Lando Norris,NOR,norris,mclaren,15.0,14.0,15,Finished,0.0,0 days 00:00:52.145000,70.0,20.762962962962963,0.0,3.552469135802469,0 days 00:00:12.767000,50.0,65.0
9,2022,Canadian Grand Prix,1113,7090,23,Montreal,2022-06-19 14:00:00,6,Nicholas Latifi,LAT,latifi,williams,16.0,18.0,16,Finished,0.0,0 days 00:00:59.978000,70.0,20.762962962962963,0.0,3.552469135802469,0 days 00:00:14.361000,0.0,3.0
9,2022,Canadian Grand Prix,1113,7090,23,Montreal,2022-06-19 14:00:00,20,Kevin Magnussen,MAG,kevin_magnussen,haas,17.0,5.0,17,Finished,0.0,0 days 00:01:08.180000,70.0,20.762962962962963,0.0,3.552469135802469,0 days 00:00:01.661000,15.0,15.0
9,2022,Canadian Grand Prix,1113,7090,23,Montreal,2022-06-19 14:00:00,22,Yuki Tsunoda,TSU,tsunoda,alphatauri,18.0,20.0,R,Accident,0.0,0 days 02:46:00,47.0,20.762962962962963,0.0,3.552469135802469,0 days 00:00:15.276000,11.0,27.0
9,2022,Canadian Grand Prix,1113,7090,23,Montreal,2022-06-19 14:00:00,47,Mick Schumacher,MSC,mick_schumacher,haas,19.0,6.0,R,Engine,0.0,0 days 02:46:00,18.0,20.762962962962963,0.0,3.552469135802469,0 days 00:00:02.057000,0.0,15.0
9,2022,Canadian Grand Prix,1113,7090,23,Montreal,2022-06-19 14:00:00,11,Sergio Perez,PER,perez,red_bull,20.0,13.0,R,Gearbox,0.0,0 days 02:46:00,7.0,20.762962962962963,0.0,3.552469135802469,0 days 00:00:11.828000,129.0,304.0
10,2022,British Grand Prix,1114,7105,2,Silverstone,2022-07-03 15:00:00,55,Carlos Sainz,SAI,sainz,ferrari,1.0,1.0,1,Finished,25.0,0 days 02:17:50.311000,52.0,18.25320197044335,0.0443349753694581,1.4561576354679804,0 days 00:00:01.061000,127.0,265.0
10,2022,British Grand Prix,1114,7105,2,Silverstone,2022-07-03 15:00:00,11,Sergio Perez,PER,perez,red_bull,2.0,4.0,2,Finished,18.0,0 days 00:00:03.779000,52.0,18.25320197044335,0.0443349753694581,1.4561576354679804,0 days 00:00:01.392000,147.0,328.0
10,2022,British Grand Prix,1114,7105,2,Silverstone,2022-07-03 15:00:00,44,Lewis Hamilton,HAM,hamilton,mercedes,3.0,5.0,3,Finished,16.0,0 days 00:00:06.225000,52.0,18.25320197044335,0.0443349753694581,1.4561576354679804,0 days 00:00:01.299000,93.0,204.0
10,2022,British Grand Prix,1114,7105,2,Silverstone,2022-07-03 15:00:00,16,Charles Leclerc,LEC,leclerc,ferrari,4.0,3.0,4,Finished,12.0,0 days 00:00:08.546000,52.0,18.25320197044335,0.0443349753694581,1.4561576354679804,0 days 00:00:00.717000,138.0,265.0
10,2022,British Grand Prix,1114,7105,2,Silverstone,2022-07-03 15:00:00,14,Fernando Alonso,ALO,alonso,alpine,5.0,7.0,5,Finished,10.0,0 days 00:00:09.571000,52.0,18.25320197044335,0.0443349753694581,1.4561576354679804,0 days 00:00:02.469000,28.0,67.0
10,2022,British Grand Prix,1114,7105,2,Silverstone,2022-07-03 15:00:00,4,Lando Norris,NOR,norris,mclaren,6.0,6.0,6,Finished,8.0,0 days 00:00:11.943000,52.0,18.25320197044335,0.0443349753694581,1.4561576354679804,0 days 00:00:02.386000,58.0,73.0
10,2022,British Grand Prix,1114,7105,2,Silverstone,2022-07-03 15:00:00,1,Max Verstappen,VER,max_verstappen,red_bull,7.0,2.0,7,Finished,6.0,0 days 00:00:18.777000,52.0,18.25320197044335,0.0443349753694581,1.4561576354679804,0 days 00:00:00,181.0,328.0
10,2022,British Grand Prix,1114,7105,2,Silverstone,2022-07-03 15:00:00,47,Mick Schumacher,MSC,mick_schumacher,haas,8.0,19.0,8,Finished,4.0,0 days 00:00:18.995000,52.0,18.25320197044335,0.0443349753694581,1.4561576354679804,0 days 00:00:03.579000,4.0,20.0
10,2022,British Grand Prix,1114,7105,2,Silverstone,2022-07-03 15:00:00,5,Sebastian Vettel,VET,vettel,aston_martin,9.0,18.0,9,Finished,2.0,0 days 00:00:22.356000,52.0,18.25320197044335,0.0443349753694581,1.4561576354679804,0 days 00:00:03.537000,15.0,18.0
10,2022,British Grand Prix,1114,7105,2,Silverstone,2022-07-03 15:00:00,20,Kevin Magnussen,MAG,kevin_magnussen,haas,10.0,17.0,10,Finished,1.0,0 days 00:00:24.590000,52.0,18.25320197044335,0.0443349753694581,1.4561576354679804,0 days 00:00:03.030000,16.0,20.0
10,2022,British Grand Prix,1114,7105,2,Silverstone,2022-07-03 15:00:00,18,Lance Stroll,STR,stroll,aston_martin,11.0,20.0,11,Finished,0.0,0 days 00:00:26.147000,52.0,18.25320197044335,0.0443349753694581,1.4561576354679804,0 days 00:00:04.301000,3.0,18.0
10,2022,British Grand Prix,1114,7105,2,Silverstone,2022-07-03 15:00:00,6,Nicholas Latifi,LAT,latifi,williams,12.0,10.0,12,Finished,0.0,0 days 00:00:32.511000,52.0,18.25320197044335,0.0443349753694581,1.4561576354679804,0 days 00:00:02.869000,0.0,3.0
10,2022,British Grand Prix,1114,7105,2,Silverstone,2022-07-03 15:00:00,3,Daniel Ricciardo,RIC,ricciardo,mclaren,13.0,14.0,13,Finished,0.0,0 days 00:00:32.817000,52.0,18.25320197044335,0.0443349753694581,1.4561576354679804,0 days 00:00:02.804000,15.0,73.0
10,2022,British Grand Prix,1114,7105,2,Silverstone,2022-07-03 15:00:00,22,Yuki Tsunoda,TSU,tsunoda,alphatauri,14.0,13.0,14,Finished,0.0,0 days 00:00:40.910000,52.0,18.25320197044335,0.0443349753694581,1.4561576354679804,0 days 00:00:02.764000,11.0,27.0
10,2022,British Grand Prix,1114,7105,2,Silverstone,2022-07-03 15:00:00,31,Esteban Ocon,OCO,ocon,alpine,15.0,15.0,R,Fuel pump,0.0,0 days 02:46:00,37.0,18.25320197044335,0.0443349753694581,1.4561576354679804,0 days 00:00:02.601000,39.0,67.0
10,2022,British Grand Prix,1114,7105,2,Silverstone,2022-07-03 15:00:00,10,Pierre Gasly,GAS,gasly,alphatauri,16.0,11.0,R,Collision damage,0.0,0 days 02:46:00,26.0,18.25320197044335,0.0443349753694581,1.4561576354679804,0 days 00:00:02.551000,16.0,27.0
10,2022,British Grand Prix,1114,7105,2,Silverstone,2022-07-03 15:00:00,77,Valtteri Bottas,BOT,bottas,alfa,17.0,12.0,R,Gearbox,0.0,0 days 02:46:00,20.0,18.25320197044335,0.0443349753694581,1.4561576354679804,0 days 00:00:02.267000,46.0,51.0
10,2022,British Grand Prix,1114,7105,2,Silverstone,2022-07-03 15:00:00,63,George Russell,RUS,russell,mercedes,18.0,8.0,R,Collision,0.0,0 days 02:46:00,0.0,18.25320197044335,0.0443349753694581,1.4561576354679804,0 days 00:00:00.899000,111.0,204.0
10,2022,British Grand Prix,1114,7105,2,Silverstone,2022-07-03 15:00:00,24,Guanyu Zhou,ZHO,zhou,alfa,19.0,9.0,R,Collision,0.0,0 days 02:46:00,0.0,18.25320197044335,0.0443349753694581,1.4561576354679804,0 days 00:00:01.662000,5.0,51.0
10,2022,British Grand Prix,1114,7105,2,Silverstone,2022-07-03 15:00:00,23,Alexander Albon,ALB,albon,williams,20.0,16.0,R,Collision,0.0,0 days 02:46:00,0.0,18.25320197044335,0.0443349753694581,1.4561576354679804,0 days 00:00:02.949000,3.0,3.0
11,2022,Austrian Grand Prix,1115,7115,19,Spielberg,2022-07-10 15:00:00,16,Charles Leclerc,LEC,leclerc,ferrari,1.0,2.0,1,Finished,25.0,0 days 01:24:24.312000,71.0,20.255921052631574,0.0,1.2552631578947369,0 days 00:00:00.029000,170.0,303.0
11,2022,Austrian Grand Prix,1115,7115,19,Spielberg,2022-07-10 15:00:00,1,Max Verstappen,VER,max_verstappen,red_bull,2.0,1.0,2,Finished,19.0,0 days 00:00:01.532000,71.0,20.255921052631574,0.0,1.2552631578947369,0 days 00:00:00,208.0,359.0
11,2022,Austrian Grand Prix,1115,7115,19,Spielberg,2022-07-10 15:00:00,44,Lewis Hamilton,HAM,hamilton,mercedes,3.0,8.0,3,Finished,15.0,0 days 00:00:41.217000,71.0,20.255921052631574,0.0,1.2552631578947369,0 days 00:00:00.491000,109.0,237.0
11,2022,Austrian Grand Prix,1115,7115,19,Spielberg,2022-07-10 15:00:00,63,George Russell,RUS,russell,mercedes,4.0,4.0,4,Finished,12.0,0 days 00:00:58.972000,71.0,20.255921052631574,0.0,1.2552631578947369,0 days 00:00:00.447000,128.0,237.0
11,2022,Austrian Grand Prix,1115,7115,19,Spielberg,2022-07-10 15:00:00,31,Esteban Ocon,OCO,ocon,alpine,5.0,6.0,5,Finished,10.0,0 days 00:01:08.436000,71.0,20.255921052631574,0.0,1.2552631578947369,0 days 00:00:00.742000,52.0,81.0
11,2022,Austrian Grand Prix,1115,7115,19,Spielberg,2022-07-10 15:00:00,47,Mick Schumacher,MSC,mick_schumacher,haas,6.0,9.0,6,+1 Lap,8.0,0 days 02:46:00,70.0,20.255921052631574,0.0,1.2552631578947369,0 days 00:00:01.027000,12.0,34.0
11,2022,Austrian Grand Prix,1115,7115,19,Spielberg,2022-07-10 15:00:00,4,Lando Norris,NOR,norris,mclaren,7.0,10.0,7,+1 Lap,6.0,0 days 02:46:00,70.0,20.255921052631574,0.0,1.2552631578947369,0 days 00:00:01.346000,64.0,81.0
11,2022,Austrian Grand Prix,1115,7115,19,Spielberg,2022-07-10 15:00:00,20,Kevin Magnussen,MAG,kevin_magnussen,haas,8.0,7.0,8,+1 Lap,4.0,0 days 02:46:00,70.0,20.255921052631574,0.0,1.2552631578947369,0 days 00:00:00.895000,22.0,34.0
11,2022,Austrian Grand Prix,1115,7115,19,Spielberg,2022-07-10 15:00:00,3,Daniel Ricciardo,RIC,ricciardo,mclaren,9.0,11.0,9,+1 Lap,2.0,0 days 02:46:00,70.0,20.255921052631574,0.0,1.2552631578947369,0 days 00:00:01.629000,17.0,81.0
11,2022,Austrian Grand Prix,1115,7115,19,Spielberg,2022-07-10 15:00:00,14,Fernando Alonso,ALO,alonso,alpine,10.0,19.0,10,+1 Lap,1.0,0 days 02:46:00,70.0,20.255921052631574,0.0,1.2552631578947369,0 days 00:00:01.032000,29.0,81.0
11,2022,Austrian Grand Prix,1115,7115,19,Spielberg,2022-07-10 15:00:00,77,Valtteri Bottas,BOT,bottas,alfa,11.0,0.0,11,+1 Lap,0.0,0 days 02:46:00,70.0,20.255921052631574,0.0,1.2552631578947369,0 days 00:00:01.335000,46.0,51.0
11,2022,Austrian Grand Prix,1115,7115,19,Spielberg,2022-07-10 15:00:00,23,Alexander Albon,ALB,albon,williams,12.0,15.0,12,+1 Lap,0.0,0 days 02:46:00,70.0,20.255921052631574,0.0,1.2552631578947369,0 days 00:00:01.246000,3.0,3.0
11,2022,Austrian Grand Prix,1115,7115,19,Spielberg,2022-07-10 15:00:00,18,Lance Stroll,STR,stroll,aston_martin,13.0,12.0,13,+1 Lap,0.0,0 days 02:46:00,70.0,20.255921052631574,0.0,1.2552631578947369,0 days 00:00:01.863000,3.0,18.0
11,2022,Austrian Grand Prix,1115,7115,19,Spielberg,2022-07-10 15:00:00,24,Guanyu Zhou,ZHO,zhou,alfa,14.0,13.0,14,+1 Lap,0.0,0 days 02:46:00,70.0,20.255921052631574,0.0,1.2552631578947369,0 days 00:00:01.917000,5.0,51.0
11,2022,Austrian Grand Prix,1115,7115,19,Spielberg,2022-07-10 15:00:00,10,Pierre Gasly,GAS,gasly,alphatauri,15.0,14.0,15,+1 Lap,0.0,0 days 02:46:00,70.0,20.255921052631574,0.0,1.2552631578947369,0 days 00:00:01.176000,16.0,27.0
11,2022,Austrian Grand Prix,1115,7115,19,Spielberg,2022-07-10 15:00:00,22,Yuki Tsunoda,TSU,tsunoda,alphatauri,16.0,16.0,16,+1 Lap,0.0,0 days 02:46:00,70.0,20.255921052631574,0.0,1.2552631578947369,0 days 00:00:01.479000,11.0,27.0
11,2022,Austrian Grand Prix,1115,7115,19,Spielberg,2022-07-10 15:00:00,5,Sebastian Vettel,VET,vettel,aston_martin,17.0,18.0,17,+1 Lap,0.0,0 days 02:46:00,70.0,20.255921052631574,0.0,1.2552631578947369,0 days 00:00:02.099000,15.0,18.0
11,2022,Austrian Grand Prix,1115,7115,19,Spielberg,2022-07-10 15:00:00,55,Carlos Sainz,SAI,sainz,ferrari,18.0,3.0,R,Power Unit,0.0,0 days 02:46:00,56.0,20.255921052631574,0.0,1.2552631578947369,0 days 00:00:00.082000,133.0,303.0
11,2022,Austrian Grand Prix,1115,7115,19,Spielberg,2022-07-10 15:00:00,6,Nicholas Latifi,LAT,latifi,williams,19.0,17.0,R,Undertray,0.0,0 days 02:46:00,48.0,20.255921052631574,0.0,1.2552631578947369,0 days 00:00:02.019000,0.0,3.0
11,2022,Austrian Grand Prix,1115,7115,19,Spielberg,2022-07-10 15:00:00,11,Sergio Perez,PER,perez,red_bull,20.0,5.0,R,Collision damage,0.0,0 days 02:46:00,24.0,20.255921052631574,0.0,1.2552631578947369,0 days 00:00:01.159000,151.0,359.0
12,2022,French Grand Prix,1116,7139,28,Paul Ricard,2022-07-24 15:00:00,1,Max Verstappen,VER,max_verstappen,red_bull,1.0,2.0,1,Finished,25.0,0 days 01:30:02.112000,53.0,30.16484375,0.0,1.94609375,0 days 00:00:00.304000,233.0,396.0
12,2022,French Grand Prix,1116,7139,28,Paul Ricard,2022-07-24 15:00:00,44,Lewis Hamilton,HAM,hamilton,mercedes,2.0,4.0,2,Finished,18.0,0 days 00:00:10.587000,53.0,30.16484375,0.0,1.94609375,0 days 00:00:00.893000,127.0,270.0
12,2022,French Grand Prix,1116,7139,28,Paul Ricard,2022-07-24 15:00:00,63,George Russell,RUS,russell,mercedes,3.0,6.0,3,Finished,15.0,0 days 00:00:16.495000,53.0,30.16484375,0.0,1.94609375,0 days 00:00:01.259000,143.0,270.0
12,2022,French Grand Prix,1116,7139,28,Paul Ricard,2022-07-24 15:00:00,11,Sergio Perez,PER,perez,red_bull,4.0,3.0,4,Finished,12.0,0 days 00:00:17.310000,53.0,30.16484375,0.0,1.94609375,0 days 00:00:00.463000,163.0,396.0
12,2022,French Grand Prix,1116,7139,28,Paul Ricard,2022-07-24 15:00:00,55,Carlos Sainz,SAI,sainz,ferrari,5.0,19.0,5,Finished,11.0,0 days 00:00:28.872000,53.0,30.16484375,0.0,1.94609375,0 days 00:00:00.209000,144.0,314.0
12,2022,French Grand Prix,1116,7139,28,Paul Ricard,2022-07-24 15:00:00,14,Fernando Alonso,ALO,alonso,alpine,6.0,7.0,6,Finished,8.0,0 days 00:00:42.879000,53.0,30.16484375,0.0,1.94609375,0 days 00:00:01.680000,37.0,93.0
12,2022,French Grand Prix,1116,7139,28,Paul Ricard,2022-07-24 15:00:00,4,Lando Norris,NOR,norris,mclaren,7.0,5.0,7,Finished,6.0,0 days 00:00:52.026000,53.0,30.16484375,0.0,1.94609375,0 days 00:00:01.160000,70.0,89.0
12,2022,French Grand Prix,1116,7139,28,Paul Ricard,2022-07-24 15:00:00,31,Esteban Ocon,OCO,ocon,alpine,8.0,10.0,8,Finished,4.0,0 days 00:00:56.959000,53.0,30.16484375,0.0,1.94609375,0 days 00:00:02.176000,56.0,93.0
12,2022,French Grand Prix,1116,7139,28,Paul Ricard,2022-07-24 15:00:00,3,Daniel Ricciardo,RIC,ricciardo,mclaren,9.0,9.0,9,Finished,2.0,0 days 00:01:00.372000,53.0,30.16484375,0.0,1.94609375,0 days 00:00:02.050000,19.0,89.0
12,2022,French Grand Prix,1116,7139,28,Paul Ricard,2022-07-24 15:00:00,18,Lance Stroll,STR,stroll,aston_martin,10.0,15.0,10,Finished,1.0,0 days 00:01:02.549000,53.0,30.16484375,0.0,1.94609375,0 days 00:00:02.567000,4.0,19.0
12,2022,French Grand Prix,1116,7139,28,Paul Ricard,2022-07-24 15:00:00,5,Sebastian Vettel,VET,vettel,aston_martin,11.0,12.0,11,Finished,0.0,0 days 00:01:04.494000,53.0,30.16484375,0.0,1.94609375,0 days 00:00:02.404000,15.0,19.0
12,2022,French Grand Prix,1116,7139,28,Paul Ricard,2022-07-24 15:00:00,10,Pierre Gasly,GAS,gasly,alphatauri,12.0,14.0,12,Finished,0.0,0 days 00:01:05.448000,53.0,30.16484375,0.0,1.94609375,0 days 00:00:02.567000,16.0,27.0
12,2022,French Grand Prix,1116,7139,28,Paul Ricard,2022-07-24 15:00:00,23,Alexander Albon,ALB,albon,williams,13.0,13.0,13,Finished,0.0,0 days 00:01:08.565000,53.0,30.16484375,0.0,1.94609375,0 days 00:00:02.435000,3.0,3.0
12,2022,French Grand Prix,1116,7139,28,Paul Ricard,2022-07-24 15:00:00,77,Valtteri Bottas,BOT,bottas,alfa,14.0,11.0,14,Finished,0.0,0 days 00:01:16.666000,53.0,30.16484375,0.0,1.94609375,0 days 00:00:02.162000,46.0,51.0
12,2022,French Grand Prix,1116,7139,28,Paul Ricard,2022-07-24 15:00:00,47,Mick Schumacher,MSC,mick_schumacher,haas,15.0,17.0,15,Finished,0.0,0 days 00:01:20.394000,53.0,30.16484375,0.0,1.94609375,0 days 00:00:02.829000,12.0,34.0
12,2022,French Grand Prix,1116,7139,28,Paul Ricard,2022-07-24 15:00:00,24,Guanyu Zhou,ZHO,zhou,alfa,16.0,16.0,16,+6 Laps,0.0,0 days 02:46:00,47.0,30.16484375,0.0,1.94609375,0 days 00:00:02.802000,5.0,51.0
12,2022,French Grand Prix,1116,7139,28,Paul Ricard,2022-07-24 15:00:00,6,Nicholas Latifi,LAT,latifi,williams,17.0,18.0,R,Collision damage,0.0,0 days 02:46:00,40.0,30.16484375,0.0,1.94609375,0 days 00:00:02.922000,0.0,3.0
12,2022,French Grand Prix,1116,7139,28,Paul Ricard,2022-07-24 15:00:00,20,Kevin Magnussen,MAG,kevin_magnussen,haas,18.0,20.0,R,Collision damage,0.0,0 days 02:46:00,37.0,30.16484375,0.0,1.94609375,0 days 00:00:01.777000,22.0,34.0
12,2022,French Grand Prix,1116,7139,28,Paul Ricard,2022-07-24 15:00:00,16,Charles Leclerc,LEC,leclerc,ferrari,19.0,1.0,R,Accident,0.0,0 days 02:46:00,17.0,30.16484375,0.0,1.94609375,0 days 00:00:00,170.0,314.0
12,2022,French Grand Prix,1116,7139,28,Paul Ricard,2022-07-24 15:00:00,22,Yuki Tsunoda,TSU,tsunoda,alphatauri,20.0,8.0,R,Undertray,0.0,0 days 02:46:00,17.0,30.16484375,0.0,1.94609375,0 days 00:00:01.908000,11.0,27.0
13,2022,Hungarian Grand Prix,1117,7149,4,Hungaroring,2022-07-31 15:00:00,1,Max Verstappen,VER,max_verstappen,red_bull,1.0,10.0,1,Finished,25.0,0 days 01:39:35.912000,70.0,18.559880239520957,0.2754491017964072,4.0341317365269465,0 days 00:00:00.326000,258.0,431.0
13,2022,Hungarian Grand Prix,1117,7149,4,Hungaroring,2022-07-31 15:00:00,44,Lewis Hamilton,HAM,hamilton,mercedes,2.0,7.0,2,Finished,19.0,0 days 00:00:07.834000,70.0,18.559880239520957,0.2754491017964072,4.0341317365269465,0 days 00:00:00.658000,146.0,304.0
13,2022,Hungarian Grand Prix,1117,7149,4,Hungaroring,2022-07-31 15:00:00,63,George Russell,RUS,russell,mercedes,3.0,1.0,3,Finished,15.0,0 days 00:00:12.337000,70.0,18.559880239520957,0.2754491017964072,4.0341317365269465,0 days 00:00:00,158.0,304.0
13,2022,Hungarian Grand Prix,1117,7149,4,Hungaroring,2022-07-31 15:00:00,55,Carlos Sainz,SAI,sainz,ferrari,4.0,2.0,4,Finished,12.0,0 days 00:00:14.579000,70.0,18.559880239520957,0.2754491017964072,4.0341317365269465,0 days 00:00:00.044000,156.0,334.0
13,2022,Hungarian Grand Prix,1117,7149,4,Hungaroring,2022-07-31 15:00:00,11,Sergio Perez,PER,perez,red_bull,5.0,11.0,5,Finished,10.0,0 days 00:00:15.688000,70.0,18.559880239520957,0.2754491017964072,4.0341317365269465,0 days 00:00:01.139000,173.0,431.0
13,2022,Hungarian Grand Prix,1117,7149,4,Hungaroring,2022-07-31 15:00:00,16,Charles Leclerc,LEC,leclerc,ferrari,6.0,3.0,6,Finished,8.0,0 days 00:00:16.047000,70.0,18.559880239520957,0.2754491017964072,4.0341317365269465,0 days 00:00:00.190000,178.0,334.0
13,2022,Hungarian Grand Prix,1117,7149,4,Hungaroring,2022-07-31 15:00:00,4,Lando Norris,NOR,norris,mclaren,7.0,4.0,7,Finished,6.0,0 days 00:01:18.300000,70.0,18.559880239520957,0.2754491017964072,4.0341317365269465,0 days 00:00:00.392000,76.0,95.0
13,2022,Hungarian Grand Prix,1117,7149,4,Hungaroring,2022-07-31 15:00:00,14,Fernando Alonso,ALO,alonso,alpine,8.0,6.0,8,+1 Lap,4.0,0 days 02:46:00,69.0,18.559880239520957,0.2754491017964072,4.0341317365269465,0 days 00:00:00.527000,41.0,99.0
13,2022,Hungarian Grand Prix,1117,7149,4,Hungaroring,2022-07-31 15:00:00,31,Esteban Ocon,OCO,ocon,alpine,9.0,5.0,9,+1 Lap,2.0,0 days 02:46:00,69.0,18.559880239520957,0.2754491017964072,4.0341317365269465,0 days 00:00:00.641000,58.0,99.0
13,2022,Hungarian Grand Prix,1117,7149,4,Hungaroring,2022-07-31 15:00:00,5,Sebastian Vettel,VET,vettel,aston_martin,10.0,18.0,10,+1 Lap,1.0,0 days 02:46:00,69.0,18.559880239520957,0.2754491017964072,4.0341317365269465,0 days 00:00:01.896000,16.0,20.0
13,2022,Hungarian Grand Prix,1117,7149,4,Hungaroring,2022-07-31 15:00:00,18,Lance Stroll,STR,stroll,aston_martin,11.0,14.0,11,+1 Lap,0.0,0 days 02:46:00,69.0,18.559880239520957,0.2754491017964072,4.0341317365269465,0 days 00:00:01.760000,4.0,20.0
13,2022,Hungarian Grand Prix,1117,7149,4,Hungaroring,2022-07-31 15:00:00,10,Pierre Gasly,GAS,gasly,alphatauri,12.0,0.0,12,+1 Lap,0.0,0 days 02:46:00,69.0,18.559880239520957,0.2754491017964072,4.0341317365269465,0 days 00:00:02.150000,16.0,27.0
13,2022,Hungarian Grand Prix,1117,7149,4,Hungaroring,2022-07-31 15:00:00,24,Guanyu Zhou,ZHO,zhou,alfa,13.0,12.0,13,+1 Lap,0.0,0 days 02:46:00,69.0,18.559880239520957,0.2754491017964072,4.0341317365269465,0 days 00:00:01.196000,5.0,51.0
13,2022,Hungarian Grand Prix,1117,7149,4,Hungaroring,2022-07-31 15:00:00,47,Mick Schumacher,MSC,mick_schumacher,haas,14.0,15.0,14,+1 Lap,0.0,0 days 02:46:00,69.0,18.559880239520957,0.2754491017964072,4.0341317365269465,0 days 00:00:01.787000,12.0,34.0
13,2022,Hungarian Grand Prix,1117,7149,4,Hungaroring,2022-07-31 15:00:00,3,Daniel Ricciardo,RIC,ricciardo,mclaren,15.0,9.0,15,+1 Lap,0.0,0 days 02:46:00,69.0,18.559880239520957,0.2754491017964072,4.0341317365269465,0 days 00:00:00.821000,19.0,95.0
13,2022,Hungarian Grand Prix,1117,7149,4,Hungaroring,2022-07-31 15:00:00,20,Kevin Magnussen,MAG,kevin_magnussen,haas,16.0,13.0,16,+1 Lap,0.0,0 days 02:46:00,69.0,18.559880239520957,0.2754491017964072,4.0341317365269465,0 days 00:00:01.448000,22.0,34.0
13,2022,Hungarian Grand Prix,1117,7149,4,Hungaroring,2022-07-31 15:00:00,23,Alexander Albon,ALB,albon,williams,17.0,17.0,17,+1 Lap,0.0,0 days 02:46:00,69.0,18.559880239520957,0.2754491017964072,4.0341317365269465,0 days 00:00:01.879000,3.0,3.0
13,2022,Hungarian Grand Prix,1117,7149,4,Hungaroring,2022-07-31 15:00:00,6,Nicholas Latifi,LAT,latifi,williams,18.0,19.0,18,+1 Lap,0.0,0 days 02:46:00,69.0,18.559880239520957,0.2754491017964072,4.0341317365269465,0 days 00:00:02.193000,0.0,3.0
13,2022,Hungarian Grand Prix,1117,7149,4,Hungaroring,2022-07-31 15:00:00,22,Yuki Tsunoda,TSU,tsunoda,alphatauri,19.0,16.0,19,+2 Laps,0.0,0 days 02:46:00,68.0,18.559880239520957,0.2754491017964072,4.0341317365269465,0 days 00:00:01.863000,11.0,27.0
13,2022,Hungarian Grand Prix,1117,7149,4,Hungaroring,2022-07-31 15:00:00,77,Valtteri Bottas,BOT,bottas,alfa,20.0,8.0,20,Power Unit,0.0,0 days 02:46:00,65.0,18.559880239520957,0.2754491017964072,4.0341317365269465,0 days 00:00:00.780000,46.0,51.0
14,2022,Belgian Grand Prix,1118,7159,7,Spa-Francorchamps,2022-08-28 15:00:00,1,Max Verstappen,VER,max_verstappen,red_bull,1.0,14.0,1,Finished,26.0,0 days 01:25:52.894000,44.0,21.78717948717949,0.0,1.5192307692307692,0 days 00:00:00,284.0,475.0
14,2022,Belgian Grand Prix,1118,7159,7,Spa-Francorchamps,2022-08-28 15:00:00,11,Sergio Perez,PER,perez,red_bull,2.0,2.0,2,Finished,18.0,0 days 00:00:17.841000,44.0,21.78717948717949,0.0,1.5192307692307692,0 days 00:00:00.797000,191.0,475.0
14,2022,Belgian Grand Prix,1118,7159,7,Spa-Francorchamps,2022-08-28 15:00:00,55,Carlos Sainz,SAI,sainz,ferrari,3.0,1.0,3,Finished,15.0,0 days 00:00:26.886000,44.0,21.78717948717949,0.0,1.5192307692307692,0 days 00:00:00.632000,171.0,357.0
14,2022,Belgian Grand Prix,1118,7159,7,Spa-Francorchamps,2022-08-28 15:00:00,63,George Russell,RUS,russell,mercedes,4.0,5.0,4,Finished,12.0,0 days 00:00:29.140000,44.0,21.78717948717949,0.0,1.5192307692307692,0 days 00:00:01.796000,170.0,316.0
14,2022,Belgian Grand Prix,1118,7159,7,Spa-Francorchamps,2022-08-28 15:00:00,14,Fernando Alonso,ALO,alonso,alpine,5.0,3.0,5,Finished,10.0,0 days 00:01:13.256000,44.0,21.78717948717949,0.0,1.5192307692307692,0 days 00:00:01.703000,51.0,115.0
14,2022,Belgian Grand Prix,1118,7159,7,Spa-Francorchamps,2022-08-28 15:00:00,16,Charles Leclerc,LEC,leclerc,ferrari,6.0,15.0,6,Finished,8.0,0 days 00:01:14.936000,44.0,21.78717948717949,0.0,1.5192307692307692,0 days 00:00:00.886000,186.0,357.0
14,2022,Belgian Grand Prix,1118,7159,7,Spa-Francorchamps,2022-08-28 15:00:00,31,Esteban Ocon,OCO,ocon,alpine,7.0,16.0,7,Finished,6.0,0 days 00:01:15.640000,44.0,21.78717948717949,0.0,1.5192307692307692,0 days 00:00:01.515000,64.0,115.0
14,2022,Belgian Grand Prix,1118,7159,7,Spa-Francorchamps,2022-08-28 15:00:00,5,Sebastian Vettel,VET,vettel,aston_martin,8.0,10.0,8,Finished,4.0,0 days 00:01:18.107000,44.0,21.78717948717949,0.0,1.5192307692307692,0 days 00:00:02.679000,20.0,24.0
14,2022,Belgian Grand Prix,1118,7159,7,Spa-Francorchamps,2022-08-28 15:00:00,10,Pierre Gasly,GAS,gasly,alphatauri,9.0,0.0,9,Finished,2.0,0 days 00:01:32.181000,44.0,21.78717948717949,0.0,1.5192307692307692,0 days 00:00:02.162000,18.0,29.0
14,2022,Belgian Grand Prix,1118,7159,7,Spa-Francorchamps,2022-08-28 15:00:00,23,Alexander Albon,ALB,albon,williams,10.0,6.0,10,Finished,1.0,0 days 00:01:41.900000,44.0,21.78717948717949,0.0,1.5192307692307692,0 days 00:00:02.007000,4.0,4.0
14,2022,Belgian Grand Prix,1118,7159,7,Spa-Francorchamps,2022-08-28 15:00:00,18,Lance Stroll,STR,stroll,aston_martin,11.0,9.0,11,Finished,0.0,0 days 00:01:43.078000,44.0,21.78717948717949,0.0,1.5192307692307692,0 days 00:00:02.591000,4.0,24.0
14,2022,Belgian Grand Prix,1118,7159,7,Spa-Francorchamps,2022-08-28 15:00:00,4,Lando Norris,NOR,norris,mclaren,12.0,17.0,12,Finished,0.0,0 days 00:01:44.739000,44.0,21.78717948717949,0.0,1.5192307692307692,0 days 00:00:01.938000,76.0,95.0
14,2022,Belgian Grand Prix,1118,7159,7,Spa-Francorchamps,2022-08-28 15:00:00,22,Yuki Tsunoda,TSU,tsunoda,alphatauri,13.0,0.0,13,Finished,0.0,0 days 00:01:45.217000,44.0,21.78717948717949,0.0,1.5192307692307692,0 days 00:00:03.027000,11.0,29.0
14,2022,Belgian Grand Prix,1118,7159,7,Spa-Francorchamps,2022-08-28 15:00:00,24,Guanyu Zhou,ZHO,zhou,alfa,14.0,18.0,14,Finished,0.0,0 days 00:01:46.252000,44.0,21.78717948717949,0.0,1.5192307692307692,0 days 00:00:02.420000,5.0,51.0
14,2022,Belgian Grand Prix,1118,7159,7,Spa-Francorchamps,2022-08-28 15:00:00,3,Daniel Ricciardo,RIC,ricciardo,mclaren,15.0,7.0,15,Finished,0.0,0 days 00:01:47.163000,44.0,21.78717948717949,0.0,1.5192307692307692,0 days 00:00:02.102000,19.0,95.0
14,2022,Belgian Grand Prix,1118,7159,7,Spa-Francorchamps,2022-08-28 15:00:00,20,Kevin Magnussen,MAG,kevin_magnussen,haas,16.0,12.0,16,+1 Lap,0.0,0 days 02:46:00,43.0,21.78717948717949,0.0,1.5192307692307692,0 days 00:00:02.892000,22.0,34.0
14,2022,Belgian Grand Prix,1118,7159,7,Spa-Francorchamps,2022-08-28 15:00:00,47,Mick Schumacher,MSC,mick_schumacher,haas,17.0,19.0,17,+1 Lap,0.0,0 days 02:46:00,43.0,21.78717948717949,0.0,1.5192307692307692,0 days 00:00:02.677000,12.0,34.0
14,2022,Belgian Grand Prix,1118,7159,7,Spa-Francorchamps,2022-08-28 15:00:00,6,Nicholas Latifi,LAT,latifi,williams,18.0,11.0,18,+1 Lap,0.0,0 days 02:46:00,43.0,21.78717948717949,0.0,1.5192307692307692,0 days 00:00:02.736000,0.0,4.0
14,2022,Belgian Grand Prix,1118,7159,7,Spa-Francorchamps,2022-08-28 15:00:00,77,Valtteri Bottas,BOT,bottas,alfa,19.0,13.0,R,Accident,0.0,0 days 02:46:00,1.0,21.78717948717949,0.0,1.5192307692307692,0 days 00:00:04.201000,46.0,51.0
14,2022,Belgian Grand Prix,1118,7159,7,Spa-Francorchamps,2022-08-28 15:00:00,44,Lewis Hamilton,HAM,hamilton,mercedes,20.0,4.0,R,Collision damage,0.0,0 days 02:46:00,0.0,21.78717948717949,0.0,1.5192307692307692,0 days 00:00:01.755000,146.0,316.0
15,2022,Dutch Grand Prix,1119,7137,55,Zandvoort,2022-09-04 15:00:00,1,Max Verstappen,VER,max_verstappen,red_bull,1.0,1.0,1,Finished,26.0,0 days 01:36:42.773000,72.0,22.73006134969325,0.0,1.061963190184049,0 days 00:00:00,310.0,511.0
15,2022,Dutch Grand Prix,1119,7137,55,Zandvoort,2022-09-04 15:00:00,63,George Russell,RUS,russell,mercedes,2.0,6.0,2,Finished,18.0,0 days 00:00:04.071000,72.0,22.73006134969325,0.0,1.061963190184049,0 days 00:00:00.482000,188.0,346.0
15,2022,Dutch Grand Prix,1119,7137,55,Zandvoort,2022-09-04 15:00:00,16,Charles Leclerc,LEC,leclerc,ferrari,3.0,2.0,3,Finished,15.0,0 days 00:00:10.929000,72.0,22.73006134969325,0.0,1.061963190184049,0 days 00:00:00.021000,201.0,376.0
15,2022,Dutch Grand Prix,1119,7137,55,Zandvoort,2022-09-04 15:00:00,44,Lewis Hamilton,HAM,hamilton,mercedes,4.0,4.0,4,Finished,12.0,0 days 00:00:13.016000,72.0,22.73006134969325,0.0,1.061963190184049,0 days 00:00:00.306000,158.0,346.0
15,2022,Dutch Grand Prix,1119,7137,55,Zandvoort,2022-09-04 15:00:00,11,Sergio Perez,PER,perez,red_bull,5.0,5.0,5,Finished,10.0,0 days 00:00:18.168000,72.0,22.73006134969325,0.0,1.061963190184049,0 days 00:00:00.735000,201.0,511.0
15,2022,Dutch Grand Prix,1119,7137,55,Zandvoort,2022-09-04 15:00:00,14,Fernando Alonso,ALO,alonso,alpine,6.0,13.0,6,Finished,8.0,0 days 00:00:18.754000,72.0,22.73006134969325,0.0,1.061963190184049,0 days 00:00:01.271000,59.0,125.0
15,2022,Dutch Grand Prix,1119,7137,55,Zandvoort,2022-09-04 15:00:00,4,Lando Norris,NOR,norris,mclaren,7.0,7.0,7,Finished,6.0,0 days 00:00:19.306000,72.0,22.73006134969325,0.0,1.061963190184049,0 days 00:00:00.774000,82.0,101.0
15,2022,Dutch Grand Prix,1119,7137,55,Zandvoort,2022-09-04 15:00:00,55,Carlos Sainz,SAI,sainz,ferrari,8.0,3.0,8,Finished,4.0,0 days 00:00:20.916000,72.0,22.73006134969325,0.0,1.061963190184049,0 days 00:00:00.092000,175.0,376.0
15,2022,Dutch Grand Prix,1119,7137,55,Zandvoort,2022-09-04 15:00:00,31,Esteban Ocon,OCO,ocon,alpine,9.0,12.0,9,Finished,2.0,0 days 00:00:21.117000,72.0,22.73006134969325,0.0,1.061963190184049,0 days 00:00:01.263000,66.0,125.0
15,2022,Dutch Grand Prix,1119,7137,55,Zandvoort,2022-09-04 15:00:00,18,Lance Stroll,STR,stroll,aston_martin,10.0,10.0,10,Finished,1.0,0 days 00:00:22.459000,72.0,22.73006134969325,0.0,1.061963190184049,0 days 00:00:01.074000,5.0,25.0
15,2022,Dutch Grand Prix,1119,7137,55,Zandvoort,2022-09-04 15:00:00,10,Pierre Gasly,GAS,gasly,alphatauri,11.0,11.0,11,Finished,0.0,0 days 00:00:27.009000,72.0,22.73006134969325,0.0,1.061963190184049,0 days 00:00:01.170000,18.0,29.0
15,2022,Dutch Grand Prix,1119,7137,55,Zandvoort,2022-09-04 15:00:00,23,Alexander Albon,ALB,albon,williams,12.0,15.0,12,Finished,0.0,0 days 00:00:30.390000,72.0,22.73006134969325,0.0,1.061963190184049,0 days 00:00:01.353000,4.0,4.0
15,2022,Dutch Grand Prix,1119,7137,55,Zandvoort,2022-09-04 15:00:00,47,Mick Schumacher,MSC,mick_schumacher,haas,13.0,8.0,13,Finished,0.0,0 days 00:00:32.995000,72.0,22.73006134969325,0.0,1.061963190184049,0 days 00:00:01.078000,12.0,34.0
15,2022,Dutch Grand Prix,1119,7137,55,Zandvoort,2022-09-04 15:00:00,5,Sebastian Vettel,VET,vettel,aston_martin,14.0,19.0,14,Finished,0.0,0 days 00:00:36.007000,72.0,22.73006134969325,0.0,1.061963190184049,0 days 00:00:02.049000,20.0,25.0
15,2022,Dutch Grand Prix,1119,7137,55,Zandvoort,2022-09-04 15:00:00,20,Kevin Magnussen,MAG,kevin_magnussen,haas,15.0,18.0,15,Finished,0.0,0 days 00:00:36.869000,72.0,22.73006134969325,0.0,1.061963190184049,0 days 00:00:01.977000,22.0,34.0
15,2022,Dutch Grand Prix,1119,7137,55,Zandvoort,2022-09-04 15:00:00,24,Guanyu Zhou,ZHO,zhou,alfa,16.0,14.0,16,Finished,0.0,0 days 00:00:37.320000,72.0,22.73006134969325,0.0,1.061963190184049,0 days 00:00:01.362000,5.0,51.0
15,2022,Dutch Grand Prix,1119,7137,55,Zandvoort,2022-09-04 15:00:00,3,Daniel Ricciardo,RIC,ricciardo,mclaren,17.0,17.0,17,Finished,0.0,0 days 00:00:37.764000,72.0,22.73006134969325,0.0,1.061963190184049,0 days 00:00:01.739000,19.0,101.0
15,2022,Dutch Grand Prix,1119,7137,55,Zandvoort,2022-09-04 15:00:00,6,Nicholas Latifi,LAT,latifi,williams,18.0,20.0,18,+1 Lap,0.0,0 days 02:46:00,71.0,22.73006134969325,0.0,1.061963190184049,0 days 00:00:03.011000,0.0,4.0
15,2022,Dutch Grand Prix,1119,7137,55,Zandvoort,2022-09-04 15:00:00,77,Valtteri Bottas,BOT,bottas,alfa,19.0,16.0,R,Engine,0.0,0 days 02:46:00,53.0,22.73006134969325,0.0,1.061963190184049,0 days 00:00:01.619000,46.0,51.0
15,2022,Dutch Grand Prix,1119,7137,55,Zandvoort,2022-09-04 15:00:00,22,Yuki Tsunoda,TSU,tsunoda,alphatauri,20.0,9.0,R,Differential,0.0,0 days 02:46:00,43.0,22.73006134969325,0.0,1.061963190184049,0 days 00:00:01.085000,11.0,29.0
16,2022,Italian Grand Prix,1120,7128,39,Monza,2022-09-11 15:00:00,1,Max Verstappen,VER,max_verstappen,red_bull,1.0,7.0,1,Finished,25.0,0 days 01:20:27.511000,53.0,27.73469387755102,0.0,1.3612244897959185,0 days 00:00:00.145000,335.0,545.0
16,2022,Italian Grand Prix,1120,7128,39,Monza,2022-09-11 15:00:00,16,Charles Leclerc,LEC,leclerc,ferrari,2.0,1.0,2,Finished,18.0,0 days 00:00:02.446000,53.0,27.73469387755102,0.0,1.3612244897959185,0 days 00:00:00,219.0,406.0
16,2022,Italian Grand Prix,1120,7128,39,Monza,2022-09-11 15:00:00,63,George Russell,RUS,russell,mercedes,3.0,2.0,3,Finished,15.0,0 days 00:00:03.405000,53.0,27.73469387755102,0.0,1.3612244897959185,0 days 00:00:01.381000,203.0,371.0
16,2022,Italian Grand Prix,1120,7128,39,Monza,2022-09-11 15:00:00,55,Carlos Sainz,SAI,sainz,ferrari,4.0,18.0,4,Finished,12.0,0 days 00:00:05.061000,53.0,27.73469387755102,0.0,1.3612244897959185,0 days 00:00:00.268000,187.0,406.0
16,2022,Italian Grand Prix,1120,7128,39,Monza,2022-09-11 15:00:00,44,Lewis Hamilton,HAM,hamilton,mercedes,5.0,19.0,5,Finished,10.0,0 days 00:00:05.380000,53.0,27.73469387755102,0.0,1.3612244897959185,0 days 00:00:01.363000,168.0,371.0
16,2022,Italian Grand Prix,1120,7128,39,Monza,2022-09-11 15:00:00,11,Sergio Perez,PER,perez,red_bull,6.0,13.0,6,Finished,9.0,0 days 00:00:06.091000,53.0,27.73469387755102,0.0,1.3612244897959185,0 days 00:00:01.045000,210.0,545.0
16,2022,Italian Grand Prix,1120,7128,39,Monza,2022-09-11 15:00:00,4,Lando Norris,NOR,norris,mclaren,7.0,3.0,7,Finished,6.0,0 days 00:00:06.207000,53.0,27.73469387755102,0.0,1.3612244897959185,0 days 00:00:01.423000,88.0,107.0
16,2022,Italian Grand Prix,1120,7128,39,Monza,2022-09-11 15:00:00,10,Pierre Gasly,GAS,gasly,alphatauri,8.0,5.0,8,Finished,4.0,0 days 00:00:06.396000,53.0,27.73469387755102,0.0,1.3612244897959185,0 days 00:00:01.849000,22.0,33.0
16,2022,Italian Grand Prix,1120,7128,39,Monza,2022-09-11 15:00:00,45,Nyck De Vries,DEV,de_vries,williams,9.0,8.0,9,Finished,2.0,0 days 00:00:07.122000,53.0,27.73469387755102,0.0,1.3612244897959185,0 days 00:00:02.310000,2.0,6.0
16,2022,Italian Grand Prix,1120,7128,39,Monza,2022-09-11 15:00:00,24,Guanyu Zhou,ZHO,zhou,alfa,10.0,9.0,10,Finished,1.0,0 days 00:00:07.910000,53.0,27.73469387755102,0.0,1.3612244897959185,0 days 00:00:01.842000,6.0,52.0
16,2022,Italian Grand Prix,1120,7128,39,Monza,2022-09-11 15:00:00,31,Esteban Ocon,OCO,ocon,alpine,11.0,14.0,11,Finished,0.0,0 days 00:00:08.323000,53.0,27.73469387755102,0.0,1.3612244897959185,0 days 00:00:01.969000,66.0,125.0
16,2022,Italian Grand Prix,1120,7128,39,Monza,2022-09-11 15:00:00,47,Mick Schumacher,MSC,mick_schumacher,haas,12.0,17.0,12,Finished,0.0,0 days 00:00:08.549000,53.0,27.73469387755102,0.0,1.3612244897959185,0 days 00:00:02.844000,12.0,34.0
16,2022,Italian Grand Prix,1120,7128,39,Monza,2022-09-11 15:00:00,77,Valtteri Bottas,BOT,bottas,alfa,13.0,15.0,13,+1 Lap,0.0,0 days 02:46:00,52.0,27.73469387755102,0.0,1.3612244897959185,0 days 00:00:02.074000,46.0,52.0
16,2022,Italian Grand Prix,1120,7128,39,Monza,2022-09-11 15:00:00,22,Yuki Tsunoda,TSU,tsunoda,alphatauri,14.0,20.0,14,+1 Lap,0.0,0 days 02:46:00,52.0,27.73469387755102,0.0,1.3612244897959185,0 days 00:00:01.859000,11.0,33.0
16,2022,Italian Grand Prix,1120,7128,39,Monza,2022-09-11 15:00:00,6,Nicholas Latifi,LAT,latifi,williams,15.0,10.0,15,+1 Lap,0.0,0 days 02:46:00,52.0,27.73469387755102,0.0,1.3612244897959185,0 days 00:00:02.426000,0.0,6.0
16,2022,Italian Grand Prix,1120,7128,39,Monza,2022-09-11 15:00:00,20,Kevin Magnussen,MAG,kevin_magnussen,haas,16.0,16.0,16,+1 Lap,0.0,0 days 02:46:00,52.0,27.73469387755102,0.0,1.3612244897959185,0 days 00:00:02.747000,22.0,34.0
16,2022,Italian Grand Prix,1120,7128,39,Monza,2022-09-11 15:00:00,3,Daniel Ricciardo,RIC,ricciardo,mclaren,17.0,4.0,R,Oil leak,0.0,0 days 02:46:00,45.0,27.73469387755102,0.0,1.3612244897959185,0 days 00:00:01.694000,19.0,107.0
16,2022,Italian Grand Prix,1120,7128,39,Monza,2022-09-11 15:00:00,18,Lance Stroll,STR,stroll,aston_martin,18.0,12.0,R,Engine,0.0,0 days 02:46:00,39.0,27.73469387755102,0.0,1.3612244897959185,0 days 00:00:02.587000,5.0,25.0
16,2022,Italian Grand Prix,1120,7128,39,Monza,2022-09-11 15:00:00,14,Fernando Alonso,ALO,alonso,alpine,19.0,6.0,R,Water pressure,0.0,0 days 02:46:00,31.0,27.73469387755102,0.0,1.3612244897959185,0 days 00:00:01.700000,59.0,125.0
16,2022,Italian Grand Prix,1120,7128,39,Monza,2022-09-11 15:00:00,5,Sebastian Vettel,VET,vettel,aston_martin,20.0,11.0,R,Engine,0.0,0 days 02:46:00,10.0,27.73469387755102,0.0,1.3612244897959185,0 days 00:00:02.475000,20.0,25.0
17,2022,Singapore Grand Prix,1133,7236,61,Singapore,2022-10-02 20:00:00,11,Sergio Perez,PER,perez,red_bull,1.0,2.0,1,Finished,25.0,0 days 02:02:20.238000,59.0,26.232549019607845,0.1803921568627451,0.9298039215686276,0 days 00:00:00.022000,235.0,576.0
17,2022,Singapore Grand Prix,1133,7236,61,Singapore,2022-10-02 20:00:00,16,Charles Leclerc,LEC,leclerc,ferrari,2.0,1.0,2,Finished,18.0,0 days 00:00:02.595000,59.0,26.232549019607845,0.1803921568627451,0.9298039215686276,0 days 00:00:00,237.0,439.0
17,2022,Singapore Grand Prix,1133,7236,61,Singapore,2022-10-02 20:00:00,55,Carlos Sainz,SAI,sainz,ferrari,3.0,4.0,3,Finished,15.0,0 days 00:00:10.305000,59.0,26.232549019607845,0.1803921568627451,0.9298039215686276,0 days 00:00:00.171000,202.0,439.0
17,2022,Singapore Grand Prix,1133,7236,61,Singapore,2022-10-02 20:00:00,4,Lando Norris,NOR,norris,mclaren,4.0,6.0,4,Finished,12.0,0 days 00:00:21.133000,59.0,26.232549019607845,0.1803921568627451,0.9298039215686276,0 days 00:00:01.172000,100.0,129.0
17,2022,Singapore Grand Prix,1133,7236,61,Singapore,2022-10-02 20:00:00,3,Daniel Ricciardo,RIC,ricciardo,mclaren,5.0,16.0,5,Finished,10.0,0 days 00:00:53.282000,59.0,26.232549019607845,0.1803921568627451,0.9298039215686276,0 days 00:00:06.814000,29.0,129.0
17,2022,Singapore Grand Prix,1133,7236,61,Singapore,2022-10-02 20:00:00,18,Lance Stroll,STR,stroll,aston_martin,6.0,11.0,6,Finished,8.0,0 days 00:00:56.330000,59.0,26.232549019607845,0.1803921568627451,0.9298039215686276,0 days 00:00:04.799000,13.0,37.0
17,2022,Singapore Grand Prix,1133,7236,61,Singapore,2022-10-02 20:00:00,1,Max Verstappen,VER,max_verstappen,red_bull,7.0,8.0,7,Finished,6.0,0 days 00:00:58.825000,59.0,26.232549019607845,0.1803921568627451,0.9298039215686276,0 days 00:00:01.983000,341.0,576.0
17,2022,Singapore Grand Prix,1133,7236,61,Singapore,2022-10-02 20:00:00,5,Sebastian Vettel,VET,vettel,aston_martin,8.0,13.0,8,Finished,4.0,0 days 00:01:00.032000,59.0,26.232549019607845,0.1803921568627451,0.9298039215686276,0 days 00:00:04.968000,24.0,37.0
17,2022,Singapore Grand Prix,1133,7236,61,Singapore,2022-10-02 20:00:00,44,Lewis Hamilton,HAM,hamilton,mercedes,9.0,3.0,9,Finished,2.0,0 days 00:01:01.515000,59.0,26.232549019607845,0.1803921568627451,0.9298039215686276,0 days 00:00:00.054000,170.0,373.0
17,2022,Singapore Grand Prix,1133,7236,61,Singapore,2022-10-02 20:00:00,10,Pierre Gasly,GAS,gasly,alphatauri,10.0,7.0,10,Finished,1.0,0 days 00:01:09.576000,59.0,26.232549019607845,0.1803921568627451,0.9298039215686276,0 days 00:00:01.799000,23.0,34.0
17,2022,Singapore Grand Prix,1133,7236,61,Singapore,2022-10-02 20:00:00,77,Valtteri Bottas,BOT,bottas,alfa,11.0,15.0,11,Finished,0.0,0 days 00:01:28.844000,59.0,26.232549019607845,0.1803921568627451,0.9298039215686276,0 days 00:00:06.671000,46.0,52.0
17,2022,Singapore Grand Prix,1133,7236,61,Singapore,2022-10-02 20:00:00,20,Kevin Magnussen,MAG,kevin_magnussen,haas,12.0,9.0,12,Finished,0.0,0 days 00:01:32.610000,59.0,26.232549019607845,0.1803921568627451,0.9298039215686276,0 days 00:00:02.161000,22.0,34.0
17,2022,Singapore Grand Prix,1133,7236,61,Singapore,2022-10-02 20:00:00,47,Mick Schumacher,MSC,mick_schumacher,haas,13.0,12.0,13,+1 Lap,0.0,0 days 02:46:00,58.0,26.232549019607845,0.1803921568627451,0.9298039215686276,0 days 00:00:04.958000,12.0,34.0
17,2022,Singapore Grand Prix,1133,7236,61,Singapore,2022-10-02 20:00:00,63,George Russell,RUS,russell,mercedes,14.0,0.0,14,+2 Laps,0.0,0 days 02:46:00,57.0,26.232549019607845,0.1803921568627451,0.9298039215686276,0 days 00:00:04.600000,203.0,373.0
17,2022,Singapore Grand Prix,1133,7236,61,Singapore,2022-10-02 20:00:00,22,Yuki Tsunoda,TSU,tsunoda,alphatauri,15.0,10.0,R,Accident,0.0,0 days 02:46:00,34.0,26.232549019607845,0.1803921568627451,0.9298039215686276,0 days 00:00:02.571000,11.0,34.0
17,2022,Singapore Grand Prix,1133,7236,61,Singapore,2022-10-02 20:00:00,31,Esteban Ocon,OCO,ocon,alpine,16.0,17.0,R,Engine,0.0,0 days 02:46:00,26.0,26.232549019607845,0.1803921568627451,0.9298039215686276,0 days 00:00:06.925000,66.0,125.0
17,2022,Singapore Grand Prix,1133,7236,61,Singapore,2022-10-02 20:00:00,23,Alexander Albon,ALB,albon,williams,17.0,18.0,R,Collision damage,0.0,0 days 02:46:00,25.0,26.232549019607845,0.1803921568627451,0.9298039215686276,0 days 00:00:07.573000,4.0,6.0
17,2022,Singapore Grand Prix,1133,7236,61,Singapore,2022-10-02 20:00:00,14,Fernando Alonso,ALO,alonso,alpine,18.0,5.0,R,Engine,0.0,0 days 02:46:00,20.0,26.232549019607845,0.1803921568627451,0.9298039215686276,0 days 00:00:00.554000,59.0,125.0
17,2022,Singapore Grand Prix,1133,7236,61,Singapore,2022-10-02 20:00:00,6,Nicholas Latifi,LAT,latifi,williams,19.0,19.0,R,Collision damage,0.0,0 days 02:46:00,7.0,26.232549019607845,0.1803921568627451,0.9298039215686276,0 days 00:00:08.120000,0.0,6.0
17,2022,Singapore Grand Prix,1133,7236,61,Singapore,2022-10-02 20:00:00,24,Guanyu Zhou,ZHO,zhou,alfa,20.0,14.0,R,Collision,0.0,0 days 02:46:00,6.0,26.232549019607845,0.1803921568627451,0.9298039215686276,0 days 00:00:05.963000,6.0,52.0
18,2022,Japanese Grand Prix,1134,7244,46,Suzuka,2022-10-09 14:00:00,1,Max Verstappen,VER,max_verstappen,red_bull,1.0,1.0,1,Finished,25.0,0 days 03:01:44.004000,28.0,16.71764705882353,0.9803921568627452,2.04078431372549,0 days 00:00:00,366.0,619.0
18,2022,Japanese Grand Prix,1134,7244,46,Suzuka,2022-10-09 14:00:00,11,Sergio Perez,PER,perez,red_bull,2.0,4.0,2,Finished,18.0,0 days 00:00:27.066000,28.0,16.71764705882353,0.9803921568627452,2.04078431372549,0 days 00:00:00.405000,253.0,619.0
18,2022,Japanese Grand Prix,1134,7244,46,Suzuka,2022-10-09 14:00:00,16,Charles Leclerc,LEC,leclerc,ferrari,3.0,2.0,3,Finished,15.0,0 days 00:00:31.763000,28.0,16.71764705882353,0.9803921568627452,2.04078431372549,0 days 00:00:00.010000,252.0,454.0
18,2022,Japanese Grand Prix,1134,7244,46,Suzuka,2022-10-09 14:00:00,31,Esteban Ocon,OCO,ocon,alpine,4.0,5.0,4,Finished,12.0,0 days 00:00:39.685000,28.0,16.71764705882353,0.9803921568627452,2.04078431372549,0 days 00:00:00.861000,78.0,143.0
18,2022,Japanese Grand Prix,1134,7244,46,Suzuka,2022-10-09 14:00:00,44,Lewis Hamilton,HAM,hamilton,mercedes,5.0,6.0,5,Finished,10.0,0 days 00:00:40.326000,28.0,16.71764705882353,0.9803921568627452,2.04078431372549,0 days 00:00:00.957000,180.0,387.0
18,2022,Japanese Grand Prix,1134,7244,46,Suzuka,2022-10-09 14:00:00,5,Sebastian Vettel,VET,vettel,aston_martin,6.0,9.0,6,Finished,8.0,0 days 00:00:46.358000,28.0,16.71764705882353,0.9803921568627452,2.04078431372549,0 days 00:00:01.250000,32.0,45.0
18,2022,Japanese Grand Prix,1134,7244,46,Suzuka,2022-10-09 14:00:00,14,Fernando Alonso,ALO,alonso,alpine,7.0,7.0,7,Finished,6.0,0 days 00:00:46.369000,28.0,16.71764705882353,0.9803921568627452,2.04078431372549,0 days 00:00:01.018000,65.0,143.0
18,2022,Japanese Grand Prix,1134,7244,46,Suzuka,2022-10-09 14:00:00,63,George Russell,RUS,russell,mercedes,8.0,8.0,8,Finished,4.0,0 days 00:00:47.661000,28.0,16.71764705882353,0.9803921568627452,2.04078431372549,0 days 00:00:01.085000,207.0,387.0
18,2022,Japanese Grand Prix,1134,7244,46,Suzuka,2022-10-09 14:00:00,6,Nicholas Latifi,LAT,latifi,williams,9.0,20.0,9,Finished,2.0,0 days 00:01:10.143000,28.0,16.71764705882353,0.9803921568627452,2.04078431372549,0 days 00:00:02.207000,2.0,8.0
18,2022,Japanese Grand Prix,1134,7244,46,Suzuka,2022-10-09 14:00:00,4,Lando Norris,NOR,norris,mclaren,10.0,10.0,10,Finished,1.0,0 days 00:01:10.782000,28.0,16.71764705882353,0.9803921568627452,2.04078431372549,0 days 00:00:01.169000,101.0,130.0
18,2022,Japanese Grand Prix,1134,7244,46,Suzuka,2022-10-09 14:00:00,3,Daniel Ricciardo,RIC,ricciardo,mclaren,11.0,11.0,11,Finished,0.0,0 days 00:01:12.877000,28.0,16.71764705882353,0.9803921568627452,2.04078431372549,0 days 00:00:01.355000,29.0,130.0
18,2022,Japanese Grand Prix,1134,7244,46,Suzuka,2022-10-09 14:00:00,18,Lance Stroll,STR,stroll,aston_martin,12.0,19.0,12,Finished,0.0,0 days 00:01:13.904000,28.0,16.71764705882353,0.9803921568627452,2.04078431372549,0 days 00:00:02.115000,13.0,45.0
18,2022,Japanese Grand Prix,1134,7244,46,Suzuka,2022-10-09 14:00:00,22,Yuki Tsunoda,TSU,tsunoda,alphatauri,13.0,13.0,13,Finished,0.0,0 days 00:01:15.599000,28.0,16.71764705882353,0.9803921568627452,2.04078431372549,0 days 00:00:01.504000,11.0,34.0
18,2022,Japanese Grand Prix,1134,7244,46,Suzuka,2022-10-09 14:00:00,20,Kevin Magnussen,MAG,kevin_magnussen,haas,14.0,18.0,14,Finished,0.0,0 days 00:01:26.016000,28.0,16.71764705882353,0.9803921568627452,2.04078431372549,0 days 00:00:02.048000,22.0,34.0
18,2022,Japanese Grand Prix,1134,7244,46,Suzuka,2022-10-09 14:00:00,77,Valtteri Bottas,BOT,bottas,alfa,15.0,12.0,15,Finished,0.0,0 days 00:01:26.496000,28.0,16.71764705882353,0.9803921568627452,2.04078431372549,0 days 00:00:01.405000,46.0,52.0
18,2022,Japanese Grand Prix,1134,7244,46,Suzuka,2022-10-09 14:00:00,24,Guanyu Zhou,ZHO,zhou,alfa,16.0,14.0,16,Finished,0.0,0 days 00:01:27.043000,28.0,16.71764705882353,0.9803921568627452,2.04078431372549,0 days 00:00:01.590000,6.0,52.0
18,2022,Japanese Grand Prix,1134,7244,46,Suzuka,2022-10-09 14:00:00,47,Mick Schumacher,MSC,mick_schumacher,haas,17.0,15.0,17,Finished,0.0,0 days 00:01:32.523000,28.0,16.71764705882353,0.9803921568627452,2.04078431372549,0 days 00:00:01.848000,12.0,34.0
18,2022,Japanese Grand Prix,1134,7244,46,Suzuka,2022-10-09 14:00:00,10,Pierre Gasly,GAS,gasly,alphatauri,18.0,17.0,18,Finished,0.0,0 days 00:01:48.091000,28.0,16.71764705882353,0.9803921568627452,2.04078431372549,0 days 00:00:02.018000,23.0,34.0
18,2022,Japanese Grand Prix,1134,7244,46,Suzuka,2022-10-09 14:00:00,55,Carlos Sainz,SAI,sainz,ferrari,19.0,3.0,R,Accident,0.0,0 days 02:46:00,0.0,16.71764705882353,0.9803921568627452,2.04078431372549,0 days 00:00:00.057000,202.0,454.0
18,2022,Japanese Grand Prix,1134,7244,46,Suzuka,2022-10-09 14:00:00,23,Alexander Albon,ALB,albon,williams,20.0,16.0,R,Hydraulics,0.0,0 days 02:46:00,0.0,16.71764705882353,0.9803921568627452,2.04078431372549,0 days 00:00:02.007000,4.0,8.0
19,2022,United States Grand Prix,1135,7252,9,Austin,2022-10-23 14:00:00,1,Max Verstappen,VER,max_verstappen,red_bull,1.0,2.0,1,Finished,25.0,0 days 01:42:11.687000,56.0,29.28529411764706,0.0,5.487058823529411,0 days 00:00:00.092000,391.0,656.0
19,2022,United States Grand Prix,1135,7252,9,Austin,2022-10-23 14:00:00,44,Lewis Hamilton,HAM,hamilton,mercedes,2.0,3.0,2,Finished,18.0,0 days 00:00:05.023000,56.0,29.28529411764706,0.0,5.487058823529411,0 days 00:00:00.591000,198.0,416.0
19,2022,United States Grand Prix,1135,7252,9,Austin,2022-10-23 14:00:00,16,Charles Leclerc,LEC,leclerc,ferrari,3.0,12.0,3,Finished,15.0,0 days 00:00:07.501000,56.0,29.28529411764706,0.0,5.487058823529411,0 days 00:00:00.065000,267.0,469.0
19,2022,United States Grand Prix,1135,7252,9,Austin,2022-10-23 14:00:00,11,Sergio Perez,PER,perez,red_bull,4.0,9.0,4,Finished,12.0,0 days 00:00:08.293000,56.0,29.28529411764706,0.0,5.487058823529411,0 days 00:00:00.289000,265.0,656.0
19,2022,United States Grand Prix,1135,7252,9,Austin,2022-10-23 14:00:00,63,George Russell,RUS,russell,mercedes,5.0,4.0,5,Finished,11.0,0 days 00:00:44.815000,56.0,29.28529411764706,0.0,5.487058823529411,0 days 00:00:00.632000,218.0,416.0
19,2022,United States Grand Prix,1135,7252,9,Austin,2022-10-23 14:00:00,4,Lando Norris,NOR,norris,mclaren,6.0,6.0,6,Finished,8.0,0 days 00:00:53.785000,56.0,29.28529411764706,0.0,5.487058823529411,0 days 00:00:01.334000,109.0,138.0
19,2022,United States Grand Prix,1135,7252,9,Austin,2022-10-23 14:00:00,14,Fernando Alonso,ALO,alonso,alpine,7.0,14.0,7,Finished,6.0,0 days 00:00:55.078000,56.0,29.28529411764706,0.0,5.487058823529411,0 days 00:00:01.520000,71.0,149.0
19,2022,United States Grand Prix,1135,7252,9,Austin,2022-10-23 14:00:00,5,Sebastian Vettel,VET,vettel,aston_martin,8.0,10.0,8,Finished,4.0,0 days 00:01:05.354000,56.0,29.28529411764706,0.0,5.487058823529411,0 days 00:00:02.042000,36.0,49.0
19,2022,United States Grand Prix,1135,7252,9,Austin,2022-10-23 14:00:00,20,Kevin Magnussen,MAG,kevin_magnussen,haas,9.0,13.0,9,Finished,2.0,0 days 00:01:05.834000,56.0,29.28529411764706,0.0,5.487058823529411,0 days 00:00:02.593000,24.0,36.0
19,2022,United States Grand Prix,1135,7252,9,Austin,2022-10-23 14:00:00,22,Yuki Tsunoda,TSU,tsunoda,alphatauri,10.0,19.0,10,Finished,1.0,0 days 00:01:10.919000,56.0,29.28529411764706,0.0,5.487058823529411,0 days 00:00:02.452000,12.0,35.0
19,2022,United States Grand Prix,1135,7252,9,Austin,2022-10-23 14:00:00,31,Esteban Ocon,OCO,ocon,alpine,11.0,0.0,11,Finished,0.0,0 days 00:01:12.875000,56.0,29.28529411764706,0.0,5.487058823529411,0 days 00:00:02.712000,78.0,149.0
19,2022,United States Grand Prix,1135,7252,9,Austin,2022-10-23 14:00:00,24,Guanyu Zhou,ZHO,zhou,alfa,12.0,18.0,12,Finished,0.0,0 days 00:01:16.164000,56.0,29.28529411764706,0.0,5.487058823529411,0 days 00:00:02.300000,6.0,52.0
19,2022,United States Grand Prix,1135,7252,9,Austin,2022-10-23 14:00:00,23,Alexander Albon,ALB,albon,williams,13.0,8.0,13,Finished,0.0,0 days 00:01:20.057000,56.0,29.28529411764706,0.0,5.487058823529411,0 days 00:00:02.012000,4.0,8.0
19,2022,United States Grand Prix,1135,7252,9,Austin,2022-10-23 14:00:00,10,Pierre Gasly,GAS,gasly,alphatauri,14.0,11.0,14,Finished,0.0,0 days 00:01:21.763000,56.0,29.28529411764706,0.0,5.487058823529411,0 days 00:00:02.221000,23.0,35.0
19,2022,United States Grand Prix,1135,7252,9,Austin,2022-10-23 14:00:00,47,Mick Schumacher,MSC,mick_schumacher,haas,15.0,16.0,15,Finished,0.0,0 days 00:01:24.490000,56.0,29.28529411764706,0.0,5.487058823529411,0 days 00:00:02.755000,12.0,36.0
19,2022,United States Grand Prix,1135,7252,9,Austin,2022-10-23 14:00:00,3,Daniel Ricciardo,RIC,ricciardo,mclaren,16.0,15.0,16,Finished,0.0,0 days 00:01:30.487000,56.0,29.28529411764706,0.0,5.487058823529411,0 days 00:00:02.690000,29.0,138.0
19,2022,United States Grand Prix,1135,7252,9,Austin,2022-10-23 14:00:00,6,Nicholas Latifi,LAT,latifi,williams,17.0,17.0,17,Finished,0.0,0 days 00:01:43.588000,56.0,29.28529411764706,0.0,5.487058823529411,0 days 00:00:02.888000,2.0,8.0
19,2022,United States Grand Prix,1135,7252,9,Austin,2022-10-23 14:00:00,18,Lance Stroll,STR,stroll,aston_martin,18.0,5.0,R,Collision,0.0,0 days 02:46:00,21.0,29.28529411764706,0.0,5.487058823529411,0 days 00:00:01.242000,13.0,49.0
19,2022,United States Grand Prix,1135,7252,9,Austin,2022-10-23 14:00:00,77,Valtteri Bottas,BOT,bottas,alfa,19.0,7.0,R,Spun off,0.0,0 days 02:46:00,16.0,29.28529411764706,0.0,5.487058823529411,0 days 00:00:01.963000,46.0,52.0
19,2022,United States Grand Prix,1135,7252,9,Austin,2022-10-23 14:00:00,55,Carlos Sainz,SAI,sainz,ferrari,20.0,1.0,R,Collision damage,0.0,0 days 02:46:00,1.0,29.28529411764706,0.0,5.487058823529411,0 days 00:00:00,202.0,469.0
20,2022,Mexico City Grand Prix,1136,7260,65,Mexico City,2022-10-30 14:00:00,1,Max Verstappen,VER,max_verstappen,red_bull,1.0,1.0,1,Finished,25.0,0 days 01:38:36.729000,71.0,24.312727272727273,0.0,1.336969696969697,0 days 00:00:00,416.0,696.0
20,2022,Mexico City Grand Prix,1136,7260,65,Mexico City,2022-10-30 14:00:00,44,Lewis Hamilton,HAM,hamilton,mercedes,2.0,3.0,2,Finished,18.0,0 days 00:00:15.186000,71.0,24.312727272727273,0.0,1.336969696969697,0 days 00:00:00.309000,216.0,447.0
20,2022,Mexico City Grand Prix,1136,7260,65,Mexico City,2022-10-30 14:00:00,11,Sergio Perez,PER,perez,red_bull,3.0,4.0,3,Finished,15.0,0 days 00:00:18.097000,71.0,24.312727272727273,0.0,1.336969696969697,0 days 00:00:00.353000,280.0,696.0
20,2022,Mexico City Grand Prix,1136,7260,65,Mexico City,2022-10-30 14:00:00,63,George Russell,RUS,russell,mercedes,4.0,2.0,4,Finished,13.0,0 days 00:00:49.431000,71.0,24.312727272727273,0.0,1.336969696969697,0 days 00:00:00.304000,231.0,447.0
20,2022,Mexico City Grand Prix,1136,7260,65,Mexico City,2022-10-30 14:00:00,55,Carlos Sainz,SAI,sainz,ferrari,5.0,5.0,5,Finished,10.0,0 days 00:00:58.123000,71.0,24.312727272727273,0.0,1.336969696969697,0 days 00:00:00.576000,212.0,487.0
20,2022,Mexico City Grand Prix,1136,7260,65,Mexico City,2022-10-30 14:00:00,16,Charles Leclerc,LEC,leclerc,ferrari,6.0,7.0,6,Finished,8.0,0 days 00:01:08.774000,71.0,24.312727272727273,0.0,1.336969696969697,0 days 00:00:00.780000,275.0,487.0
20,2022,Mexico City Grand Prix,1136,7260,65,Mexico City,2022-10-30 14:00:00,3,Daniel Ricciardo,RIC,ricciardo,mclaren,7.0,11.0,7,+1 Lap,6.0,0 days 02:46:00,70.0,24.312727272727273,0.0,1.336969696969697,0 days 00:00:01.550000,35.0,146.0
20,2022,Mexico City Grand Prix,1136,7260,65,Mexico City,2022-10-30 14:00:00,31,Esteban Ocon,OCO,ocon,alpine,8.0,10.0,8,+1 Lap,4.0,0 days 02:46:00,70.0,24.312727272727273,0.0,1.336969696969697,0 days 00:00:01.235000,82.0,153.0
20,2022,Mexico City Grand Prix,1136,7260,65,Mexico City,2022-10-30 14:00:00,4,Lando Norris,NOR,norris,mclaren,9.0,8.0,9,+1 Lap,2.0,0 days 02:46:00,70.0,24.312727272727273,0.0,1.336969696969697,0 days 00:00:00.946000,111.0,146.0
20,2022,Mexico City Grand Prix,1136,7260,65,Mexico City,2022-10-30 14:00:00,77,Valtteri Bottas,BOT,bottas,alfa,10.0,6.0,10,+1 Lap,1.0,0 days 02:46:00,70.0,24.312727272727273,0.0,1.336969696969697,0 days 00:00:00.626000,47.0,53.0
20,2022,Mexico City Grand Prix,1136,7260,65,Mexico City,2022-10-30 14:00:00,10,Pierre Gasly,GAS,gasly,alphatauri,11.0,14.0,11,+1 Lap,0.0,0 days 02:46:00,70.0,24.312727272727273,0.0,1.336969696969697,0 days 00:00:01.897000,23.0,35.0
20,2022,Mexico City Grand Prix,1136,7260,65,Mexico City,2022-10-30 14:00:00,23,Alexander Albon,ALB,albon,williams,12.0,17.0,12,+1 Lap,0.0,0 days 02:46:00,70.0,24.312727272727273,0.0,1.336969696969697,0 days 00:00:03.084000,4.0,8.0
20,2022,Mexico City Grand Prix,1136,7260,65,Mexico City,2022-10-30 14:00:00,24,Guanyu Zhou,ZHO,zhou,alfa,13.0,12.0,13,+1 Lap,0.0,0 days 02:46:00,70.0,24.312727272727273,0.0,1.336969696969697,0 days 00:00:01.701000,6.0,53.0
20,2022,Mexico City Grand Prix,1136,7260,65,Mexico City,2022-10-30 14:00:00,5,Sebastian Vettel,VET,vettel,aston_martin,14.0,16.0,14,+1 Lap,0.0,0 days 02:46:00,70.0,24.312727272727273,0.0,1.336969696969697,0 days 00:00:02.644000,36.0,49.0
20,2022,Mexico City Grand Prix,1136,7260,65,Mexico City,2022-10-30 14:00:00,18,Lance Stroll,STR,stroll,aston_martin,15.0,20.0,15,+1 Lap,0.0,0 days 02:46:00,70.0,24.312727272727273,0.0,1.336969696969697,0 days 00:00:02.745000,13.0,49.0
20,2022,Mexico City Grand Prix,1136,7260,65,Mexico City,2022-10-30 14:00:00,47,Mick Schumacher,MSC,mick_schumacher,haas,16.0,15.0,16,+1 Lap,0.0,0 days 02:46:00,70.0,24.312727272727273,0.0,1.336969696969697,0 days 00:00:02.644000,12.0,36.0
20,2022,Mexico City Grand Prix,1136,7260,65,Mexico City,2022-10-30 14:00:00,20,Kevin Magnussen,MAG,kevin_magnussen,haas,17.0,19.0,17,+1 Lap,0.0,0 days 02:46:00,70.0,24.312727272727273,0.0,1.336969696969697,0 days 00:00:02.058000,24.0,36.0
20,2022,Mexico City Grand Prix,1136,7260,65,Mexico City,2022-10-30 14:00:00,6,Nicholas Latifi,LAT,latifi,williams,18.0,18.0,18,+2 Laps,0.0,0 days 02:46:00,69.0,24.312727272727273,0.0,1.336969696969697,0 days 00:00:03.392000,2.0,8.0
20,2022,Mexico City Grand Prix,1136,7260,65,Mexico City,2022-10-30 14:00:00,14,Fernando Alonso,ALO,alonso,alpine,19.0,9.0,19,Engine,0.0,0 days 02:46:00,63.0,24.312727272727273,0.0,1.336969696969697,0 days 00:00:01.164000,71.0,153.0
20,2022,Mexico City Grand Prix,1136,7260,65,Mexico City,2022-10-30 14:00:00,22,Yuki Tsunoda,TSU,tsunoda,alphatauri,20.0,13.0,R,Collision damage,0.0,0 days 02:46:00,50.0,24.312727272727273,0.0,1.336969696969697,0 days 00:00:01.814000,12.0,35.0
21,2022,São Paulo Grand Prix,1137,7268,14,Interlagos,2022-11-13 15:00:00,63,George Russell,RUS,russell,mercedes,1.0,1.0,1,Finished,26.0,0 days 01:38:34.044000,71.0,23.010778443113775,0.0,1.444311377245509,0 days 00:00:00.437000,265.0,505.0
21,2022,São Paulo Grand Prix,1137,7268,14,Interlagos,2022-11-13 15:00:00,44,Lewis Hamilton,HAM,hamilton,mercedes,2.0,2.0,2,Finished,18.0,0 days 00:00:01.529000,71.0,23.010778443113775,0.0,1.444311377245509,0 days 00:00:00.658000,240.0,505.0
21,2022,São Paulo Grand Prix,1137,7268,14,Interlagos,2022-11-13 15:00:00,55,Carlos Sainz,SAI,sainz,ferrari,3.0,7.0,3,Finished,15.0,0 days 00:00:04.051000,71.0,23.010778443113775,0.0,1.444311377245509,0 days 00:00:00.009000,234.0,524.0
21,2022,São Paulo Grand Prix,1137,7268,14,Interlagos,2022-11-13 15:00:00,16,Charles Leclerc,LEC,leclerc,ferrari,4.0,5.0,4,Finished,12.0,0 days 00:00:08.441000,71.0,23.010778443113775,0.0,1.444311377245509,0 days 00:00:00.069000,290.0,524.0
21,2022,São Paulo Grand Prix,1137,7268,14,Interlagos,2022-11-13 15:00:00,14,Fernando Alonso,ALO,alonso,alpine,5.0,17.0,5,Finished,10.0,0 days 00:00:09.561000,71.0,23.010778443113775,0.0,1.444311377245509,0 days 00:00:00.513000,81.0,167.0
21,2022,São Paulo Grand Prix,1137,7268,14,Interlagos,2022-11-13 15:00:00,1,Max Verstappen,VER,max_verstappen,red_bull,6.0,3.0,6,Finished,8.0,0 days 00:00:10.056000,71.0,23.010778443113775,0.0,1.444311377245509,0 days 00:00:00,429.0,719.0
21,2022,São Paulo Grand Prix,1137,7268,14,Interlagos,2022-11-13 15:00:00,11,Sergio Perez,PER,perez,red_bull,7.0,4.0,7,Finished,6.0,0 days 00:00:14.080000,71.0,23.010778443113775,0.0,1.444311377245509,0 days 00:00:00.575000,290.0,719.0
21,2022,São Paulo Grand Prix,1137,7268,14,Interlagos,2022-11-13 15:00:00,31,Esteban Ocon,OCO,ocon,alpine,8.0,16.0,8,Finished,4.0,0 days 00:00:18.690000,71.0,23.010778443113775,0.0,1.444311377245509,0 days 00:00:00.706000,86.0,167.0
21,2022,São Paulo Grand Prix,1137,7268,14,Interlagos,2022-11-13 15:00:00,77,Valtteri Bottas,BOT,bottas,alfa,9.0,14.0,9,Finished,2.0,0 days 00:00:22.552000,71.0,23.010778443113775,0.0,1.444311377245509,0 days 00:00:04.605000,49.0,55.0
21,2022,São Paulo Grand Prix,1137,7268,14,Interlagos,2022-11-13 15:00:00,18,Lance Stroll,STR,stroll,aston_martin,10.0,15.0,10,Finished,1.0,0 days 00:00:23.552000,71.0,23.010778443113775,0.0,1.444311377245509,0 days 00:00:01.329000,14.0,50.0
21,2022,São Paulo Grand Prix,1137,7268,14,Interlagos,2022-11-13 15:00:00,5,Sebastian Vettel,VET,vettel,aston_martin,11.0,9.0,11,Finished,0.0,0 days 00:00:26.183000,71.0,23.010778443113775,0.0,1.444311377245509,0 days 00:00:00.797000,36.0,50.0
21,2022,São Paulo Grand Prix,1137,7268,14,Interlagos,2022-11-13 15:00:00,24,Guanyu Zhou,ZHO,zhou,alfa,12.0,13.0,12,Finished,0.0,0 days 00:00:29.325000,71.0,23.010778443113775,0.0,1.444311377245509,0 days 00:00:04.316000,6.0,55.0
21,2022,São Paulo Grand Prix,1137,7268,14,Interlagos,2022-11-13 15:00:00,47,Mick Schumacher,MSC,mick_schumacher,haas,13.0,12.0,13,Finished,0.0,0 days 00:00:29.899000,71.0,23.010778443113775,0.0,1.444311377245509,0 days 00:00:05.480000,12.0,37.0
21,2022,São Paulo Grand Prix,1137,7268,14,Interlagos,2022-11-13 15:00:00,10,Pierre Gasly,GAS,gasly,alphatauri,14.0,10.0,14,Finished,0.0,0 days 00:00:31.867000,71.0,23.010778443113775,0.0,1.444311377245509,0 days 00:00:00.794000,23.0,35.0
21,2022,São Paulo Grand Prix,1137,7268,14,Interlagos,2022-11-13 15:00:00,23,Alexander Albon,ALB,albon,williams,15.0,19.0,15,Finished,0.0,0 days 00:00:36.016000,71.0,23.010778443113775,0.0,1.444311377245509,0 days 00:00:00.750000,4.0,8.0
21,2022,São Paulo Grand Prix,1137,7268,14,Interlagos,2022-11-13 15:00:00,6,Nicholas Latifi,LAT,latifi,williams,16.0,18.0,16,Finished,0.0,0 days 00:00:37.038000,71.0,23.010778443113775,0.0,1.444311377245509,0 days 00:00:04.214000,2.0,8.0
21,2022,São Paulo Grand Prix,1137,7268,14,Interlagos,2022-11-13 15:00:00,22,Yuki Tsunoda,TSU,tsunoda,alphatauri,17.0,0.0,17,+1 Lap,0.0,0 days 02:46:00,70.0,23.010778443113775,0.0,1.444311377245509,0 days 00:00:05.383000,12.0,35.0
21,2022,São Paulo Grand Prix,1137,7268,14,Interlagos,2022-11-13 15:00:00,4,Lando Norris,NOR,norris,mclaren,18.0,6.0,R,Gearbox,0.0,0 days 02:46:00,50.0,23.010778443113775,0.0,1.444311377245509,0 days 00:00:00.496000,113.0,148.0
21,2022,São Paulo Grand Prix,1137,7268,14,Interlagos,2022-11-13 15:00:00,20,Kevin Magnussen,MAG,kevin_magnussen,haas,19.0,8.0,R,Collision,0.0,0 days 02:46:00,0.0,23.010778443113775,0.0,1.444311377245509,0 days 00:00:00.529000,25.0,37.0
21,2022,São Paulo Grand Prix,1137,7268,14,Interlagos,2022-11-13 15:00:00,3,Daniel Ricciardo,RIC,ricciardo,mclaren,20.0,11.0,R,Collision,0.0,0 days 02:46:00,0.0,23.010778443113775,0.0,1.444311377245509,0 days 00:00:01.259000,35.0,148.0
22,2022,Abu Dhabi Grand Prix,1138,7276,70,Yas Marina Circuit,2022-11-20 17:00:00,1,Max Verstappen,VER,max_verstappen,red_bull,1.0,1.0,1,Finished,25.0,0 days 01:27:45.914000,58.0,28.57548387096774,0.0,2.6083870967741936,0 days 00:00:00,454.0,759.0
22,2022,Abu Dhabi Grand Prix,1138,7276,70,Yas Marina Circuit,2022-11-20 17:00:00,16,Charles Leclerc,LEC,leclerc,ferrari,2.0,3.0,2,Finished,18.0,0 days 00:00:08.771000,58.0,28.57548387096774,0.0,2.6083870967741936,0 days 00:00:00.268000,308.0,554.0
22,2022,Abu Dhabi Grand Prix,1138,7276,70,Yas Marina Circuit,2022-11-20 17:00:00,11,Sergio Perez,PER,perez,red_bull,3.0,2.0,3,Finished,15.0,0 days 00:00:10.093000,58.0,28.57548387096774,0.0,2.6083870967741936,0 days 00:00:00.228000,305.0,759.0
22,2022,Abu Dhabi Grand Prix,1138,7276,70,Yas Marina Circuit,2022-11-20 17:00:00,55,Carlos Sainz,SAI,sainz,ferrari,4.0,4.0,4,Finished,12.0,0 days 00:00:24.892000,58.0,28.57548387096774,0.0,2.6083870967741936,0 days 00:00:00.418000,246.0,554.0
22,2022,Abu Dhabi Grand Prix,1138,7276,70,Yas Marina Circuit,2022-11-20 17:00:00,63,George Russell,RUS,russell,mercedes,5.0,6.0,5,Finished,10.0,0 days 00:00:35.888000,58.0,28.57548387096774,0.0,2.6083870967741936,0 days 00:00:00.687000,275.0,515.0
22,2022,Abu Dhabi Grand Prix,1138,7276,70,Yas Marina Circuit,2022-11-20 17:00:00,4,Lando Norris,NOR,norris,mclaren,6.0,7.0,6,Finished,9.0,0 days 00:00:56.234000,58.0,28.57548387096774,0.0,2.6083870967741936,0 days 00:00:00.945000,122.0,159.0
22,2022,Abu Dhabi Grand Prix,1138,7276,70,Yas Marina Circuit,2022-11-20 17:00:00,31,Esteban Ocon,OCO,ocon,alpine,7.0,8.0,7,Finished,6.0,0 days 00:00:57.240000,58.0,28.57548387096774,0.0,2.6083870967741936,0 days 00:00:01.006000,92.0,173.0
22,2022,Abu Dhabi Grand Prix,1138,7276,70,Yas Marina Circuit,2022-11-20 17:00:00,18,Lance Stroll,STR,stroll,aston_martin,8.0,14.0,8,Finished,4.0,0 days 00:01:16.931000,58.0,28.57548387096774,0.0,2.6083870967741936,0 days 00:00:01.535000,18.0,55.0
22,2022,Abu Dhabi Grand Prix,1138,7276,70,Yas Marina Circuit,2022-11-20 17:00:00,3,Daniel Ricciardo,RIC,ricciardo,mclaren,9.0,13.0,9,Finished,2.0,0 days 00:01:23.268000,58.0,28.57548387096774,0.0,2.6083870967741936,0 days 00:00:01.221000,37.0,159.0
22,2022,Abu Dhabi Grand Prix,1138,7276,70,Yas Marina Circuit,2022-11-20 17:00:00,5,Sebastian Vettel,VET,vettel,aston_martin,10.0,9.0,10,Finished,1.0,0 days 00:01:23.898000,58.0,28.57548387096774,0.0,2.6083870967741936,0 days 00:00:01.137000,37.0,55.0
22,2022,Abu Dhabi Grand Prix,1138,7276,70,Yas Marina Circuit,2022-11-20 17:00:00,22,Yuki Tsunoda,TSU,tsunoda,alphatauri,11.0,11.0,11,Finished,0.0,0 days 00:01:29.371000,58.0,28.57548387096774,0.0,2.6083870967741936,0 days 00:00:01.395000,12.0,35.0
22,2022,Abu Dhabi Grand Prix,1138,7276,70,Yas Marina Circuit,2022-11-20 17:00:00,24,Guanyu Zhou,ZHO,zhou,alfa,12.0,15.0,12,+1 Lap,0.0,0 days 02:46:00,57.0,28.57548387096774,0.0,2.6083870967741936,0 days 00:00:01.584000,6.0,55.0
22,2022,Abu Dhabi Grand Prix,1138,7276,70,Yas Marina Circuit,2022-11-20 17:00:00,23,Alexander Albon,ALB,albon,williams,13.0,19.0,13,+1 Lap,0.0,0 days 02:46:00,57.0,28.57548387096774,0.0,2.6083870967741936,0 days 00:00:02.204000,4.0,8.0
22,2022,Abu Dhabi Grand Prix,1138,7276,70,Yas Marina Circuit,2022-11-20 17:00:00,10,Pierre Gasly,GAS,gasly,alphatauri,14.0,17.0,14,+1 Lap,0.0,0 days 02:46:00,57.0,28.57548387096774,0.0,2.6083870967741936,0 days 00:00:02.035000,23.0,35.0
22,2022,Abu Dhabi Grand Prix,1138,7276,70,Yas Marina Circuit,2022-11-20 17:00:00,77,Valtteri Bottas,BOT,bottas,alfa,15.0,18.0,15,+1 Lap,0.0,0 days 02:46:00,57.0,28.57548387096774,0.0,2.6083870967741936,0 days 00:00:02.068000,49.0,55.0
22,2022,Abu Dhabi Grand Prix,1138,7276,70,Yas Marina Circuit,2022-11-20 17:00:00,47,Mick Schumacher,MSC,mick_schumacher,haas,16.0,12.0,16,+1 Lap,0.0,0 days 02:46:00,57.0,28.57548387096774,0.0,2.6083870967741936,0 days 00:00:01.401000,12.0,37.0
22,2022,Abu Dhabi Grand Prix,1138,7276,70,Yas Marina Circuit,2022-11-20 17:00:00,20,Kevin Magnussen,MAG,kevin_magnussen,haas,17.0,16.0,17,+1 Lap,0.0,0 days 02:46:00,57.0,28.57548387096774,0.0,2.6083870967741936,0 days 00:00:02.010000,25.0,37.0
22,2022,Abu Dhabi Grand Prix,1138,7276,70,Yas Marina Circuit,2022-11-20 17:00:00,44,Lewis Hamilton,HAM,hamilton,mercedes,18.0,5.0,18,Hydraulics,0.0,0 days 02:46:00,55.0,28.57548387096774,0.0,2.6083870967741936,0 days 00:00:00.684000,240.0,515.0
22,2022,Abu Dhabi Grand Prix,1138,7276,70,Yas Marina Circuit,2022-11-20 17:00:00,6,Nicholas Latifi,LAT,latifi,williams,19.0,20.0,19,Collision damage,0.0,0 days 02:46:00,55.0,28.57548387096774,0.0,2.6083870967741936,0 days 00:00:02.230000,2.0,8.0
22,2022,Abu Dhabi Grand Prix,1138,7276,70,Yas Marina Circuit,2022-11-20 17:00:00,14,Fernando Alonso,ALO,alonso,alpine,20.0,10.0,R,Water leak,0.0,0 days 02:46:00,27.0,28.57548387096774,0.0,2.6083870967741936,0 days 00:00:01.272000,81.0,173.0
1,2023,Bahrain Grand Prix,1141,7953,63,Sakhir,2023-03-05 18:00:00,1,Max Verstappen,VER,max_verstappen,red_bull,1.0,1.0,1,Finished,25.0,0 days 01:33:56.736000,57.0,27.43167701863354,0.0,0.6832298136645962,0 days 00:00:00,25.0,43.0
1,2023,Bahrain Grand Prix,1141,7953,63,Sakhir,2023-03-05 18:00:00,11,Sergio Perez,PER,perez,red_bull,2.0,2.0,2,Finished,18.0,0 days 00:00:11.987000,57.0,27.43167701863354,0.0,0.6832298136645962,0 days 00:00:00.138000,18.0,43.0
1,2023,Bahrain Grand Prix,1141,7953,63,Sakhir,2023-03-05 18:00:00,14,Fernando Alonso,ALO,alonso,aston_martin,3.0,5.0,3,Finished,15.0,0 days 00:00:38.637000,57.0,27.43167701863354,0.0,0.6832298136645962,0 days 00:00:00.628000,15.0,23.0
1,2023,Bahrain Grand Prix,1141,7953,63,Sakhir,2023-03-05 18:00:00,55,Carlos Sainz,SAI,sainz,ferrari,4.0,4.0,4,Finished,12.0,0 days 00:00:48.052000,57.0,27.43167701863354,0.0,0.6832298136645962,0 days 00:00:00.446000,12.0,12.0
1,2023,Bahrain Grand Prix,1141,7953,63,Sakhir,2023-03-05 18:00:00,44,Lewis Hamilton,HAM,hamilton,mercedes,5.0,7.0,5,Finished,10.0,0 days 00:00:50.977000,57.0,27.43167701863354,0.0,0.6832298136645962,0 days 00:00:00.676000,10.0,16.0
1,2023,Bahrain Grand Prix,1141,7953,63,Sakhir,2023-03-05 18:00:00,18,Lance Stroll,STR,stroll,aston_martin,6.0,8.0,6,Finished,8.0,0 days 00:00:54.502000,57.0,27.43167701863354,0.0,0.6832298136645962,0 days 00:00:01.128000,8.0,23.0
1,2023,Bahrain Grand Prix,1141,7953,63,Sakhir,2023-03-05 18:00:00,63,George Russell,RUS,russell,mercedes,7.0,6.0,7,Finished,6.0,0 days 00:00:55.873000,57.0,27.43167701863354,0.0,0.6832298136645962,0 days 00:00:00.632000,6.0,16.0
1,2023,Bahrain Grand Prix,1141,7953,63,Sakhir,2023-03-05 18:00:00,77,Valtteri Bottas,BOT,bottas,alfa,8.0,12.0,8,Finished,4.0,0 days 00:01:12.647000,57.0,27.43167701863354,0.0,0.6832298136645962,0 days 00:00:01.735000,4.0,4.0
1,2023,Bahrain Grand Prix,1141,7953,63,Sakhir,2023-03-05 18:00:00,10,Pierre Gasly,GAS,gasly,alpine,9.0,20.0,9,Finished,2.0,0 days 00:01:13.753000,57.0,27.43167701863354,0.0,0.6832298136645962,0 days 00:00:02.473000,2.0,2.0
1,2023,Bahrain Grand Prix,1141,7953,63,Sakhir,2023-03-05 18:00:00,23,Alexander Albon,ALB,albon,williams,10.0,15.0,10,Finished,1.0,0 days 00:01:29.774000,57.0,27.43167701863354,0.0,0.6832298136645962,0 days 00:00:01.753000,1.0,1.0
1,2023,Bahrain Grand Prix,1141,7953,63,Sakhir,2023-03-05 18:00:00,22,Yuki Tsunoda,TSU,tsunoda,alphatauri,11.0,14.0,11,Finished,0.0,0 days 00:01:30.870000,57.0,27.43167701863354,0.0,0.6832298136645962,0 days 00:00:01.692000,0.0,0.0
1,2023,Bahrain Grand Prix,1141,7953,63,Sakhir,2023-03-05 18:00:00,2,Logan Sargeant,SAR,sargeant,williams,12.0,16.0,12,Lapped,0.0,0 days 00:00:01.136000,56.0,27.43167701863354,0.0,0.6832298136645962,0 days 00:00:01.944000,0.0,1.0
1,2023,Bahrain Grand Prix,1141,7953,63,Sakhir,2023-03-05 18:00:00,20,Kevin Magnussen,MAG,kevin_magnussen,haas,13.0,17.0,13,Lapped,0.0,0 days 00:00:16.757000,56.0,27.43167701863354,0.0,0.6832298136645962,0 days 00:00:02.184000,0.0,0.0
1,2023,Bahrain Grand Prix,1141,7953,63,Sakhir,2023-03-05 18:00:00,21,Nyck De Vries,DEV,de_vries,alphatauri,14.0,19.0,14,Lapped,0.0,0 days 00:00:22.523000,56.0,27.43167701863354,0.0,0.6832298136645962,0 days 00:00:02.413000,0.0,0.0
1,2023,Bahrain Grand Prix,1141,7953,63,Sakhir,2023-03-05 18:00:00,27,Nico Hulkenberg,HUL,hulkenberg,haas,15.0,10.0,15,Lapped,0.0,0 days 00:00:38.911000,56.0,27.43167701863354,0.0,0.6832298136645962,0 days 00:00:01.101000,0.0,0.0
1,2023,Bahrain Grand Prix,1141,7953,63,Sakhir,2023-03-05 18:00:00,24,Guanyu Zhou,ZHO,zhou,alfa,16.0,13.0,16,Lapped,0.0,0 days 00:00:39.649000,56.0,27.43167701863354,0.0,0.6832298136645962,0 days 00:00:01.765000,0.0,4.0
1,2023,Bahrain Grand Prix,1141,7953,63,Sakhir,2023-03-05 18:00:00,4,Lando Norris,NOR,norris,mclaren,17.0,11.0,17,Lapped,0.0,0 days 00:00:06.636000,55.0,27.43167701863354,0.0,0.6832298136645962,0 days 00:00:01.673000,0.0,0.0
1,2023,Bahrain Grand Prix,1141,7953,63,Sakhir,2023-03-05 18:00:00,31,Esteban Ocon,OCO,ocon,alpine,18.0,9.0,R,Retired,0.0,0 days 02:46:00,41.0,27.43167701863354,0.0,0.6832298136645962,0 days 00:00:01.206000,0.0,2.0
1,2023,Bahrain Grand Prix,1141,7953,63,Sakhir,2023-03-05 18:00:00,16,Charles Leclerc,LEC,leclerc,ferrari,19.0,3.0,R,Retired,0.0,0 days 02:46:00,39.0,27.43167701863354,0.0,0.6832298136645962,0 days 00:00:00.292000,0.0,12.0
1,2023,Bahrain Grand Prix,1141,7953,63,Sakhir,2023-03-05 18:00:00,81,Oscar Piastri,PIA,piastri,mclaren,20.0,18.0,R,Retired,0.0,0 days 02:46:00,13.0,27.43167701863354,0.0,0.6832298136645962,0 days 00:00:02.393000,0.0,0.0
2,2023,Saudi Arabian Grand Prix,1142,7779,149,Jeddah,2023-03-19 20:00:00,11,Sergio Perez,PER,perez,red_bull,1.0,1.0,1,Finished,25.0,0 days 01:21:14.894000,50.0,26.09189189189189,0.0,1.7722972972972977,0 days 00:00:00,43.0,87.0
2,2023,Saudi Arabian Grand Prix,1142,7779,149,Jeddah,2023-03-19 20:00:00,1,Max Verstappen,VER,max_verstappen,red_bull,2.0,15.0,2,Finished,19.0,0 days 00:00:05.355000,50.0,26.09189189189189,0.0,1.7722972972972977,0 days 00:00:00.496000,44.0,87.0
2,2023,Saudi Arabian Grand Prix,1142,7779,149,Jeddah,2023-03-19 20:00:00,14,Fernando Alonso,ALO,alonso,aston_martin,3.0,2.0,3,Finished,15.0,0 days 00:00:20.728000,50.0,26.09189189189189,0.0,1.7722972972972977,0 days 00:00:00.465000,30.0,38.0
2,2023,Saudi Arabian Grand Prix,1142,7779,149,Jeddah,2023-03-19 20:00:00,63,George Russell,RUS,russell,mercedes,4.0,3.0,4,Finished,12.0,0 days 00:00:25.866000,50.0,26.09189189189189,0.0,1.7722972972972977,0 days 00:00:00.592000,18.0,38.0
2,2023,Saudi Arabian Grand Prix,1142,7779,149,Jeddah,2023-03-19 20:00:00,44,Lewis Hamilton,HAM,hamilton,mercedes,5.0,7.0,5,Finished,10.0,0 days 00:00:31.065000,50.0,26.09189189189189,0.0,1.7722972972972977,0 days 00:00:00.958000,20.0,38.0
2,2023,Saudi Arabian Grand Prix,1142,7779,149,Jeddah,2023-03-19 20:00:00,55,Carlos Sainz,SAI,sainz,ferrari,6.0,4.0,6,Finished,8.0,0 days 00:00:35.876000,50.0,26.09189189189189,0.0,1.7722972972972977,0 days 00:00:00.666000,20.0,26.0
2,2023,Saudi Arabian Grand Prix,1142,7779,149,Jeddah,2023-03-19 20:00:00,16,Charles Leclerc,LEC,leclerc,ferrari,7.0,12.0,7,Finished,6.0,0 days 00:00:43.162000,50.0,26.09189189189189,0.0,1.7722972972972977,0 days 00:00:00.155000,6.0,26.0
2,2023,Saudi Arabian Grand Prix,1142,7779,149,Jeddah,2023-03-19 20:00:00,31,Esteban Ocon,OCO,ocon,alpine,8.0,6.0,8,Finished,4.0,0 days 00:00:52.832000,50.0,26.09189189189189,0.0,1.7722972972972977,0 days 00:00:00.813000,4.0,8.0
2,2023,Saudi Arabian Grand Prix,1142,7779,149,Jeddah,2023-03-19 20:00:00,10,Pierre Gasly,GAS,gasly,alpine,9.0,9.0,9,Finished,2.0,0 days 00:00:54.747000,50.0,26.09189189189189,0.0,1.7722972972972977,0 days 00:00:01.092000,4.0,8.0
2,2023,Saudi Arabian Grand Prix,1142,7779,149,Jeddah,2023-03-19 20:00:00,20,Kevin Magnussen,MAG,kevin_magnussen,haas,10.0,13.0,10,Finished,1.0,0 days 00:01:04.826000,50.0,26.09189189189189,0.0,1.7722972972972977,0 days 00:00:01.369000,1.0,1.0
2,2023,Saudi Arabian Grand Prix,1142,7779,149,Jeddah,2023-03-19 20:00:00,22,Yuki Tsunoda,TSU,tsunoda,alphatauri,11.0,16.0,11,Finished,0.0,0 days 00:01:07.494000,50.0,26.09189189189189,0.0,1.7722972972972977,0 days 00:00:01.674000,0.0,0.0
2,2023,Saudi Arabian Grand Prix,1142,7779,149,Jeddah,2023-03-19 20:00:00,27,Nico Hulkenberg,HUL,hulkenberg,haas,12.0,10.0,12,Finished,0.0,0 days 00:01:10.588000,50.0,26.09189189189189,0.0,1.7722972972972977,0 days 00:00:01.186000,0.0,1.0
2,2023,Saudi Arabian Grand Prix,1142,7779,149,Jeddah,2023-03-19 20:00:00,24,Guanyu Zhou,ZHO,zhou,alfa,13.0,11.0,13,Finished,0.0,0 days 00:01:16.060000,50.0,26.09189189189189,0.0,1.7722972972972977,0 days 00:00:01.196000,0.0,4.0
2,2023,Saudi Arabian Grand Prix,1142,7779,149,Jeddah,2023-03-19 20:00:00,21,Nyck De Vries,DEV,de_vries,alphatauri,14.0,18.0,14,Finished,0.0,0 days 00:01:17.478000,50.0,26.09189189189189,0.0,1.7722972972972977,0 days 00:00:01.979000,0.0,0.0
2,2023,Saudi Arabian Grand Prix,1142,7779,149,Jeddah,2023-03-19 20:00:00,81,Oscar Piastri,PIA,piastri,mclaren,15.0,8.0,15,Finished,0.0,0 days 00:01:25.021000,50.0,26.09189189189189,0.0,1.7722972972972977,0 days 00:00:00.978000,0.0,0.0
2,2023,Saudi Arabian Grand Prix,1142,7779,149,Jeddah,2023-03-19 20:00:00,2,Logan Sargeant,SAR,sargeant,williams,16.0,20.0,16,Finished,0.0,0 days 00:01:26.293000,50.0,26.09189189189189,0.0,1.7722972972972977,0 days 00:00:40.245000,0.0,1.0
2,2023,Saudi Arabian Grand Prix,1142,7779,149,Jeddah,2023-03-19 20:00:00,4,Lando Norris,NOR,norris,mclaren,17.0,19.0,17,Finished,0.0,0 days 00:01:26.445000,50.0,26.09189189189189,0.0,1.7722972972972977,0 days 00:00:02.182000,0.0,0.0
2,2023,Saudi Arabian Grand Prix,1142,7779,149,Jeddah,2023-03-19 20:00:00,77,Valtteri Bottas,BOT,bottas,alfa,18.0,14.0,18,Lapped,0.0,0 days 00:00:29.584000,49.0,26.09189189189189,0.0,1.7722972972972977,0 days 00:00:01.403000,4.0,4.0
2,2023,Saudi Arabian Grand Prix,1142,7779,149,Jeddah,2023-03-19 20:00:00,23,Alexander Albon,ALB,albon,williams,19.0,17.0,R,Retired,0.0,0 days 02:46:00,27.0,26.09189189189189,0.0,1.7722972972972977,0 days 00:00:01.729000,1.0,1.0
2,2023,Saudi Arabian Grand Prix,1142,7779,149,Jeddah,2023-03-19 20:00:00,18,Lance Stroll,STR,stroll,aston_martin,20.0,5.0,R,Retired,0.0,0 days 02:46:00,16.0,26.09189189189189,0.0,1.7722972972972977,0 days 00:00:00.680000,8.0,38.0
3,2023,Australian Grand Prix,1143,7787,10,Melbourne,2023-04-02 15:00:00,1,Max Verstappen,VER,max_verstappen,red_bull,1.0,1.0,1,Finished,25.0,0 days 02:32:38.371000,58.0,17.449549549549552,0.0,1.127027027027027,0 days 00:00:00,69.0,123.0
3,2023,Australian Grand Prix,1143,7787,10,Melbourne,2023-04-02 15:00:00,44,Lewis Hamilton,HAM,hamilton,mercedes,2.0,3.0,2,Finished,18.0,0 days 00:00:00.179000,58.0,17.449549549549552,0.0,1.127027027027027,0 days 00:00:00.372000,38.0,56.0
3,2023,Australian Grand Prix,1143,7787,10,Melbourne,2023-04-02 15:00:00,14,Fernando Alonso,ALO,alonso,aston_martin,3.0,4.0,3,Finished,15.0,0 days 00:00:00.769000,58.0,17.449549549549552,0.0,1.127027027027027,0 days 00:00:00.407000,45.0,65.0
3,2023,Australian Grand Prix,1143,7787,10,Melbourne,2023-04-02 15:00:00,18,Lance Stroll,STR,stroll,aston_martin,4.0,6.0,4,Finished,12.0,0 days 00:00:03.082000,58.0,17.449549549549552,0.0,1.127027027027027,0 days 00:00:00.576000,20.0,65.0
3,2023,Australian Grand Prix,1143,7787,10,Melbourne,2023-04-02 15:00:00,11,Sergio Perez,PER,perez,red_bull,5.0,20.0,5,Finished,11.0,0 days 00:00:03.320000,58.0,17.449549549549552,0.0,1.127027027027027,0 days 02:46:00,54.0,123.0
3,2023,Australian Grand Prix,1143,7787,10,Melbourne,2023-04-02 15:00:00,4,Lando Norris,NOR,norris,mclaren,6.0,13.0,6,Finished,8.0,0 days 00:00:03.701000,58.0,17.449549549549552,0.0,1.127027027027027,0 days 00:00:01.387000,8.0,12.0
3,2023,Australian Grand Prix,1143,7787,10,Melbourne,2023-04-02 15:00:00,27,Nico Hulkenberg,HUL,hulkenberg,haas,7.0,10.0,7,Finished,6.0,0 days 00:00:04.939000,58.0,17.449549549549552,0.0,1.127027027027027,0 days 00:00:00.680000,6.0,7.0
3,2023,Australian Grand Prix,1143,7787,10,Melbourne,2023-04-02 15:00:00,81,Oscar Piastri,PIA,piastri,mclaren,8.0,16.0,8,Finished,4.0,0 days 00:00:05.382000,58.0,17.449549549549552,0.0,1.127027027027027,0 days 00:00:01.785000,4.0,12.0
3,2023,Australian Grand Prix,1143,7787,10,Melbourne,2023-04-02 15:00:00,24,Guanyu Zhou,ZHO,zhou,alfa,9.0,17.0,9,Finished,2.0,0 days 00:00:05.713000,58.0,17.449549549549552,0.0,1.127027027027027,0 days 00:00:01.808000,2.0,6.0
3,2023,Australian Grand Prix,1143,7787,10,Melbourne,2023-04-02 15:00:00,22,Yuki Tsunoda,TSU,tsunoda,alphatauri,10.0,12.0,10,Finished,1.0,0 days 00:00:06.052000,58.0,17.449549549549552,0.0,1.127027027027027,0 days 00:00:01.367000,1.0,1.0
3,2023,Australian Grand Prix,1143,7787,10,Melbourne,2023-04-02 15:00:00,77,Valtteri Bottas,BOT,bottas,alfa,11.0,19.0,11,Finished,0.0,0 days 00:00:06.513000,58.0,17.449549549549552,0.0,1.127027027027027,0 days 00:00:01.982000,4.0,6.0
3,2023,Australian Grand Prix,1143,7787,10,Melbourne,2023-04-02 15:00:00,55,Carlos Sainz,SAI,sainz,ferrari,12.0,5.0,12,Finished,0.0,0 days 00:00:06.594000,58.0,17.449549549549552,0.0,1.127027027027027,0 days 00:00:00.538000,20.0,26.0
3,2023,Australian Grand Prix,1143,7787,10,Melbourne,2023-04-02 15:00:00,10,Pierre Gasly,GAS,gasly,alpine,13.0,9.0,13,Retired,0.0,0 days 02:46:00,56.0,17.449549549549552,0.0,1.127027027027027,0 days 00:00:00.842000,4.0,8.0
3,2023,Australian Grand Prix,1143,7787,10,Melbourne,2023-04-02 15:00:00,31,Esteban Ocon,OCO,ocon,alpine,14.0,11.0,14,Retired,0.0,0 days 02:46:00,56.0,17.449549549549552,0.0,1.127027027027027,0 days 00:00:01.036000,4.0,8.0
3,2023,Australian Grand Prix,1143,7787,10,Melbourne,2023-04-02 15:00:00,21,Nyck De Vries,DEV,de_vries,alphatauri,15.0,15.0,15,Retired,0.0,0 days 02:46:00,56.0,17.449549549549552,0.0,1.127027027027027,0 days 00:00:01.603000,0.0,1.0
3,2023,Australian Grand Prix,1143,7787,10,Melbourne,2023-04-02 15:00:00,2,Logan Sargeant,SAR,sargeant,williams,16.0,18.0,16,Retired,0.0,0 days 02:46:00,56.0,17.449549549549552,0.0,1.127027027027027,0 days 00:00:01.825000,0.0,1.0
3,2023,Australian Grand Prix,1143,7787,10,Melbourne,2023-04-02 15:00:00,20,Kevin Magnussen,MAG,kevin_magnussen,haas,17.0,14.0,17,Retired,0.0,0 days 02:46:00,52.0,17.449549549549552,0.0,1.127027027027027,0 days 00:00:01.397000,1.0,7.0
3,2023,Australian Grand Prix,1143,7787,10,Melbourne,2023-04-02 15:00:00,63,George Russell,RUS,russell,mercedes,18.0,2.0,R,Retired,0.0,0 days 02:46:00,17.0,17.449549549549552,0.0,1.127027027027027,0 days 00:00:00.236000,18.0,56.0
3,2023,Australian Grand Prix,1143,7787,10,Melbourne,2023-04-02 15:00:00,23,Alexander Albon,ALB,albon,williams,19.0,8.0,R,Retired,0.0,0 days 02:46:00,6.0,17.449549549549552,0.0,1.127027027027027,0 days 00:00:00.877000,1.0,1.0
3,2023,Australian Grand Prix,1143,7787,10,Melbourne,2023-04-02 15:00:00,16,Charles Leclerc,LEC,leclerc,ferrari,20.0,7.0,R,Retired,0.0,0 days 02:46:00,0.0,17.449549549549552,0.0,1.127027027027027,0 days 00:00:00.637000,6.0,26.0
4,2023,Azerbaijan Grand Prix,1207,9070,144,Baku,2023-04-30 15:00:00,11,Sergio Perez,PER,perez,red_bull,1.0,3.0,1,Finished,25.0,0 days 01:32:42.436000,51.0,24.860625,0.0,1.083125,0 days 00:00:00.292000,87.0,180.0
4,2023,Azerbaijan Grand Prix,1207,9070,144,Baku,2023-04-30 15:00:00,1,Max Verstappen,VER,max_verstappen,red_bull,2.0,2.0,2,Finished,18.0,0 days 00:00:02.137000,51.0,24.860625,0.0,1.083125,0 days 00:00:00.188000,93.0,180.0
4,2023,Azerbaijan Grand Prix,1207,9070,144,Baku,2023-04-30 15:00:00,16,Charles Leclerc,LEC,leclerc,ferrari,3.0,1.0,3,Finished,15.0,0 days 00:00:21.217000,51.0,24.860625,0.0,1.083125,0 days 00:00:00,28.0,62.0
4,2023,Azerbaijan Grand Prix,1207,9070,144,Baku,2023-04-30 15:00:00,14,Fernando Alonso,ALO,alonso,aston_martin,4.0,6.0,4,Finished,12.0,0 days 00:00:22.024000,51.0,24.860625,0.0,1.083125,0 days 00:00:01.050000,60.0,87.0
4,2023,Azerbaijan Grand Prix,1207,9070,144,Baku,2023-04-30 15:00:00,55,Carlos Sainz,SAI,sainz,ferrari,5.0,4.0,5,Finished,10.0,0 days 00:00:45.491000,51.0,24.860625,0.0,1.083125,0 days 00:00:00.813000,34.0,62.0
4,2023,Azerbaijan Grand Prix,1207,9070,144,Baku,2023-04-30 15:00:00,44,Lewis Hamilton,HAM,hamilton,mercedes,6.0,5.0,6,Finished,8.0,0 days 00:00:46.145000,51.0,24.860625,0.0,1.083125,0 days 00:00:00.974000,48.0,76.0
4,2023,Azerbaijan Grand Prix,1207,9070,144,Baku,2023-04-30 15:00:00,18,Lance Stroll,STR,stroll,aston_martin,7.0,9.0,7,Finished,6.0,0 days 00:00:51.617000,51.0,24.860625,0.0,1.083125,0 days 00:00:01.373000,27.0,87.0
4,2023,Azerbaijan Grand Prix,1207,9070,144,Baku,2023-04-30 15:00:00,63,George Russell,RUS,russell,mercedes,8.0,11.0,8,Finished,5.0,0 days 00:01:14.240000,51.0,24.860625,0.0,1.083125,0 days 00:00:01.451000,28.0,76.0
4,2023,Azerbaijan Grand Prix,1207,9070,144,Baku,2023-04-30 15:00:00,4,Lando Norris,NOR,norris,mclaren,9.0,7.0,9,Finished,2.0,0 days 00:01:20.376000,51.0,24.860625,0.0,1.083125,0 days 00:00:01.078000,10.0,14.0
4,2023,Azerbaijan Grand Prix,1207,9070,144,Baku,2023-04-30 15:00:00,22,Yuki Tsunoda,TSU,tsunoda,alphatauri,10.0,8.0,10,Finished,1.0,0 days 00:01:23.862000,51.0,24.860625,0.0,1.083125,0 days 00:00:01.366000,2.0,2.0
4,2023,Azerbaijan Grand Prix,1207,9070,144,Baku,2023-04-30 15:00:00,81,Oscar Piastri,PIA,piastri,mclaren,11.0,10.0,11,Finished,0.0,0 days 00:01:26.501000,51.0,24.860625,0.0,1.083125,0 days 00:00:01.408000,4.0,14.0
4,2023,Azerbaijan Grand Prix,1207,9070,144,Baku,2023-04-30 15:00:00,23,Alexander Albon,ALB,albon,williams,12.0,12.0,12,Finished,0.0,0 days 00:01:28.623000,51.0,24.860625,0.0,1.083125,0 days 00:00:01.615000,1.0,1.0
4,2023,Azerbaijan Grand Prix,1207,9070,144,Baku,2023-04-30 15:00:00,20,Kevin Magnussen,MAG,kevin_magnussen,haas,13.0,16.0,13,Finished,0.0,0 days 00:01:29.729000,51.0,24.860625,0.0,1.083125,0 days 00:00:03.214000,1.0,7.0
4,2023,Azerbaijan Grand Prix,1207,9070,144,Baku,2023-04-30 15:00:00,10,Pierre Gasly,GAS,gasly,alpine,14.0,17.0,14,Finished,0.0,0 days 00:01:31.332000,51.0,24.860625,0.0,1.083125,0 days 00:00:04.650000,4.0,8.0
4,2023,Azerbaijan Grand Prix,1207,9070,144,Baku,2023-04-30 15:00:00,31,Esteban Ocon,OCO,ocon,alpine,15.0,19.0,15,Finished,0.0,0 days 00:01:37.794000,51.0,24.860625,0.0,1.083125,0 days 00:00:01.595000,4.0,8.0
4,2023,Azerbaijan Grand Prix,1207,9070,144,Baku,2023-04-30 15:00:00,2,Logan Sargeant,SAR,sargeant,williams,16.0,14.0,16,Finished,0.0,0 days 00:01:40.943000,51.0,24.860625,0.0,1.083125,0 days 00:00:02.039000,0.0,1.0
4,2023,Azerbaijan Grand Prix,1207,9070,144,Baku,2023-04-30 15:00:00,27,Nico Hulkenberg,HUL,hulkenberg,haas,17.0,20.0,17,Lapped,0.0,0 days 00:00:09.937000,50.0,24.860625,0.0,1.083125,0 days 00:00:02.552000,6.0,7.0
4,2023,Azerbaijan Grand Prix,1207,9070,144,Baku,2023-04-30 15:00:00,77,Valtteri Bottas,BOT,bottas,alfa,18.0,13.0,18,Lapped,0.0,0 days 00:00:19.098000,50.0,24.860625,0.0,1.083125,0 days 00:00:02.056000,4.0,6.0
4,2023,Azerbaijan Grand Prix,1207,9070,144,Baku,2023-04-30 15:00:00,24,Guanyu Zhou,ZHO,zhou,alfa,19.0,15.0,R,Retired,0.0,0 days 02:46:00,36.0,24.860625,0.0,1.083125,0 days 00:00:02.439000,2.0,6.0
4,2023,Azerbaijan Grand Prix,1207,9070,144,Baku,2023-04-30 15:00:00,21,Nyck De Vries,DEV,de_vries,alphatauri,20.0,18.0,R,Retired,0.0,0 days 02:46:00,9.0,24.860625,0.0,1.083125,0 days 00:00:15.079000,0.0,2.0
5,2023,Miami Grand Prix,1208,9078,151,Miami,2023-05-07 15:30:00,1,Max Verstappen,VER,max_verstappen,red_bull,1.0,9.0,1,Finished,26.0,0 days 01:27:38.241000,57.0,27.11741935483871,0.0,3.970322580645161,0 days 00:00:00,119.0,224.0
5,2023,Miami Grand Prix,1208,9078,151,Miami,2023-05-07 15:30:00,11,Sergio Perez,PER,perez,red_bull,2.0,1.0,2,Finished,18.0,0 days 00:00:05.384000,57.0,27.11741935483871,0.0,3.970322580645161,0 days 00:00:00.027000,105.0,224.0
5,2023,Miami Grand Prix,1208,9078,151,Miami,2023-05-07 15:30:00,14,Fernando Alonso,ALO,alonso,aston_martin,3.0,2.0,3,Finished,15.0,0 days 00:00:26.305000,57.0,27.11741935483871,0.0,3.970322580645161,0 days 00:00:00.283000,75.0,102.0
5,2023,Miami Grand Prix,1208,9078,151,Miami,2023-05-07 15:30:00,63,George Russell,RUS,russell,mercedes,4.0,6.0,4,Finished,12.0,0 days 00:00:33.229000,57.0,27.11741935483871,0.0,3.970322580645161,0 days 00:00:00.929000,40.0,96.0
5,2023,Miami Grand Prix,1208,9078,151,Miami,2023-05-07 15:30:00,55,Carlos Sainz,SAI,sainz,ferrari,5.0,3.0,5,Finished,10.0,0 days 00:00:42.511000,57.0,27.11741935483871,0.0,3.970322580645161,0 days 00:00:00.334000,44.0,78.0
5,2023,Miami Grand Prix,1208,9078,151,Miami,2023-05-07 15:30:00,44,Lewis Hamilton,HAM,hamilton,mercedes,6.0,13.0,6,Finished,8.0,0 days 00:00:51.249000,57.0,27.11741935483871,0.0,3.970322580645161,0 days 00:00:01.032000,56.0,96.0
5,2023,Miami Grand Prix,1208,9078,151,Miami,2023-05-07 15:30:00,16,Charles Leclerc,LEC,leclerc,ferrari,7.0,7.0,7,Finished,6.0,0 days 00:00:52.988000,57.0,27.11741935483871,0.0,3.970322580645161,0 days 00:00:00.150000,34.0,78.0
5,2023,Miami Grand Prix,1208,9078,151,Miami,2023-05-07 15:30:00,10,Pierre Gasly,GAS,gasly,alpine,8.0,5.0,8,Finished,4.0,0 days 00:00:55.670000,57.0,27.11741935483871,0.0,3.970322580645161,0 days 00:00:00.798000,8.0,14.0
5,2023,Miami Grand Prix,1208,9078,151,Miami,2023-05-07 15:30:00,31,Esteban Ocon,OCO,ocon,alpine,9.0,8.0,9,Finished,2.0,0 days 00:00:58.123000,57.0,27.11741935483871,0.0,3.970322580645161,0 days 00:00:00.630000,6.0,14.0
5,2023,Miami Grand Prix,1208,9078,151,Miami,2023-05-07 15:30:00,20,Kevin Magnussen,MAG,kevin_magnussen,haas,10.0,4.0,10,Finished,1.0,0 days 00:01:02.945000,57.0,27.11741935483871,0.0,3.970322580645161,0 days 00:00:00.859000,2.0,8.0
5,2023,Miami Grand Prix,1208,9078,151,Miami,2023-05-07 15:30:00,22,Yuki Tsunoda,TSU,tsunoda,alphatauri,11.0,17.0,11,Finished,0.0,0 days 00:01:04.309000,57.0,27.11741935483871,0.0,3.970322580645161,0 days 00:00:01.615000,2.0,2.0
5,2023,Miami Grand Prix,1208,9078,151,Miami,2023-05-07 15:30:00,18,Lance Stroll,STR,stroll,aston_martin,12.0,18.0,12,Finished,0.0,0 days 00:01:04.754000,57.0,27.11741935483871,0.0,3.970322580645161,0 days 00:00:01.662000,27.0,102.0
5,2023,Miami Grand Prix,1208,9078,151,Miami,2023-05-07 15:30:00,77,Valtteri Bottas,BOT,bottas,alfa,13.0,10.0,13,Finished,0.0,0 days 00:01:11.637000,57.0,27.11741935483871,0.0,3.970322580645161,0 days 00:00:00.750000,4.0,6.0
5,2023,Miami Grand Prix,1208,9078,151,Miami,2023-05-07 15:30:00,23,Alexander Albon,ALB,albon,williams,14.0,11.0,14,Finished,0.0,0 days 00:01:12.861000,57.0,27.11741935483871,0.0,3.970322580645161,0 days 00:00:00.981000,1.0,1.0
5,2023,Miami Grand Prix,1208,9078,151,Miami,2023-05-07 15:30:00,27,Nico Hulkenberg,HUL,hulkenberg,haas,15.0,12.0,15,Finished,0.0,0 days 00:01:14.950000,57.0,27.11741935483871,0.0,3.970322580645161,0 days 00:00:01.089000,6.0,8.0
5,2023,Miami Grand Prix,1208,9078,151,Miami,2023-05-07 15:30:00,24,Guanyu Zhou,ZHO,zhou,alfa,16.0,14.0,16,Finished,0.0,0 days 00:01:18.440000,57.0,27.11741935483871,0.0,3.970322580645161,0 days 00:00:01.277000,2.0,6.0
5,2023,Miami Grand Prix,1208,9078,151,Miami,2023-05-07 15:30:00,4,Lando Norris,NOR,norris,mclaren,17.0,16.0,17,Finished,0.0,0 days 00:01:27.717000,57.0,27.11741935483871,0.0,3.970322580645161,0 days 00:00:01.580000,10.0,14.0
5,2023,Miami Grand Prix,1208,9078,151,Miami,2023-05-07 15:30:00,21,Nyck De Vries,DEV,de_vries,alphatauri,18.0,15.0,18,Finished,0.0,0 days 00:01:28.949000,57.0,27.11741935483871,0.0,3.970322580645161,0 days 00:00:01.511000,0.0,2.0
5,2023,Miami Grand Prix,1208,9078,151,Miami,2023-05-07 15:30:00,81,Oscar Piastri,PIA,piastri,mclaren,19.0,19.0,19,Lapped,0.0,0 days 00:00:20.510000,56.0,27.11741935483871,0.0,3.970322580645161,0 days 00:00:01.670000,4.0,14.0
5,2023,Miami Grand Prix,1208,9078,151,Miami,2023-05-07 15:30:00,2,Logan Sargeant,SAR,sargeant,williams,20.0,20.0,20,Lapped,0.0,0 days 00:00:34.388000,56.0,27.11741935483871,0.0,3.970322580645161,0 days 00:00:01.763000,0.0,1.0
6,2023,Monaco Grand Prix,1210,9094,22,Monte Carlo,2023-05-28 15:00:00,1,Max Verstappen,VER,max_verstappen,red_bull,1.0,1.0,1,Finished,25.0,0 days 01:48:51.980000,78.0,25.06590909090909,0.1477272727272727,1.005681818181818,0 days 00:00:00,144.0,249.0
6,2023,Monaco Grand Prix,1210,9094,22,Monte Carlo,2023-05-28 15:00:00,14,Fernando Alonso,ALO,alonso,aston_martin,2.0,2.0,2,Finished,18.0,0 days 00:00:27.921000,78.0,25.06590909090909,0.1477272727272727,1.005681818181818,0 days 00:00:00.084000,93.0,120.0
6,2023,Monaco Grand Prix,1210,9094,22,Monte Carlo,2023-05-28 15:00:00,31,Esteban Ocon,OCO,ocon,alpine,3.0,3.0,3,Finished,15.0,0 days 00:00:36.990000,78.0,25.06590909090909,0.1477272727272727,1.005681818181818,0 days 00:00:00.188000,21.0,35.0
6,2023,Monaco Grand Prix,1210,9094,22,Monte Carlo,2023-05-28 15:00:00,44,Lewis Hamilton,HAM,hamilton,mercedes,4.0,5.0,4,Finished,13.0,0 days 00:00:39.062000,78.0,25.06590909090909,0.1477272727272727,1.005681818181818,0 days 00:00:00.360000,69.0,119.0
6,2023,Monaco Grand Prix,1210,9094,22,Monte Carlo,2023-05-28 15:00:00,63,George Russell,RUS,russell,mercedes,5.0,8.0,5,Finished,10.0,0 days 00:00:56.284000,78.0,25.06590909090909,0.1477272727272727,1.005681818181818,0 days 00:00:00.599000,50.0,119.0
6,2023,Monaco Grand Prix,1210,9094,22,Monte Carlo,2023-05-28 15:00:00,16,Charles Leclerc,LEC,leclerc,ferrari,6.0,6.0,6,Finished,8.0,0 days 00:01:01.890000,78.0,25.06590909090909,0.1477272727272727,1.005681818181818,0 days 00:00:00.106000,42.0,90.0
6,2023,Monaco Grand Prix,1210,9094,22,Monte Carlo,2023-05-28 15:00:00,10,Pierre Gasly,GAS,gasly,alpine,7.0,7.0,7,Finished,6.0,0 days 00:01:02.362000,78.0,25.06590909090909,0.1477272727272727,1.005681818181818,0 days 00:00:00.568000,14.0,35.0
6,2023,Monaco Grand Prix,1210,9094,22,Monte Carlo,2023-05-28 15:00:00,55,Carlos Sainz,SAI,sainz,ferrari,8.0,4.0,8,Finished,4.0,0 days 00:01:03.391000,78.0,25.06590909090909,0.1477272727272727,1.005681818181818,0 days 00:00:00.265000,48.0,90.0
6,2023,Monaco Grand Prix,1210,9094,22,Monte Carlo,2023-05-28 15:00:00,4,Lando Norris,NOR,norris,mclaren,9.0,10.0,9,Lapped,2.0,0 days 00:00:04.061000,77.0,25.06590909090909,0.1477272727272727,1.005681818181818,0 days 00:00:00.889000,12.0,17.0
6,2023,Monaco Grand Prix,1210,9094,22,Monte Carlo,2023-05-28 15:00:00,81,Oscar Piastri,PIA,piastri,mclaren,10.0,11.0,10,Lapped,1.0,0 days 00:00:13.959000,77.0,25.06590909090909,0.1477272727272727,1.005681818181818,0 days 00:00:01.030000,5.0,17.0
6,2023,Monaco Grand Prix,1210,9094,22,Monte Carlo,2023-05-28 15:00:00,77,Valtteri Bottas,BOT,bottas,alfa,11.0,15.0,11,Lapped,0.0,0 days 00:00:28.963000,77.0,25.06590909090909,0.1477272727272727,1.005681818181818,0 days 00:00:01.260000,4.0,6.0
6,2023,Monaco Grand Prix,1210,9094,22,Monte Carlo,2023-05-28 15:00:00,21,Nyck De Vries,DEV,de_vries,alphatauri,12.0,12.0,12,Lapped,0.0,0 days 00:00:57.317000,77.0,25.06590909090909,0.1477272727272727,1.005681818181818,0 days 00:00:01.063000,0.0,2.0
6,2023,Monaco Grand Prix,1210,9094,22,Monte Carlo,2023-05-28 15:00:00,24,Guanyu Zhou,ZHO,zhou,alfa,13.0,19.0,13,Lapped,0.0,0 days 00:01:11.852000,77.0,25.06590909090909,0.1477272727272727,1.005681818181818,0 days 00:00:02.158000,2.0,6.0
6,2023,Monaco Grand Prix,1210,9094,22,Monte Carlo,2023-05-28 15:00:00,23,Alexander Albon,ALB,albon,williams,14.0,13.0,14,Lapped,0.0,0 days 00:01:19.210000,77.0,25.06590909090909,0.1477272727272727,1.005681818181818,0 days 00:00:01.162000,1.0,1.0
6,2023,Monaco Grand Prix,1210,9094,22,Monte Carlo,2023-05-28 15:00:00,22,Yuki Tsunoda,TSU,tsunoda,alphatauri,15.0,9.0,15,Lapped,0.0,0 days 00:00:07.545000,76.0,25.06590909090909,0.1477272727272727,1.005681818181818,0 days 00:00:00.717000,2.0,2.0
6,2023,Monaco Grand Prix,1210,9094,22,Monte Carlo,2023-05-28 15:00:00,11,Sergio Perez,PER,perez,red_bull,16.0,20.0,16,Lapped,0.0,0 days 00:00:49.024000,76.0,25.06590909090909,0.1477272727272727,1.005681818181818,0 days 00:00:02.485000,105.0,249.0
6,2023,Monaco Grand Prix,1210,9094,22,Monte Carlo,2023-05-28 15:00:00,27,Nico Hulkenberg,HUL,hulkenberg,haas,17.0,18.0,17,Lapped,0.0,0 days 00:00:58.506000,76.0,25.06590909090909,0.1477272727272727,1.005681818181818,0 days 00:00:01.914000,6.0,8.0
6,2023,Monaco Grand Prix,1210,9094,22,Monte Carlo,2023-05-28 15:00:00,2,Logan Sargeant,SAR,sargeant,williams,18.0,16.0,18,Lapped,0.0,0 days 00:01:17.983000,76.0,25.06590909090909,0.1477272727272727,1.005681818181818,0 days 00:00:01.748000,0.0,1.0
6,2023,Monaco Grand Prix,1210,9094,22,Monte Carlo,2023-05-28 15:00:00,20,Kevin Magnussen,MAG,kevin_magnussen,haas,19.0,17.0,19,Retired,0.0,0 days 02:46:00,70.0,25.06590909090909,0.1477272727272727,1.005681818181818,0 days 00:00:01.905000,2.0,8.0
6,2023,Monaco Grand Prix,1210,9094,22,Monte Carlo,2023-05-28 15:00:00,18,Lance Stroll,STR,stroll,aston_martin,20.0,14.0,R,Retired,0.0,0 days 02:46:00,53.0,25.06590909090909,0.1477272727272727,1.005681818181818,0 days 00:00:01.258000,27.0,120.0
7,2023,Spanish Grand Prix,1211,9102,15,Catalunya,2023-06-04 15:00:00,1,Max Verstappen,VER,max_verstappen,red_bull,1.0,1.0,1,Finished,26.0,0 days 01:27:57.940000,66.0,22.674025974025977,0.0,1.8694805194805193,0 days 00:00:00,170.0,287.0
7,2023,Spanish Grand Prix,1211,9102,15,Catalunya,2023-06-04 15:00:00,44,Lewis Hamilton,HAM,hamilton,mercedes,2.0,4.0,2,Finished,18.0,0 days 00:00:24.090000,66.0,22.674025974025977,0.0,1.8694805194805193,0 days 00:00:00.546000,87.0,152.0
7,2023,Spanish Grand Prix,1211,9102,15,Catalunya,2023-06-04 15:00:00,63,George Russell,RUS,russell,mercedes,3.0,12.0,3,Finished,15.0,0 days 00:00:32.389000,66.0,22.674025974025977,0.0,1.8694805194805193,0 days 00:00:01.054000,65.0,152.0
7,2023,Spanish Grand Prix,1211,9102,15,Catalunya,2023-06-04 15:00:00,11,Sergio Perez,PER,perez,red_bull,4.0,11.0,4,Finished,12.0,0 days 00:00:35.812000,66.0,22.674025974025977,0.0,1.8694805194805193,0 days 00:00:01.062000,117.0,287.0
7,2023,Spanish Grand Prix,1211,9102,15,Catalunya,2023-06-04 15:00:00,55,Carlos Sainz,SAI,sainz,ferrari,5.0,2.0,5,Finished,10.0,0 days 00:00:45.698000,66.0,22.674025974025977,0.0,1.8694805194805193,0 days 00:00:00.462000,58.0,100.0
7,2023,Spanish Grand Prix,1211,9102,15,Catalunya,2023-06-04 15:00:00,18,Lance Stroll,STR,stroll,aston_martin,6.0,5.0,6,Finished,8.0,0 days 00:01:03.320000,66.0,22.674025974025977,0.0,1.8694805194805193,0 days 00:00:00.722000,35.0,134.0
7,2023,Spanish Grand Prix,1211,9102,15,Catalunya,2023-06-04 15:00:00,14,Fernando Alonso,ALO,alonso,aston_martin,7.0,8.0,7,Finished,6.0,0 days 00:01:04.127000,66.0,22.674025974025977,0.0,1.8694805194805193,0 days 00:00:00.826000,99.0,134.0
7,2023,Spanish Grand Prix,1211,9102,15,Catalunya,2023-06-04 15:00:00,31,Esteban Ocon,OCO,ocon,alpine,8.0,6.0,8,Finished,4.0,0 days 00:01:09.242000,66.0,22.674025974025977,0.0,1.8694805194805193,0 days 00:00:00.729000,25.0,40.0
7,2023,Spanish Grand Prix,1211,9102,15,Catalunya,2023-06-04 15:00:00,24,Guanyu Zhou,ZHO,zhou,alfa,9.0,13.0,9,Finished,2.0,0 days 00:01:11.878000,66.0,22.674025974025977,0.0,1.8694805194805193,0 days 00:00:01.249000,4.0,8.0
7,2023,Spanish Grand Prix,1211,9102,15,Catalunya,2023-06-04 15:00:00,10,Pierre Gasly,GAS,gasly,alpine,10.0,10.0,10,Finished,1.0,0 days 00:01:13.530000,66.0,22.674025974025977,0.0,1.8694805194805193,0 days 00:00:00.544000,15.0,40.0
7,2023,Spanish Grand Prix,1211,9102,15,Catalunya,2023-06-04 15:00:00,16,Charles Leclerc,LEC,leclerc,ferrari,11.0,19.0,11,Finished,0.0,0 days 00:01:14.419000,66.0,22.674025974025977,0.0,1.8694805194805193,0 days 00:00:01.807000,42.0,100.0
7,2023,Spanish Grand Prix,1211,9102,15,Catalunya,2023-06-04 15:00:00,22,Yuki Tsunoda,TSU,tsunoda,alphatauri,12.0,15.0,12,Finished,0.0,0 days 00:01:15.416000,66.0,22.674025974025977,0.0,1.8694805194805193,0 days 00:00:01.590000,2.0,2.0
7,2023,Spanish Grand Prix,1211,9102,15,Catalunya,2023-06-04 15:00:00,81,Oscar Piastri,PIA,piastri,mclaren,13.0,9.0,13,Lapped,0.0,0 days 00:00:04.275000,65.0,22.674025974025977,0.0,1.8694805194805193,0 days 00:00:00.787000,5.0,17.0
7,2023,Spanish Grand Prix,1211,9102,15,Catalunya,2023-06-04 15:00:00,21,Nyck De Vries,DEV,de_vries,alphatauri,14.0,14.0,14,Lapped,0.0,0 days 00:00:05.327000,65.0,22.674025974025977,0.0,1.8694805194805193,0 days 00:00:01.309000,0.0,2.0
7,2023,Spanish Grand Prix,1211,9102,15,Catalunya,2023-06-04 15:00:00,27,Nico Hulkenberg,HUL,hulkenberg,haas,15.0,7.0,15,Lapped,0.0,0 days 00:00:17.297000,65.0,22.674025974025977,0.0,1.8694805194805193,0 days 00:00:00.957000,6.0,8.0
7,2023,Spanish Grand Prix,1211,9102,15,Catalunya,2023-06-04 15:00:00,23,Alexander Albon,ALB,albon,williams,16.0,18.0,16,Lapped,0.0,0 days 00:00:27.708000,65.0,22.674025974025977,0.0,1.8694805194805193,0 days 00:00:01.791000,1.0,1.0
7,2023,Spanish Grand Prix,1211,9102,15,Catalunya,2023-06-04 15:00:00,4,Lando Norris,NOR,norris,mclaren,17.0,3.0,17,Lapped,0.0,0 days 00:00:30.390000,65.0,22.674025974025977,0.0,1.8694805194805193,0 days 00:00:00.504000,12.0,17.0
7,2023,Spanish Grand Prix,1211,9102,15,Catalunya,2023-06-04 15:00:00,20,Kevin Magnussen,MAG,kevin_magnussen,haas,18.0,17.0,18,Lapped,0.0,0 days 00:00:38.080000,65.0,22.674025974025977,0.0,1.8694805194805193,0 days 00:00:01.770000,2.0,8.0
7,2023,Spanish Grand Prix,1211,9102,15,Catalunya,2023-06-04 15:00:00,77,Valtteri Bottas,BOT,bottas,alfa,19.0,16.0,19,Lapped,0.0,0 days 00:00:49.943000,65.0,22.674025974025977,0.0,1.8694805194805193,0 days 00:00:01.705000,4.0,8.0
7,2023,Spanish Grand Prix,1211,9102,15,Catalunya,2023-06-04 15:00:00,2,Logan Sargeant,SAR,sargeant,williams,20.0,20.0,20,Lapped,0.0,0 days 00:00:51.677000,65.0,22.674025974025977,0.0,1.8694805194805193,0 days 00:00:02.427000,0.0,1.0
8,2023,Canadian Grand Prix,1212,9110,23,Montreal,2023-06-18 14:00:00,1,Max Verstappen,VER,max_verstappen,red_bull,1.0,1.0,1,Finished,25.0,0 days 01:33:58.348000,70.0,18.53024691358025,0.0,1.9419753086419755,0 days 00:00:00.367000,195.0,321.0
8,2023,Canadian Grand Prix,1212,9110,23,Montreal,2023-06-18 14:00:00,14,Fernando Alonso,ALO,alonso,aston_martin,2.0,2.0,2,Finished,18.0,0 days 00:00:09.570000,70.0,18.53024691358025,0.0,1.9419753086419755,0 days 00:00:01.051000,117.0,154.0
8,2023,Canadian Grand Prix,1212,9110,23,Montreal,2023-06-18 14:00:00,44,Lewis Hamilton,HAM,hamilton,mercedes,3.0,3.0,3,Finished,15.0,0 days 00:00:14.168000,70.0,18.53024691358025,0.0,1.9419753086419755,0 days 00:00:01.701000,102.0,167.0
8,2023,Canadian Grand Prix,1212,9110,23,Montreal,2023-06-18 14:00:00,16,Charles Leclerc,LEC,leclerc,ferrari,4.0,10.0,4,Finished,12.0,0 days 00:00:18.648000,70.0,18.53024691358025,0.0,1.9419753086419755,0 days 00:00:01.890000,54.0,122.0
8,2023,Canadian Grand Prix,1212,9110,23,Montreal,2023-06-18 14:00:00,55,Carlos Sainz,SAI,sainz,ferrari,5.0,11.0,5,Finished,10.0,0 days 00:00:21.540000,70.0,18.53024691358025,0.0,1.9419753086419755,0 days 00:00:01.131000,68.0,122.0
8,2023,Canadian Grand Prix,1212,9110,23,Montreal,2023-06-18 14:00:00,11,Sergio Perez,PER,perez,red_bull,6.0,12.0,6,Finished,9.0,0 days 00:00:51.028000,70.0,18.53024691358025,0.0,1.9419753086419755,0 days 00:00:02.234000,126.0,321.0
8,2023,Canadian Grand Prix,1212,9110,23,Montreal,2023-06-18 14:00:00,23,Alexander Albon,ALB,albon,williams,7.0,9.0,7,Finished,6.0,0 days 00:01:00.813000,70.0,18.53024691358025,0.0,1.9419753086419755,0 days 00:00:00,7.0,7.0
8,2023,Canadian Grand Prix,1212,9110,23,Montreal,2023-06-18 14:00:00,31,Esteban Ocon,OCO,ocon,alpine,8.0,6.0,8,Finished,4.0,0 days 00:01:01.692000,70.0,18.53024691358025,0.0,1.9419753086419755,0 days 00:00:01.681000,29.0,44.0
8,2023,Canadian Grand Prix,1212,9110,23,Montreal,2023-06-18 14:00:00,18,Lance Stroll,STR,stroll,aston_martin,9.0,16.0,9,Finished,2.0,0 days 00:01:04.402000,70.0,18.53024691358025,0.0,1.9419753086419755,0 days 00:00:02.759000,37.0,154.0
8,2023,Canadian Grand Prix,1212,9110,23,Montreal,2023-06-18 14:00:00,77,Valtteri Bottas,BOT,bottas,alfa,10.0,14.0,10,Finished,1.0,0 days 00:01:04.432000,70.0,18.53024691358025,0.0,1.9419753086419755,0 days 00:00:03.096000,5.0,9.0
8,2023,Canadian Grand Prix,1212,9110,23,Montreal,2023-06-18 14:00:00,81,Oscar Piastri,PIA,piastri,mclaren,11.0,8.0,11,Finished,0.0,0 days 00:01:05.101000,70.0,18.53024691358025,0.0,1.9419753086419755,0 days 00:00:00.934000,5.0,17.0
8,2023,Canadian Grand Prix,1212,9110,23,Montreal,2023-06-18 14:00:00,10,Pierre Gasly,GAS,gasly,alpine,12.0,15.0,12,Finished,0.0,0 days 00:01:05.249000,70.0,18.53024691358025,0.0,1.9419753086419755,0 days 00:00:04.161000,15.0,44.0
8,2023,Canadian Grand Prix,1212,9110,23,Montreal,2023-06-18 14:00:00,4,Lando Norris,NOR,norris,mclaren,13.0,7.0,13,Finished,0.0,0 days 00:01:08.363000,70.0,18.53024691358025,0.0,1.9419753086419755,0 days 00:00:00.622000,12.0,17.0
8,2023,Canadian Grand Prix,1212,9110,23,Montreal,2023-06-18 14:00:00,22,Yuki Tsunoda,TSU,tsunoda,alphatauri,14.0,19.0,14,Finished,0.0,0 days 00:01:13.423000,70.0,18.53024691358025,0.0,1.9419753086419755,0 days 00:00:04.021000,2.0,2.0
8,2023,Canadian Grand Prix,1212,9110,23,Montreal,2023-06-18 14:00:00,27,Nico Hulkenberg,HUL,hulkenberg,haas,15.0,5.0,15,Lapped,0.0,0 days 00:00:16.943000,69.0,18.53024691358025,0.0,1.9419753086419755,0 days 00:00:01.580000,6.0,8.0
8,2023,Canadian Grand Prix,1212,9110,23,Montreal,2023-06-18 14:00:00,24,Guanyu Zhou,ZHO,zhou,alfa,16.0,20.0,16,Lapped,0.0,0 days 00:00:17.377000,69.0,18.53024691358025,0.0,1.9419753086419755,0 days 00:00:04.617000,4.0,9.0
8,2023,Canadian Grand Prix,1212,9110,23,Montreal,2023-06-18 14:00:00,20,Kevin Magnussen,MAG,kevin_magnussen,haas,17.0,13.0,17,Lapped,0.0,0 days 00:01:10.259000,69.0,18.53024691358025,0.0,1.9419753086419755,0 days 00:00:02.953000,2.0,8.0
8,2023,Canadian Grand Prix,1212,9110,23,Montreal,2023-06-18 14:00:00,21,Nyck De Vries,DEV,de_vries,alphatauri,18.0,17.0,18,Lapped,0.0,0 days 00:01:14.967000,69.0,18.53024691358025,0.0,1.9419753086419755,0 days 00:00:04.412000,0.0,2.0
8,2023,Canadian Grand Prix,1212,9110,23,Montreal,2023-06-18 14:00:00,63,George Russell,RUS,russell,mercedes,19.0,4.0,R,Retired,0.0,0 days 02:46:00,53.0,18.53024691358025,0.0,1.9419753086419755,0 days 00:00:01.373000,65.0,167.0
8,2023,Canadian Grand Prix,1212,9110,23,Montreal,2023-06-18 14:00:00,2,Logan Sargeant,SAR,sargeant,williams,20.0,18.0,R,Retired,0.0,0 days 02:46:00,6.0,18.53024691358025,0.0,1.9419753086419755,0 days 00:00:04.612000,0.0,7.0
9,2023,Austrian Grand Prix,1213,9118,19,Spielberg,2023-07-02 15:00:00,1,Max Verstappen,VER,max_verstappen,red_bull,1.0,1.0,1,Finished,26.0,0 days 01:25:33.607000,71.0,22.398039215686275,0.0196078431372549,1.0973856209150328,0 days 00:00:00,229.0,377.0
9,2023,Austrian Grand Prix,1213,9118,19,Spielberg,2023-07-02 15:00:00,16,Charles Leclerc,LEC,leclerc,ferrari,2.0,2.0,2,Finished,18.0,0 days 00:00:05.155000,71.0,22.398039215686275,0.0196078431372549,1.0973856209150328,0 days 00:00:00.048000,72.0,154.0
9,2023,Austrian Grand Prix,1213,9118,19,Spielberg,2023-07-02 15:00:00,11,Sergio Perez,PER,perez,red_bull,3.0,15.0,3,Finished,15.0,0 days 00:00:17.188000,71.0,22.398039215686275,0.0196078431372549,1.0973856209150328,0 days 00:00:00.786000,148.0,377.0
9,2023,Austrian Grand Prix,1213,9118,19,Spielberg,2023-07-02 15:00:00,4,Lando Norris,NOR,norris,mclaren,4.0,4.0,4,Finished,12.0,0 days 00:00:26.327000,71.0,22.398039215686275,0.0196078431372549,1.0973856209150328,0 days 00:00:00.267000,24.0,29.0
9,2023,Austrian Grand Prix,1213,9118,19,Spielberg,2023-07-02 15:00:00,14,Fernando Alonso,ALO,alonso,aston_martin,5.0,7.0,5,Finished,10.0,0 days 00:00:30.317000,71.0,22.398039215686275,0.0196078431372549,1.0973856209150328,0 days 00:00:00.520000,131.0,175.0
9,2023,Austrian Grand Prix,1213,9118,19,Spielberg,2023-07-02 15:00:00,55,Carlos Sainz,SAI,sainz,ferrari,6.0,3.0,6,Finished,8.0,0 days 00:00:31.377000,71.0,22.398039215686275,0.0196078431372549,1.0973856209150328,0 days 00:00:00.190000,82.0,154.0
9,2023,Austrian Grand Prix,1213,9118,19,Spielberg,2023-07-02 15:00:00,63,George Russell,RUS,russell,mercedes,7.0,11.0,7,Finished,6.0,0 days 00:00:48.403000,71.0,22.398039215686275,0.0196078431372549,1.0973856209150328,0 days 00:00:01.037000,72.0,178.0
9,2023,Austrian Grand Prix,1213,9118,19,Spielberg,2023-07-02 15:00:00,44,Lewis Hamilton,HAM,hamilton,mercedes,8.0,5.0,8,Finished,4.0,0 days 00:00:49.196000,71.0,22.398039215686275,0.0196078431372549,1.0973856209150328,0 days 00:00:00.428000,106.0,178.0
9,2023,Austrian Grand Prix,1213,9118,19,Spielberg,2023-07-02 15:00:00,18,Lance Stroll,STR,stroll,aston_martin,9.0,6.0,9,Finished,2.0,0 days 00:00:59.043000,71.0,22.398039215686275,0.0196078431372549,1.0973856209150328,0 days 00:00:00.502000,44.0,175.0
9,2023,Austrian Grand Prix,1213,9118,19,Spielberg,2023-07-02 15:00:00,10,Pierre Gasly,GAS,gasly,alpine,10.0,9.0,10,Finished,1.0,0 days 00:01:07.667000,71.0,22.398039215686275,0.0196078431372549,1.0973856209150328,0 days 00:00:00.779000,16.0,47.0
9,2023,Austrian Grand Prix,1213,9118,19,Spielberg,2023-07-02 15:00:00,23,Alexander Albon,ALB,albon,williams,11.0,10.0,11,Finished,0.0,0 days 00:01:19.767000,71.0,22.398039215686275,0.0196078431372549,1.0973856209150328,0 days 00:00:00.996000,7.0,7.0
9,2023,Austrian Grand Prix,1213,9118,19,Spielberg,2023-07-02 15:00:00,24,Guanyu Zhou,ZHO,zhou,alfa,12.0,17.0,12,Lapped,0.0,0 days 00:00:24.633000,70.0,22.398039215686275,0.0196078431372549,1.0973856209150328,0 days 00:00:01.427000,4.0,9.0
9,2023,Austrian Grand Prix,1213,9118,19,Spielberg,2023-07-02 15:00:00,2,Logan Sargeant,SAR,sargeant,williams,13.0,18.0,13,Lapped,0.0,0 days 00:00:31.384000,70.0,22.398039215686275,0.0196078431372549,1.0973856209150328,0 days 00:00:01.557000,0.0,7.0
9,2023,Austrian Grand Prix,1213,9118,19,Spielberg,2023-07-02 15:00:00,31,Esteban Ocon,OCO,ocon,alpine,14.0,12.0,14,Lapped,0.0,0 days 00:00:42.140000,70.0,22.398039215686275,0.0196078431372549,1.0973856209150328,0 days 00:00:01.062000,31.0,47.0
9,2023,Austrian Grand Prix,1213,9118,19,Spielberg,2023-07-02 15:00:00,77,Valtteri Bottas,BOT,bottas,alfa,15.0,14.0,15,Lapped,0.0,0 days 00:00:42.777000,70.0,22.398039215686275,0.0196078431372549,1.0973856209150328,0 days 00:00:01.289000,5.0,9.0
9,2023,Austrian Grand Prix,1213,9118,19,Spielberg,2023-07-02 15:00:00,81,Oscar Piastri,PIA,piastri,mclaren,16.0,13.0,16,Lapped,0.0,0 days 00:00:46.569000,70.0,22.398039215686275,0.0196078431372549,1.0973856209150328,0 days 00:00:01.214000,5.0,29.0
9,2023,Austrian Grand Prix,1213,9118,19,Spielberg,2023-07-02 15:00:00,21,Nyck De Vries,DEV,de_vries,alphatauri,17.0,20.0,17,Lapped,0.0,0 days 00:00:49.703000,70.0,22.398039215686275,0.0196078431372549,1.0973856209150328,0 days 00:00:01.583000,0.0,2.0
9,2023,Austrian Grand Prix,1213,9118,19,Spielberg,2023-07-02 15:00:00,20,Kevin Magnussen,MAG,kevin_magnussen,haas,18.0,19.0,18,Lapped,0.0,0 days 00:00:56.653000,70.0,22.398039215686275,0.0196078431372549,1.0973856209150328,0 days 00:00:01.580000,2.0,11.0
9,2023,Austrian Grand Prix,1213,9118,19,Spielberg,2023-07-02 15:00:00,22,Yuki Tsunoda,TSU,tsunoda,alphatauri,19.0,16.0,19,Lapped,0.0,0 days 00:00:59.873000,70.0,22.398039215686275,0.0196078431372549,1.0973856209150328,0 days 00:00:01.393000,2.0,2.0
9,2023,Austrian Grand Prix,1213,9118,19,Spielberg,2023-07-02 15:00:00,27,Nico Hulkenberg,HUL,hulkenberg,haas,20.0,8.0,R,Retired,0.0,0 days 02:46:00,12.0,22.398039215686275,0.0196078431372549,1.0973856209150328,0 days 00:00:00.699000,9.0,11.0
10,2023,British Grand Prix,1214,9126,2,Silverstone,2023-07-09 15:00:00,1,Max Verstappen,VER,max_verstappen,red_bull,1.0,1.0,1,Finished,26.0,0 days 01:25:16.938000,52.0,21.473509933774835,0.0,3.023841059602649,0 days 00:00:00,255.0,411.0
10,2023,British Grand Prix,1214,9126,2,Silverstone,2023-07-09 15:00:00,4,Lando Norris,NOR,norris,mclaren,2.0,2.0,2,Finished,18.0,0 days 00:00:03.798000,52.0,21.473509933774835,0.0,3.023841059602649,0 days 00:00:00.241000,42.0,59.0
10,2023,British Grand Prix,1214,9126,2,Silverstone,2023-07-09 15:00:00,44,Lewis Hamilton,HAM,hamilton,mercedes,3.0,7.0,3,Finished,15.0,0 days 00:00:06.783000,52.0,21.473509933774835,0.0,3.023841059602649,0 days 00:00:00.491000,121.0,203.0
10,2023,British Grand Prix,1214,9126,2,Silverstone,2023-07-09 15:00:00,81,Oscar Piastri,PIA,piastri,mclaren,4.0,3.0,4,Finished,12.0,0 days 00:00:07.776000,52.0,21.473509933774835,0.0,3.023841059602649,0 days 00:00:00.372000,17.0,59.0
10,2023,British Grand Prix,1214,9126,2,Silverstone,2023-07-09 15:00:00,63,George Russell,RUS,russell,mercedes,5.0,6.0,5,Finished,10.0,0 days 00:00:11.206000,52.0,21.473509933774835,0.0,3.023841059602649,0 days 00:00:00.435000,82.0,203.0
10,2023,British Grand Prix,1214,9126,2,Silverstone,2023-07-09 15:00:00,11,Sergio Perez,PER,perez,red_bull,6.0,15.0,6,Finished,8.0,0 days 00:00:12.882000,52.0,21.473509933774835,0.0,3.023841059602649,0 days 00:00:03.248000,156.0,411.0
10,2023,British Grand Prix,1214,9126,2,Silverstone,2023-07-09 15:00:00,14,Fernando Alonso,ALO,alonso,aston_martin,7.0,9.0,7,Finished,6.0,0 days 00:00:17.193000,52.0,21.473509933774835,0.0,3.023841059602649,0 days 00:00:00.939000,137.0,181.0
10,2023,British Grand Prix,1214,9126,2,Silverstone,2023-07-09 15:00:00,23,Alexander Albon,ALB,albon,williams,8.0,8.0,8,Finished,4.0,0 days 00:00:17.878000,52.0,21.473509933774835,0.0,3.023841059602649,0 days 00:00:00.810000,11.0,11.0
10,2023,British Grand Prix,1214,9126,2,Silverstone,2023-07-09 15:00:00,16,Charles Leclerc,LEC,leclerc,ferrari,9.0,4.0,9,Finished,2.0,0 days 00:00:18.689000,52.0,21.473509933774835,0.0,3.023841059602649,0 days 00:00:00.416000,74.0,157.0
10,2023,British Grand Prix,1214,9126,2,Silverstone,2023-07-09 15:00:00,55,Carlos Sainz,SAI,sainz,ferrari,10.0,5.0,10,Finished,1.0,0 days 00:00:19.448000,52.0,21.473509933774835,0.0,3.023841059602649,0 days 00:00:00.428000,83.0,157.0
10,2023,British Grand Prix,1214,9126,2,Silverstone,2023-07-09 15:00:00,2,Logan Sargeant,SAR,sargeant,williams,11.0,14.0,11,Finished,0.0,0 days 00:00:23.632000,52.0,21.473509933774835,0.0,3.023841059602649,0 days 00:00:02.311000,0.0,11.0
10,2023,British Grand Prix,1214,9126,2,Silverstone,2023-07-09 15:00:00,77,Valtteri Bottas,BOT,bottas,alfa,12.0,20.0,12,Finished,0.0,0 days 00:00:25.830000,52.0,21.473509933774835,0.0,3.023841059602649,0 days 00:00:03.078000,5.0,9.0
10,2023,British Grand Prix,1214,9126,2,Silverstone,2023-07-09 15:00:00,27,Nico Hulkenberg,HUL,hulkenberg,haas,13.0,11.0,13,Finished,0.0,0 days 00:00:26.663000,52.0,21.473509933774835,0.0,3.023841059602649,0 days 00:00:02.176000,9.0,11.0
10,2023,British Grand Prix,1214,9126,2,Silverstone,2023-07-09 15:00:00,18,Lance Stroll,STR,stroll,aston_martin,14.0,12.0,14,Finished,0.0,0 days 00:00:27.483000,52.0,21.473509933774835,0.0,3.023841059602649,0 days 00:00:02.215000,44.0,181.0
10,2023,British Grand Prix,1214,9126,2,Silverstone,2023-07-09 15:00:00,24,Guanyu Zhou,ZHO,zhou,alfa,15.0,17.0,15,Finished,0.0,0 days 00:00:29.820000,52.0,21.473509933774835,0.0,3.023841059602649,0 days 00:00:03.403000,4.0,9.0
10,2023,British Grand Prix,1214,9126,2,Silverstone,2023-07-09 15:00:00,22,Yuki Tsunoda,TSU,tsunoda,alphatauri,16.0,16.0,16,Finished,0.0,0 days 00:00:31.225000,52.0,21.473509933774835,0.0,3.023841059602649,0 days 00:00:03.305000,2.0,2.0
10,2023,British Grand Prix,1214,9126,2,Silverstone,2023-07-09 15:00:00,21,Nyck De Vries,DEV,de_vries,alphatauri,17.0,18.0,17,Finished,0.0,0 days 00:00:33.128000,52.0,21.473509933774835,0.0,3.023841059602649,0 days 00:00:03.793000,0.0,2.0
10,2023,British Grand Prix,1214,9126,2,Silverstone,2023-07-09 15:00:00,10,Pierre Gasly,GAS,gasly,alpine,18.0,10.0,18,Retired,0.0,0 days 02:46:00,46.0,21.473509933774835,0.0,3.023841059602649,0 days 00:00:00.969000,16.0,47.0
10,2023,British Grand Prix,1214,9126,2,Silverstone,2023-07-09 15:00:00,20,Kevin Magnussen,MAG,kevin_magnussen,haas,19.0,19.0,R,Retired,0.0,0 days 02:46:00,31.0,21.473509933774835,0.0,3.023841059602649,0 days 00:00:05.658000,2.0,11.0
10,2023,British Grand Prix,1214,9126,2,Silverstone,2023-07-09 15:00:00,31,Esteban Ocon,OCO,ocon,alpine,20.0,13.0,R,Retired,0.0,0 days 02:46:00,9.0,21.473509933774835,0.0,3.023841059602649,0 days 00:00:02.236000,31.0,47.0
11,2023,Hungarian Grand Prix,1215,9133,4,Hungaroring,2023-07-23 15:00:00,1,Max Verstappen,VER,max_verstappen,red_bull,1.0,2.0,1,Finished,26.0,0 days 01:38:08.634000,70.0,28.808536585365857,0.0,1.4408536585365854,0 days 00:00:00.003000,281.0,452.0
11,2023,Hungarian Grand Prix,1215,9133,4,Hungaroring,2023-07-23 15:00:00,4,Lando Norris,NOR,norris,mclaren,2.0,3.0,2,Finished,18.0,0 days 00:00:33.731000,70.0,28.808536585365857,0.0,1.4408536585365854,0 days 00:00:00.085000,60.0,87.0
11,2023,Hungarian Grand Prix,1215,9133,4,Hungaroring,2023-07-23 15:00:00,11,Sergio Perez,PER,perez,red_bull,3.0,9.0,3,Finished,15.0,0 days 00:00:37.603000,70.0,28.808536585365857,0.0,1.4408536585365854,0 days 00:00:00.436000,171.0,452.0
11,2023,Hungarian Grand Prix,1215,9133,4,Hungaroring,2023-07-23 15:00:00,44,Lewis Hamilton,HAM,hamilton,mercedes,4.0,1.0,4,Finished,12.0,0 days 00:00:39.134000,70.0,28.808536585365857,0.0,1.4408536585365854,0 days 00:00:00,133.0,223.0
11,2023,Hungarian Grand Prix,1215,9133,4,Hungaroring,2023-07-23 15:00:00,81,Oscar Piastri,PIA,piastri,mclaren,5.0,4.0,5,Finished,10.0,0 days 00:01:02.572000,70.0,28.808536585365857,0.0,1.4408536585365854,0 days 00:00:00.296000,27.0,87.0
11,2023,Hungarian Grand Prix,1215,9133,4,Hungaroring,2023-07-23 15:00:00,63,George Russell,RUS,russell,mercedes,6.0,18.0,6,Finished,8.0,0 days 00:01:05.825000,70.0,28.808536585365857,0.0,1.4408536585365854,0 days 00:00:02.418000,90.0,223.0
11,2023,Hungarian Grand Prix,1215,9133,4,Hungaroring,2023-07-23 15:00:00,16,Charles Leclerc,LEC,leclerc,ferrari,7.0,6.0,7,Finished,6.0,0 days 00:01:10.317000,70.0,28.808536585365857,0.0,1.4408536585365854,0 days 00:00:00.383000,80.0,167.0
11,2023,Hungarian Grand Prix,1215,9133,4,Hungaroring,2023-07-23 15:00:00,55,Carlos Sainz,SAI,sainz,ferrari,8.0,11.0,8,Finished,4.0,0 days 00:01:11.073000,70.0,28.808536585365857,0.0,1.4408536585365854,0 days 00:00:01.094000,87.0,167.0
11,2023,Hungarian Grand Prix,1215,9133,4,Hungaroring,2023-07-23 15:00:00,14,Fernando Alonso,ALO,alonso,aston_martin,9.0,8.0,9,Finished,2.0,0 days 00:01:15.709000,70.0,28.808536585365857,0.0,1.4408536585365854,0 days 00:00:00.426000,139.0,184.0
11,2023,Hungarian Grand Prix,1215,9133,4,Hungaroring,2023-07-23 15:00:00,18,Lance Stroll,STR,stroll,aston_martin,10.0,14.0,10,Lapped,1.0,0 days 00:00:14.615000,69.0,28.808536585365857,0.0,1.4408536585365854,0 days 00:00:01.535000,45.0,184.0
11,2023,Hungarian Grand Prix,1215,9133,4,Hungaroring,2023-07-23 15:00:00,23,Alexander Albon,ALB,albon,williams,11.0,16.0,11,Lapped,0.0,0 days 00:00:29.087000,69.0,28.808536585365857,0.0,1.4408536585365854,0 days 00:00:02.308000,11.0,11.0
11,2023,Hungarian Grand Prix,1215,9133,4,Hungaroring,2023-07-23 15:00:00,77,Valtteri Bottas,BOT,bottas,alfa,12.0,7.0,12,Lapped,0.0,0 days 00:00:30.079000,69.0,28.808536585365857,0.0,1.4408536585365854,0 days 00:00:00.425000,5.0,9.0
11,2023,Hungarian Grand Prix,1215,9133,4,Hungaroring,2023-07-23 15:00:00,3,Daniel Ricciardo,RIC,ricciardo,alphatauri,13.0,13.0,13,Lapped,0.0,0 days 00:00:36.257000,69.0,28.808536585365857,0.0,1.4408536585365854,0 days 00:00:01.393000,0.0,2.0
11,2023,Hungarian Grand Prix,1215,9133,4,Hungaroring,2023-07-23 15:00:00,27,Nico Hulkenberg,HUL,hulkenberg,haas,14.0,10.0,14,Lapped,0.0,0 days 00:00:51.298000,69.0,28.808536585365857,0.0,1.4408536585365854,0 days 00:00:00.577000,9.0,11.0
11,2023,Hungarian Grand Prix,1215,9133,4,Hungaroring,2023-07-23 15:00:00,22,Yuki Tsunoda,TSU,tsunoda,alphatauri,15.0,17.0,15,Lapped,0.0,0 days 00:00:51.543000,69.0,28.808536585365857,0.0,1.4408536585365854,0 days 00:00:02.310000,2.0,2.0
11,2023,Hungarian Grand Prix,1215,9133,4,Hungaroring,2023-07-23 15:00:00,24,Guanyu Zhou,ZHO,zhou,alfa,16.0,5.0,16,Lapped,0.0,0 days 00:01:00.491000,69.0,28.808536585365857,0.0,1.4408536585365854,0 days 00:00:00.362000,4.0,9.0
11,2023,Hungarian Grand Prix,1215,9133,4,Hungaroring,2023-07-23 15:00:00,20,Kevin Magnussen,MAG,kevin_magnussen,haas,17.0,19.0,17,Lapped,0.0,0 days 00:01:22.351000,69.0,28.808536585365857,0.0,1.4408536585365854,0 days 00:00:02.597000,2.0,11.0
11,2023,Hungarian Grand Prix,1215,9133,4,Hungaroring,2023-07-23 15:00:00,2,Logan Sargeant,SAR,sargeant,williams,18.0,20.0,18,Retired,0.0,0 days 02:46:00,67.0,28.808536585365857,0.0,1.4408536585365854,0 days 00:00:02.639000,0.0,11.0
11,2023,Hungarian Grand Prix,1215,9133,4,Hungaroring,2023-07-23 15:00:00,31,Esteban Ocon,OCO,ocon,alpine,19.0,12.0,R,Retired,0.0,0 days 02:46:00,2.0,28.808536585365857,0.0,1.4408536585365854,0 days 00:00:01.232000,31.0,47.0
11,2023,Hungarian Grand Prix,1215,9133,4,Hungaroring,2023-07-23 15:00:00,10,Pierre Gasly,GAS,gasly,alpine,20.0,15.0,R,Retired,0.0,0 days 02:46:00,1.0,28.808536585365857,0.0,1.4408536585365854,0 days 00:00:01.608000,16.0,47.0
12,2023,Belgian Grand Prix,1216,9141,7,Spa-Francorchamps,2023-07-30 15:00:00,1,Max Verstappen,VER,max_verstappen,red_bull,1.0,6.0,1,Finished,25.0,0 days 01:22:30.450000,44.0,17.873333333333335,0.0733333333333333,1.594666666666667,0 days 00:00:00,314.0,503.0
12,2023,Belgian Grand Prix,1216,9141,7,Spa-Francorchamps,2023-07-30 15:00:00,11,Sergio Perez,PER,perez,red_bull,2.0,2.0,2,Finished,18.0,0 days 00:00:22.305000,44.0,17.873333333333335,0.0733333333333333,1.594666666666667,0 days 00:00:00.877000,189.0,503.0
12,2023,Belgian Grand Prix,1216,9141,7,Spa-Francorchamps,2023-07-30 15:00:00,16,Charles Leclerc,LEC,leclerc,ferrari,3.0,1.0,3,Finished,15.0,0 days 00:00:32.259000,44.0,17.873333333333335,0.0733333333333333,1.594666666666667,0 days 00:00:00.820000,99.0,191.0
12,2023,Belgian Grand Prix,1216,9141,7,Spa-Francorchamps,2023-07-30 15:00:00,44,Lewis Hamilton,HAM,hamilton,mercedes,4.0,3.0,4,Finished,13.0,0 days 00:00:49.671000,44.0,17.873333333333335,0.0733333333333333,1.594666666666667,0 days 00:00:00.919000,148.0,247.0
12,2023,Belgian Grand Prix,1216,9141,7,Spa-Francorchamps,2023-07-30 15:00:00,14,Fernando Alonso,ALO,alonso,aston_martin,5.0,9.0,5,Finished,10.0,0 days 00:00:56.184000,44.0,17.873333333333335,0.0733333333333333,1.594666666666667,0 days 00:00:01.675000,149.0,196.0
12,2023,Belgian Grand Prix,1216,9141,7,Spa-Francorchamps,2023-07-30 15:00:00,63,George Russell,RUS,russell,mercedes,6.0,8.0,6,Finished,8.0,0 days 00:01:03.101000,44.0,17.873333333333335,0.0733333333333333,1.594666666666667,0 days 00:00:01.637000,99.0,247.0
12,2023,Belgian Grand Prix,1216,9141,7,Spa-Francorchamps,2023-07-30 15:00:00,4,Lando Norris,NOR,norris,mclaren,7.0,7.0,7,Finished,6.0,0 days 00:01:13.719000,44.0,17.873333333333335,0.0733333333333333,1.594666666666667,0 days 00:00:01.501000,69.0,103.0
12,2023,Belgian Grand Prix,1216,9141,7,Spa-Francorchamps,2023-07-30 15:00:00,31,Esteban Ocon,OCO,ocon,alpine,8.0,14.0,8,Finished,4.0,0 days 00:01:14.719000,44.0,17.873333333333335,0.0733333333333333,1.594666666666667,0 days 00:00:10.204000,35.0,57.0
12,2023,Belgian Grand Prix,1216,9141,7,Spa-Francorchamps,2023-07-30 15:00:00,18,Lance Stroll,STR,stroll,aston_martin,9.0,10.0,9,Finished,2.0,0 days 00:01:19.340000,44.0,17.873333333333335,0.0733333333333333,1.594666666666667,0 days 00:00:02.673000,47.0,196.0
12,2023,Belgian Grand Prix,1216,9141,7,Spa-Francorchamps,2023-07-30 15:00:00,22,Yuki Tsunoda,TSU,tsunoda,alphatauri,10.0,11.0,10,Finished,1.0,0 days 00:01:20.221000,44.0,17.873333333333335,0.0733333333333333,1.594666666666667,0 days 00:00:06.980000,3.0,3.0
12,2023,Belgian Grand Prix,1216,9141,7,Spa-Francorchamps,2023-07-30 15:00:00,10,Pierre Gasly,GAS,gasly,alpine,11.0,12.0,11,Finished,0.0,0 days 00:01:23.084000,44.0,17.873333333333335,0.0733333333333333,1.594666666666667,0 days 00:00:07.503000,22.0,57.0
12,2023,Belgian Grand Prix,1216,9141,7,Spa-Francorchamps,2023-07-30 15:00:00,77,Valtteri Bottas,BOT,bottas,alfa,12.0,13.0,12,Finished,0.0,0 days 00:01:25.191000,44.0,17.873333333333335,0.0733333333333333,1.594666666666667,0 days 00:00:08.526000,5.0,9.0
12,2023,Belgian Grand Prix,1216,9141,7,Spa-Francorchamps,2023-07-30 15:00:00,24,Guanyu Zhou,ZHO,zhou,alfa,13.0,17.0,13,Finished,0.0,0 days 00:01:35.441000,44.0,17.873333333333335,0.0733333333333333,1.594666666666667,0 days 00:00:14.664000,4.0,9.0
12,2023,Belgian Grand Prix,1216,9141,7,Spa-Francorchamps,2023-07-30 15:00:00,23,Alexander Albon,ALB,albon,williams,14.0,15.0,14,Finished,0.0,0 days 00:01:36.184000,44.0,17.873333333333335,0.0733333333333333,1.594666666666667,0 days 00:00:14.146000,11.0,11.0
12,2023,Belgian Grand Prix,1216,9141,7,Spa-Francorchamps,2023-07-30 15:00:00,20,Kevin Magnussen,MAG,kevin_magnussen,haas,15.0,16.0,15,Finished,0.0,0 days 00:01:41.754000,44.0,17.873333333333335,0.0733333333333333,1.594666666666667,0 days 00:00:07.992000,2.0,11.0
12,2023,Belgian Grand Prix,1216,9141,7,Spa-Francorchamps,2023-07-30 15:00:00,3,Daniel Ricciardo,RIC,ricciardo,alphatauri,16.0,19.0,16,Finished,0.0,0 days 00:01:43.071000,44.0,17.873333333333335,0.0733333333333333,1.594666666666667,0 days 00:00:15.991000,0.0,3.0
12,2023,Belgian Grand Prix,1216,9141,7,Spa-Francorchamps,2023-07-30 15:00:00,2,Logan Sargeant,SAR,sargeant,williams,17.0,18.0,17,Finished,0.0,0 days 00:01:44.476000,44.0,17.873333333333335,0.0733333333333333,1.594666666666667,0 days 00:00:15.367000,0.0,11.0
12,2023,Belgian Grand Prix,1216,9141,7,Spa-Francorchamps,2023-07-30 15:00:00,27,Nico Hulkenberg,HUL,hulkenberg,haas,18.0,20.0,18,Finished,0.0,0 days 00:01:50.450000,44.0,17.873333333333335,0.0733333333333333,1.594666666666667,0 days 00:00:16.998000,9.0,11.0
12,2023,Belgian Grand Prix,1216,9141,7,Spa-Francorchamps,2023-07-30 15:00:00,55,Carlos Sainz,SAI,sainz,ferrari,19.0,4.0,R,Retired,0.0,0 days 02:46:00,23.0,17.873333333333335,0.0733333333333333,1.594666666666667,0 days 00:00:00.984000,92.0,191.0
12,2023,Belgian Grand Prix,1216,9141,7,Spa-Francorchamps,2023-07-30 15:00:00,81,Oscar Piastri,PIA,piastri,mclaren,20.0,5.0,R,Retired,0.0,0 days 02:46:00,0.0,17.873333333333335,0.0733333333333333,1.594666666666667,0 days 00:00:01.197000,34.0,103.0
13,2023,Dutch Grand Prix,1217,9149,55,Zandvoort,2023-08-27 15:00:00,1,Max Verstappen,VER,max_verstappen,red_bull,1.0,1.0,1,Finished,25.0,0 days 02:24:04.411000,72.0,16.791866028708135,0.2296650717703349,2.8215311004784693,0 days 00:00:00,339.0,540.0
13,2023,Dutch Grand Prix,1217,9149,55,Zandvoort,2023-08-27 15:00:00,14,Fernando Alonso,ALO,alonso,aston_martin,2.0,5.0,2,Finished,19.0,0 days 00:00:03.744000,72.0,16.791866028708135,0.2296650717703349,2.8215311004784693,0 days 00:00:00.939000,168.0,215.0
13,2023,Dutch Grand Prix,1217,9149,55,Zandvoort,2023-08-27 15:00:00,10,Pierre Gasly,GAS,gasly,alpine,3.0,12.0,3,Finished,15.0,0 days 00:00:07.058000,72.0,16.791866028708135,0.2296650717703349,2.8215311004784693,0 days 00:00:09.561000,37.0,73.0
13,2023,Dutch Grand Prix,1217,9149,55,Zandvoort,2023-08-27 15:00:00,11,Sergio Perez,PER,perez,red_bull,4.0,7.0,4,Finished,12.0,0 days 00:00:10.068000,72.0,16.791866028708135,0.2296650717703349,2.8215311004784693,0 days 00:00:01.313000,201.0,540.0
13,2023,Dutch Grand Prix,1217,9149,55,Zandvoort,2023-08-27 15:00:00,55,Carlos Sainz,SAI,sainz,ferrari,5.0,6.0,5,Finished,10.0,0 days 00:00:12.541000,72.0,16.791866028708135,0.2296650717703349,2.8215311004784693,0 days 00:00:01.187000,102.0,201.0
13,2023,Dutch Grand Prix,1217,9149,55,Zandvoort,2023-08-27 15:00:00,44,Lewis Hamilton,HAM,hamilton,mercedes,6.0,13.0,6,Finished,8.0,0 days 00:00:13.209000,72.0,16.791866028708135,0.2296650717703349,2.8215311004784693,0 days 00:00:09.584000,156.0,255.0
13,2023,Dutch Grand Prix,1217,9149,55,Zandvoort,2023-08-27 15:00:00,4,Lando Norris,NOR,norris,mclaren,7.0,2.0,7,Finished,6.0,0 days 00:00:13.232000,72.0,16.791866028708135,0.2296650717703349,2.8215311004784693,0 days 00:00:00.537000,75.0,111.0
13,2023,Dutch Grand Prix,1217,9149,55,Zandvoort,2023-08-27 15:00:00,23,Alexander Albon,ALB,albon,williams,8.0,4.0,8,Finished,4.0,0 days 00:00:15.155000,72.0,16.791866028708135,0.2296650717703349,2.8215311004784693,0 days 00:00:00.852000,15.0,15.0
13,2023,Dutch Grand Prix,1217,9149,55,Zandvoort,2023-08-27 15:00:00,81,Oscar Piastri,PIA,piastri,mclaren,9.0,8.0,9,Finished,2.0,0 days 00:00:16.580000,72.0,16.791866028708135,0.2296650717703349,2.8215311004784693,0 days 00:00:01.371000,36.0,111.0
13,2023,Dutch Grand Prix,1217,9149,55,Zandvoort,2023-08-27 15:00:00,31,Esteban Ocon,OCO,ocon,alpine,10.0,16.0,10,Finished,1.0,0 days 00:00:18.346000,72.0,16.791866028708135,0.2296650717703349,2.8215311004784693,0 days 00:00:11.543000,36.0,73.0
13,2023,Dutch Grand Prix,1217,9149,55,Zandvoort,2023-08-27 15:00:00,18,Lance Stroll,STR,stroll,aston_martin,11.0,11.0,11,Finished,0.0,0 days 00:00:20.087000,72.0,16.791866028708135,0.2296650717703349,2.8215311004784693,0 days 00:00:09.554000,47.0,215.0
13,2023,Dutch Grand Prix,1217,9149,55,Zandvoort,2023-08-27 15:00:00,27,Nico Hulkenberg,HUL,hulkenberg,haas,12.0,14.0,12,Finished,0.0,0 days 00:00:20.840000,72.0,16.791866028708135,0.2296650717703349,2.8215311004784693,0 days 00:00:09.683000,9.0,11.0
13,2023,Dutch Grand Prix,1217,9149,55,Zandvoort,2023-08-27 15:00:00,40,Liam Lawson,LAW,lawson,alphatauri,13.0,19.0,13,Finished,0.0,0 days 00:00:26.147000,72.0,16.791866028708135,0.2296650717703349,2.8215311004784693,0 days 00:00:12.853000,0.0,3.0
13,2023,Dutch Grand Prix,1217,9149,55,Zandvoort,2023-08-27 15:00:00,77,Valtteri Bottas,BOT,bottas,alfa,14.0,18.0,14,Finished,0.0,0 days 00:00:27.388000,72.0,16.791866028708135,0.2296650717703349,2.8215311004784693,0 days 00:00:11.693000,5.0,9.0
13,2023,Dutch Grand Prix,1217,9149,55,Zandvoort,2023-08-27 15:00:00,22,Yuki Tsunoda,TSU,tsunoda,alphatauri,15.0,17.0,15,Finished,0.0,0 days 00:00:29.893000,72.0,16.791866028708135,0.2296650717703349,2.8215311004784693,0 days 00:00:09.663000,3.0,3.0
13,2023,Dutch Grand Prix,1217,9149,55,Zandvoort,2023-08-27 15:00:00,20,Kevin Magnussen,MAG,kevin_magnussen,haas,16.0,0.0,16,Finished,0.0,0 days 00:00:31.410000,72.0,16.791866028708135,0.2296650717703349,2.8215311004784693,0 days 00:00:11.625000,2.0,11.0
13,2023,Dutch Grand Prix,1217,9149,55,Zandvoort,2023-08-27 15:00:00,63,George Russell,RUS,russell,mercedes,17.0,3.0,17,Finished,0.0,0 days 00:00:55.754000,72.0,16.791866028708135,0.2296650717703349,2.8215311004784693,0 days 00:00:00.727000,99.0,255.0
13,2023,Dutch Grand Prix,1217,9149,55,Zandvoort,2023-08-27 15:00:00,24,Guanyu Zhou,ZHO,zhou,alfa,18.0,15.0,R,Accident,0.0,0 days 02:46:00,62.0,16.791866028708135,0.2296650717703349,2.8215311004784693,0 days 00:00:11.500000,4.0,9.0
13,2023,Dutch Grand Prix,1217,9149,55,Zandvoort,2023-08-27 15:00:00,16,Charles Leclerc,LEC,leclerc,ferrari,19.0,9.0,R,Undertray,0.0,0 days 02:46:00,41.0,16.791866028708135,0.2296650717703349,2.8215311004784693,0 days 00:00:02.098000,99.0,201.0
13,2023,Dutch Grand Prix,1217,9149,55,Zandvoort,2023-08-27 15:00:00,2,Logan Sargeant,SAR,sargeant,williams,20.0,10.0,R,Accident,0.0,0 days 02:46:00,14.0,16.791866028708135,0.2296650717703349,2.8215311004784693,0 days 00:00:06.181000,0.0,15.0
14,2023,Italian Grand Prix,1218,9157,39,Monza,2023-09-03 15:00:00,1,Max Verstappen,VER,max_verstappen,red_bull,1.0,2.0,1,Finished,25.0,0 days 01:13:41.143000,51.0,29.330128205128204,0.0,1.13974358974359,0 days 00:00:00.013000,364.0,583.0
14,2023,Italian Grand Prix,1218,9157,39,Monza,2023-09-03 15:00:00,11,Sergio Perez,PER,perez,red_bull,2.0,5.0,2,Finished,18.0,0 days 00:00:06.064000,51.0,29.330128205128204,0.0,1.13974358974359,0 days 00:00:00.394000,219.0,583.0
14,2023,Italian Grand Prix,1218,9157,39,Monza,2023-09-03 15:00:00,55,Carlos Sainz,SAI,sainz,ferrari,3.0,1.0,3,Finished,15.0,0 days 00:00:11.193000,51.0,29.330128205128204,0.0,1.13974358974359,0 days 00:00:00,117.0,228.0
14,2023,Italian Grand Prix,1218,9157,39,Monza,2023-09-03 15:00:00,16,Charles Leclerc,LEC,leclerc,ferrari,4.0,3.0,4,Finished,12.0,0 days 00:00:11.377000,51.0,29.330128205128204,0.0,1.13974358974359,0 days 00:00:00.067000,111.0,228.0
14,2023,Italian Grand Prix,1218,9157,39,Monza,2023-09-03 15:00:00,63,George Russell,RUS,russell,mercedes,5.0,4.0,5,Finished,10.0,0 days 00:00:23.028000,51.0,29.330128205128204,0.0,1.13974358974359,0 days 00:00:00.377000,109.0,273.0
14,2023,Italian Grand Prix,1218,9157,39,Monza,2023-09-03 15:00:00,44,Lewis Hamilton,HAM,hamilton,mercedes,6.0,8.0,6,Finished,8.0,0 days 00:00:42.679000,51.0,29.330128205128204,0.0,1.13974358974359,0 days 00:00:00.526000,164.0,273.0
14,2023,Italian Grand Prix,1218,9157,39,Monza,2023-09-03 15:00:00,23,Alexander Albon,ALB,albon,williams,7.0,6.0,7,Finished,6.0,0 days 00:00:45.106000,51.0,29.330128205128204,0.0,1.13974358974359,0 days 00:00:00.466000,21.0,21.0
14,2023,Italian Grand Prix,1218,9157,39,Monza,2023-09-03 15:00:00,4,Lando Norris,NOR,norris,mclaren,8.0,9.0,8,Finished,4.0,0 days 00:00:45.449000,51.0,29.330128205128204,0.0,1.13974358974359,0 days 00:00:00.685000,79.0,115.0
14,2023,Italian Grand Prix,1218,9157,39,Monza,2023-09-03 15:00:00,14,Fernando Alonso,ALO,alonso,aston_martin,9.0,10.0,9,Finished,2.0,0 days 00:00:46.294000,51.0,29.330128205128204,0.0,1.13974358974359,0 days 00:00:01.123000,170.0,217.0
14,2023,Italian Grand Prix,1218,9157,39,Monza,2023-09-03 15:00:00,77,Valtteri Bottas,BOT,bottas,alfa,10.0,14.0,10,Finished,1.0,0 days 00:01:04.056000,51.0,29.330128205128204,0.0,1.13974358974359,0 days 00:00:01.646000,6.0,10.0
14,2023,Italian Grand Prix,1218,9157,39,Monza,2023-09-03 15:00:00,40,Liam Lawson,LAW,lawson,alphatauri,11.0,12.0,11,Finished,0.0,0 days 00:01:10.638000,51.0,29.330128205128204,0.0,1.13974358974359,0 days 00:00:01.464000,0.0,3.0
14,2023,Italian Grand Prix,1218,9157,39,Monza,2023-09-03 15:00:00,81,Oscar Piastri,PIA,piastri,mclaren,12.0,7.0,12,Finished,0.0,0 days 00:01:13.074000,51.0,29.330128205128204,0.0,1.13974358974359,0 days 00:00:00.491000,36.0,115.0
14,2023,Italian Grand Prix,1218,9157,39,Monza,2023-09-03 15:00:00,2,Logan Sargeant,SAR,sargeant,williams,13.0,15.0,13,Finished,0.0,0 days 00:01:18.557000,51.0,29.330128205128204,0.0,1.13974358974359,0 days 00:00:01.636000,0.0,21.0
14,2023,Italian Grand Prix,1218,9157,39,Monza,2023-09-03 15:00:00,24,Guanyu Zhou,ZHO,zhou,alfa,14.0,16.0,14,Finished,0.0,0 days 00:01:20.164000,51.0,29.330128205128204,0.0,1.13974358974359,0 days 00:00:02.096000,4.0,10.0
14,2023,Italian Grand Prix,1218,9157,39,Monza,2023-09-03 15:00:00,10,Pierre Gasly,GAS,gasly,alpine,15.0,17.0,15,Finished,0.0,0 days 00:01:22.510000,51.0,29.330128205128204,0.0,1.13974358974359,0 days 00:00:02.251000,37.0,73.0
14,2023,Italian Grand Prix,1218,9157,39,Monza,2023-09-03 15:00:00,18,Lance Stroll,STR,stroll,aston_martin,16.0,20.0,16,Finished,0.0,0 days 00:01:27.266000,51.0,29.330128205128204,0.0,1.13974358974359,0 days 00:00:02.566000,47.0,217.0
14,2023,Italian Grand Prix,1218,9157,39,Monza,2023-09-03 15:00:00,27,Nico Hulkenberg,HUL,hulkenberg,haas,17.0,13.0,17,Lapped,0.0,0 days 00:00:02.093000,50.0,29.330128205128204,0.0,1.13974358974359,0 days 00:00:01.482000,9.0,11.0
14,2023,Italian Grand Prix,1218,9157,39,Monza,2023-09-03 15:00:00,20,Kevin Magnussen,MAG,kevin_magnussen,haas,18.0,19.0,18,Lapped,0.0,0 days 00:00:12.624000,50.0,29.330128205128204,0.0,1.13974358974359,0 days 00:00:02.298000,2.0,11.0
14,2023,Italian Grand Prix,1218,9157,39,Monza,2023-09-03 15:00:00,31,Esteban Ocon,OCO,ocon,alpine,19.0,18.0,R,Retired,0.0,0 days 02:46:00,39.0,29.330128205128204,0.0,1.13974358974359,0 days 00:00:02.254000,36.0,73.0
14,2023,Italian Grand Prix,1218,9157,39,Monza,2023-09-03 15:00:00,22,Yuki Tsunoda,TSU,tsunoda,alphatauri,20.0,11.0,W,Did not start,0.0,0 days 02:46:00,0.0,29.330128205128204,0.0,1.13974358974359,0 days 00:00:01.300000,3.0,3.0
15,2023,Singapore Grand Prix,1219,9165,61,Singapore,2023-09-17 20:00:00,55,Carlos Sainz,SAI,sainz,ferrari,1.0,1.0,1,Finished,25.0,0 days 01:46:37.418000,62.0,29.844318181818185,0.0,1.4159090909090908,0 days 00:00:00,142.0,265.0
15,2023,Singapore Grand Prix,1219,9165,61,Singapore,2023-09-17 20:00:00,4,Lando Norris,NOR,norris,mclaren,2.0,4.0,2,Finished,18.0,0 days 00:00:00.812000,62.0,29.844318181818185,0.0,1.4159090909090908,0 days 00:00:00.286000,97.0,139.0
15,2023,Singapore Grand Prix,1219,9165,61,Singapore,2023-09-17 20:00:00,44,Lewis Hamilton,HAM,hamilton,mercedes,3.0,5.0,3,Finished,16.0,0 days 00:00:01.269000,62.0,29.844318181818185,0.0,1.4159090909090908,0 days 00:00:00.501000,180.0,289.0
15,2023,Singapore Grand Prix,1219,9165,61,Singapore,2023-09-17 20:00:00,16,Charles Leclerc,LEC,leclerc,ferrari,4.0,3.0,4,Finished,12.0,0 days 00:00:21.177000,62.0,29.844318181818185,0.0,1.4159090909090908,0 days 00:00:00.079000,123.0,265.0
15,2023,Singapore Grand Prix,1219,9165,61,Singapore,2023-09-17 20:00:00,1,Max Verstappen,VER,max_verstappen,red_bull,5.0,11.0,5,Finished,10.0,0 days 00:00:21.441000,62.0,29.844318181818185,0.0,1.4159090909090908,0 days 00:00:01.189000,374.0,597.0
15,2023,Singapore Grand Prix,1219,9165,61,Singapore,2023-09-17 20:00:00,10,Pierre Gasly,GAS,gasly,alpine,6.0,12.0,6,Finished,8.0,0 days 00:00:38.441000,62.0,29.844318181818185,0.0,1.4159090909090908,0 days 00:00:01.290000,45.0,81.0
15,2023,Singapore Grand Prix,1219,9165,61,Singapore,2023-09-17 20:00:00,81,Oscar Piastri,PIA,piastri,mclaren,7.0,17.0,7,Finished,6.0,0 days 00:00:41.479000,62.0,29.844318181818185,0.0,1.4159090909090908,0 days 00:00:01.918000,42.0,139.0
15,2023,Singapore Grand Prix,1219,9165,61,Singapore,2023-09-17 20:00:00,11,Sergio Perez,PER,perez,red_bull,8.0,13.0,8,Finished,4.0,0 days 00:00:59.534000,62.0,29.844318181818185,0.0,1.4159090909090908,0 days 00:00:01.115000,223.0,597.0
15,2023,Singapore Grand Prix,1219,9165,61,Singapore,2023-09-17 20:00:00,40,Liam Lawson,LAW,lawson,alphatauri,9.0,10.0,9,Finished,2.0,0 days 00:01:05.918000,62.0,29.844318181818185,0.0,1.4159090909090908,0 days 00:00:01.182000,2.0,5.0
15,2023,Singapore Grand Prix,1219,9165,61,Singapore,2023-09-17 20:00:00,20,Kevin Magnussen,MAG,kevin_magnussen,haas,10.0,6.0,10,Finished,1.0,0 days 00:01:12.116000,62.0,29.844318181818185,0.0,1.4159090909090908,0 days 00:00:00.591000,3.0,12.0
15,2023,Singapore Grand Prix,1219,9165,61,Singapore,2023-09-17 20:00:00,23,Alexander Albon,ALB,albon,williams,11.0,14.0,11,Finished,0.0,0 days 00:01:13.417000,62.0,29.844318181818185,0.0,1.4159090909090908,0 days 00:00:01.684000,21.0,21.0
15,2023,Singapore Grand Prix,1219,9165,61,Singapore,2023-09-17 20:00:00,24,Guanyu Zhou,ZHO,zhou,alfa,12.0,19.0,12,Finished,0.0,0 days 00:01:23.649000,62.0,29.844318181818185,0.0,1.4159090909090908,0 days 00:00:02.274000,4.0,10.0
15,2023,Singapore Grand Prix,1219,9165,61,Singapore,2023-09-17 20:00:00,27,Nico Hulkenberg,HUL,hulkenberg,haas,13.0,9.0,13,Finished,0.0,0 days 00:01:26.201000,62.0,29.844318181818185,0.0,1.4159090909090908,0 days 00:00:00.824000,9.0,12.0
15,2023,Singapore Grand Prix,1219,9165,61,Singapore,2023-09-17 20:00:00,2,Logan Sargeant,SAR,sargeant,williams,14.0,18.0,14,Finished,0.0,0 days 00:01:26.889000,62.0,29.844318181818185,0.0,1.4159090909090908,0 days 00:00:02.268000,0.0,21.0
15,2023,Singapore Grand Prix,1219,9165,61,Singapore,2023-09-17 20:00:00,14,Fernando Alonso,ALO,alonso,aston_martin,15.0,7.0,15,Finished,0.0,0 days 00:01:27.603000,62.0,29.844318181818185,0.0,1.4159090909090908,0 days 00:00:00.631000,170.0,217.0
15,2023,Singapore Grand Prix,1219,9165,61,Singapore,2023-09-17 20:00:00,63,George Russell,RUS,russell,mercedes,16.0,2.0,16,Retired,0.0,0 days 02:46:00,61.0,29.844318181818185,0.0,1.4159090909090908,0 days 00:00:00.072000,109.0,289.0
15,2023,Singapore Grand Prix,1219,9165,61,Singapore,2023-09-17 20:00:00,77,Valtteri Bottas,BOT,bottas,alfa,17.0,16.0,R,Retired,0.0,0 days 02:46:00,51.0,29.844318181818185,0.0,1.4159090909090908,0 days 00:00:01.825000,6.0,10.0
15,2023,Singapore Grand Prix,1219,9165,61,Singapore,2023-09-17 20:00:00,31,Esteban Ocon,OCO,ocon,alpine,18.0,8.0,R,Retired,0.0,0 days 02:46:00,42.0,29.844318181818185,0.0,1.4159090909090908,0 days 00:00:00.689000,36.0,81.0
15,2023,Singapore Grand Prix,1219,9165,61,Singapore,2023-09-17 20:00:00,22,Yuki Tsunoda,TSU,tsunoda,alphatauri,19.0,15.0,R,Retired,0.0,0 days 02:46:00,0.0,29.844318181818185,0.0,1.4159090909090908,0 days 00:00:01.007000,3.0,5.0
15,2023,Singapore Grand Prix,1219,9165,61,Singapore,2023-09-17 20:00:00,18,Lance Stroll,STR,stroll,aston_martin,,,W,Withdrew,0.0,0 days 02:46:00,0.0,29.844318181818185,0.0,1.4159090909090908,0 days 00:00:02.413000,47.0,217.0
16,2023,Japanese Grand Prix,1220,9173,46,Suzuka,2023-09-24 14:00:00,1,Max Verstappen,VER,max_verstappen,red_bull,1.0,1.0,1,Finished,26.0,0 days 01:30:58.421000,53.0,27.28860759493671,0.0,1.8297468354430384,0 days 00:00:00,400.0,623.0
16,2023,Japanese Grand Prix,1220,9173,46,Suzuka,2023-09-24 14:00:00,4,Lando Norris,NOR,norris,mclaren,2.0,3.0,2,Finished,18.0,0 days 00:00:19.387000,53.0,27.28860759493671,0.0,1.8297468354430384,0 days 00:00:00.616000,115.0,172.0
16,2023,Japanese Grand Prix,1220,9173,46,Suzuka,2023-09-24 14:00:00,81,Oscar Piastri,PIA,piastri,mclaren,3.0,2.0,3,Finished,15.0,0 days 00:00:36.494000,53.0,27.28860759493671,0.0,1.8297468354430384,0 days 00:00:00.581000,57.0,172.0
16,2023,Japanese Grand Prix,1220,9173,46,Suzuka,2023-09-24 14:00:00,16,Charles Leclerc,LEC,leclerc,ferrari,4.0,4.0,4,Finished,12.0,0 days 00:00:43.998000,53.0,27.28860759493671,0.0,1.8297468354430384,0 days 00:00:00.665000,135.0,285.0
16,2023,Japanese Grand Prix,1220,9173,46,Suzuka,2023-09-24 14:00:00,44,Lewis Hamilton,HAM,hamilton,mercedes,5.0,7.0,5,Finished,10.0,0 days 00:00:49.376000,53.0,27.28860759493671,0.0,1.8297468354430384,0 days 00:00:01.031000,190.0,305.0
16,2023,Japanese Grand Prix,1220,9173,46,Suzuka,2023-09-24 14:00:00,55,Carlos Sainz,SAI,sainz,ferrari,6.0,6.0,6,Finished,8.0,0 days 00:00:50.221000,53.0,27.28860759493671,0.0,1.8297468354430384,0 days 00:00:00.973000,150.0,285.0
16,2023,Japanese Grand Prix,1220,9173,46,Suzuka,2023-09-24 14:00:00,63,George Russell,RUS,russell,mercedes,7.0,8.0,7,Finished,6.0,0 days 00:00:57.659000,53.0,27.28860759493671,0.0,1.8297468354430384,0 days 00:00:01.342000,115.0,305.0
16,2023,Japanese Grand Prix,1220,9173,46,Suzuka,2023-09-24 14:00:00,14,Fernando Alonso,ALO,alonso,aston_martin,8.0,10.0,8,Finished,4.0,0 days 00:01:14.725000,53.0,27.28860759493671,0.0,1.8297468354430384,0 days 00:00:01.588000,174.0,221.0
16,2023,Japanese Grand Prix,1220,9173,46,Suzuka,2023-09-24 14:00:00,31,Esteban Ocon,OCO,ocon,alpine,9.0,14.0,9,Finished,2.0,0 days 00:01:19.678000,53.0,27.28860759493671,0.0,1.8297468354430384,0 days 00:00:01.709000,38.0,84.0
16,2023,Japanese Grand Prix,1220,9173,46,Suzuka,2023-09-24 14:00:00,10,Pierre Gasly,GAS,gasly,alpine,10.0,12.0,10,Finished,1.0,0 days 00:01:23.155000,53.0,27.28860759493671,0.0,1.8297468354430384,0 days 00:00:01.632000,46.0,84.0
16,2023,Japanese Grand Prix,1220,9173,46,Suzuka,2023-09-24 14:00:00,40,Liam Lawson,LAW,lawson,alphatauri,11.0,11.0,11,Lapped,0.0,0 days 00:00:03.089000,52.0,27.28860759493671,0.0,1.8297468354430384,0 days 00:00:01.548000,2.0,5.0
16,2023,Japanese Grand Prix,1220,9173,46,Suzuka,2023-09-24 14:00:00,22,Yuki Tsunoda,TSU,tsunoda,alphatauri,12.0,9.0,12,Lapped,0.0,0 days 00:00:03.974000,52.0,27.28860759493671,0.0,1.8297468354430384,0 days 00:00:01.327000,3.0,5.0
16,2023,Japanese Grand Prix,1220,9173,46,Suzuka,2023-09-24 14:00:00,24,Guanyu Zhou,ZHO,zhou,alfa,13.0,19.0,13,Lapped,0.0,0 days 00:00:06.340000,52.0,27.28860759493671,0.0,1.8297468354430384,0 days 00:00:02.521000,4.0,10.0
16,2023,Japanese Grand Prix,1220,9173,46,Suzuka,2023-09-24 14:00:00,27,Nico Hulkenberg,HUL,hulkenberg,haas,14.0,18.0,14,Lapped,0.0,0 days 00:00:09.598000,52.0,27.28860759493671,0.0,1.8297468354430384,0 days 00:00:02.422000,9.0,12.0
16,2023,Japanese Grand Prix,1220,9173,46,Suzuka,2023-09-24 14:00:00,20,Kevin Magnussen,MAG,kevin_magnussen,haas,15.0,15.0,15,Lapped,0.0,0 days 00:00:29.570000,52.0,27.28860759493671,0.0,1.8297468354430384,0 days 00:00:01.788000,3.0,12.0
16,2023,Japanese Grand Prix,1220,9173,46,Suzuka,2023-09-24 14:00:00,23,Alexander Albon,ALB,albon,williams,16.0,13.0,R,Retired,0.0,0 days 02:46:00,26.0,27.28860759493671,0.0,1.8297468354430384,0 days 00:00:01.660000,21.0,21.0
16,2023,Japanese Grand Prix,1220,9173,46,Suzuka,2023-09-24 14:00:00,2,Logan Sargeant,SAR,sargeant,williams,17.0,20.0,R,Retired,0.0,0 days 02:46:00,22.0,27.28860759493671,0.0,1.8297468354430384,0 days 02:46:00,0.0,21.0
16,2023,Japanese Grand Prix,1220,9173,46,Suzuka,2023-09-24 14:00:00,18,Lance Stroll,STR,stroll,aston_martin,18.0,17.0,R,Retired,0.0,0 days 02:46:00,20.0,27.28860759493671,0.0,1.8297468354430384,0 days 00:00:02.304000,47.0,221.0
16,2023,Japanese Grand Prix,1220,9173,46,Suzuka,2023-09-24 14:00:00,11,Sergio Perez,PER,perez,red_bull,19.0,5.0,R,Retired,0.0,0 days 02:46:00,15.0,27.28860759493671,0.0,1.8297468354430384,0 days 00:00:00.773000,223.0,623.0
16,2023,Japanese Grand Prix,1220,9173,46,Suzuka,2023-09-24 14:00:00,77,Valtteri Bottas,BOT,bottas,alfa,20.0,16.0,R,Retired,0.0,0 days 02:46:00,7.0,27.28860759493671,0.0,1.8297468354430384,0 days 00:00:02.172000,6.0,10.0
17,2023,Qatar Grand Prix,1221,9221,150,Lusail,2023-10-08 20:00:00,1,Max Verstappen,VER,max_verstappen,red_bull,1.0,1.0,1,Finished,26.0,0 days 01:27:39.168000,57.0,31.46289308176101,0.0,0.889937106918239,0 days 00:00:00,433.0,657.0
17,2023,Qatar Grand Prix,1221,9221,150,Lusail,2023-10-08 20:00:00,81,Oscar Piastri,PIA,piastri,mclaren,2.0,6.0,2,Finished,18.0,0 days 00:00:04.833000,57.0,31.46289308176101,0.0,0.889937106918239,0 days 00:00:00.762000,83.0,219.0
17,2023,Qatar Grand Prix,1221,9221,150,Lusail,2023-10-08 20:00:00,4,Lando Norris,NOR,norris,mclaren,3.0,10.0,3,Finished,15.0,0 days 00:00:05.969000,57.0,31.46289308176101,0.0,0.889937106918239,0 days 00:00:00.907000,136.0,219.0
17,2023,Qatar Grand Prix,1221,9221,150,Lusail,2023-10-08 20:00:00,63,George Russell,RUS,russell,mercedes,4.0,2.0,4,Finished,12.0,0 days 00:00:34.119000,57.0,31.46289308176101,0.0,0.889937106918239,0 days 00:00:00.441000,132.0,326.0
17,2023,Qatar Grand Prix,1221,9221,150,Lusail,2023-10-08 20:00:00,16,Charles Leclerc,LEC,leclerc,ferrari,5.0,5.0,5,Finished,10.0,0 days 00:00:38.976000,57.0,31.46289308176101,0.0,0.889937106918239,0 days 00:00:00.646000,145.0,298.0
17,2023,Qatar Grand Prix,1221,9221,150,Lusail,2023-10-08 20:00:00,14,Fernando Alonso,ALO,alonso,aston_martin,6.0,4.0,6,Finished,8.0,0 days 00:00:49.032000,57.0,31.46289308176101,0.0,0.889937106918239,0 days 00:00:00.591000,183.0,230.0
17,2023,Qatar Grand Prix,1221,9221,150,Lusail,2023-10-08 20:00:00,31,Esteban Ocon,OCO,ocon,alpine,7.0,8.0,7,Finished,6.0,0 days 00:01:02.390000,57.0,31.46289308176101,0.0,0.889937106918239,0 days 00:00:00.985000,44.0,90.0
17,2023,Qatar Grand Prix,1221,9221,150,Lusail,2023-10-08 20:00:00,77,Valtteri Bottas,BOT,bottas,alfa,8.0,9.0,8,Finished,4.0,0 days 00:01:06.563000,57.0,31.46289308176101,0.0,0.889937106918239,0 days 00:00:01.280000,10.0,16.0
17,2023,Qatar Grand Prix,1221,9221,150,Lusail,2023-10-08 20:00:00,24,Guanyu Zhou,ZHO,zhou,alfa,9.0,19.0,9,Finished,2.0,0 days 00:01:16.127000,57.0,31.46289308176101,0.0,0.889937106918239,0 days 00:00:03.654000,6.0,16.0
17,2023,Qatar Grand Prix,1221,9221,150,Lusail,2023-10-08 20:00:00,11,Sergio Perez,PER,perez,red_bull,10.0,20.0,10,Finished,1.0,0 days 00:01:20.181000,57.0,31.46289308176101,0.0,0.889937106918239,0 days 00:00:01.684000,224.0,657.0
17,2023,Qatar Grand Prix,1221,9221,150,Lusail,2023-10-08 20:00:00,18,Lance Stroll,STR,stroll,aston_martin,11.0,16.0,11,Finished,0.0,0 days 00:01:21.652000,57.0,31.46289308176101,0.0,0.889937106918239,0 days 00:00:02.567000,47.0,230.0
17,2023,Qatar Grand Prix,1221,9221,150,Lusail,2023-10-08 20:00:00,10,Pierre Gasly,GAS,gasly,alpine,12.0,7.0,12,Finished,0.0,0 days 00:01:22.300000,57.0,31.46289308176101,0.0,0.889937106918239,0 days 00:00:00.775000,46.0,90.0
17,2023,Qatar Grand Prix,1221,9221,150,Lusail,2023-10-08 20:00:00,23,Alexander Albon,ALB,albon,williams,13.0,13.0,13,Finished,0.0,0 days 00:01:31.014000,57.0,31.46289308176101,0.0,0.889937106918239,0 days 00:00:01.929000,23.0,23.0
17,2023,Qatar Grand Prix,1221,9221,150,Lusail,2023-10-08 20:00:00,20,Kevin Magnussen,MAG,kevin_magnussen,haas,14.0,18.0,14,Lapped,0.0,0 days 00:00:01.246000,56.0,31.46289308176101,0.0,0.889937106918239,0 days 00:00:03.268000,3.0,12.0
17,2023,Qatar Grand Prix,1221,9221,150,Lusail,2023-10-08 20:00:00,22,Yuki Tsunoda,TSU,tsunoda,alphatauri,15.0,11.0,15,Lapped,0.0,0 days 00:00:08.958000,56.0,31.46289308176101,0.0,0.889937106918239,0 days 00:00:01.523000,3.0,5.0
17,2023,Qatar Grand Prix,1221,9221,150,Lusail,2023-10-08 20:00:00,27,Nico Hulkenberg,HUL,hulkenberg,haas,16.0,14.0,16,Lapped,0.0,0 days 00:00:15.085000,56.0,31.46289308176101,0.0,0.889937106918239,0 days 00:00:02.005000,9.0,12.0
17,2023,Qatar Grand Prix,1221,9221,150,Lusail,2023-10-08 20:00:00,40,Liam Lawson,LAW,lawson,alphatauri,17.0,17.0,17,Lapped,0.0,0 days 00:00:27.108000,56.0,31.46289308176101,0.0,0.889937106918239,0 days 00:00:02.857000,2.0,5.0
17,2023,Qatar Grand Prix,1221,9221,150,Lusail,2023-10-08 20:00:00,2,Logan Sargeant,SAR,sargeant,williams,18.0,15.0,R,Retired,0.0,0 days 02:46:00,40.0,31.46289308176101,0.0,0.889937106918239,0 days 00:00:02.432000,0.0,23.0
17,2023,Qatar Grand Prix,1221,9221,150,Lusail,2023-10-08 20:00:00,44,Lewis Hamilton,HAM,hamilton,mercedes,19.0,3.0,R,Retired,0.0,0 days 02:46:00,0.0,31.46289308176101,0.0,0.889937106918239,0 days 00:00:00.527000,194.0,326.0
17,2023,Qatar Grand Prix,1221,9221,150,Lusail,2023-10-08 20:00:00,55,Carlos Sainz,SAI,sainz,ferrari,20.0,12.0,W,Did not start,0.0,0 days 02:46:00,0.0,31.46289308176101,0.0,0.889937106918239,0 days 00:00:01.550000,153.0,298.0
18,2023,United States Grand Prix,1222,9213,9,Austin,2023-10-22 14:00:00,1,Max Verstappen,VER,max_verstappen,red_bull,1.0,6.0,1,Finished,25.0,0 days 01:35:21.362000,56.0,29.96011904761905,0.0,3.314285714285714,0 days 00:00:00.285000,466.0,706.0
18,2023,United States Grand Prix,1222,9213,9,Austin,2023-10-22 14:00:00,4,Lando Norris,NOR,norris,mclaren,2.0,2.0,2,Finished,18.0,0 days 00:00:10.730000,56.0,29.96011904761905,0.0,3.314285714285714,0 days 00:00:00.130000,159.0,242.0
18,2023,United States Grand Prix,1222,9213,9,Austin,2023-10-22 14:00:00,55,Carlos Sainz,SAI,sainz,ferrari,3.0,4.0,3,Finished,15.0,0 days 00:00:15.134000,56.0,29.96011904761905,0.0,3.314285714285714,0 days 00:00:00.222000,171.0,322.0
18,2023,United States Grand Prix,1222,9213,9,Austin,2023-10-22 14:00:00,11,Sergio Perez,PER,perez,red_bull,4.0,9.0,4,Finished,12.0,0 days 00:00:18.460000,56.0,29.96011904761905,0.0,3.314285714285714,0 days 00:00:00.450000,240.0,706.0
18,2023,United States Grand Prix,1222,9213,9,Austin,2023-10-22 14:00:00,63,George Russell,RUS,russell,mercedes,5.0,5.0,5,Finished,10.0,0 days 00:00:24.999000,56.0,29.96011904761905,0.0,3.314285714285714,0 days 00:00:00.356000,143.0,344.0
18,2023,United States Grand Prix,1222,9213,9,Austin,2023-10-22 14:00:00,10,Pierre Gasly,GAS,gasly,alpine,6.0,7.0,6,Finished,8.0,0 days 00:00:47.996000,56.0,29.96011904761905,0.0,3.314285714285714,0 days 00:00:00.366000,56.0,100.0
18,2023,United States Grand Prix,1222,9213,9,Austin,2023-10-22 14:00:00,18,Lance Stroll,STR,stroll,aston_martin,7.0,20.0,7,Finished,6.0,0 days 00:00:48.696000,56.0,29.96011904761905,0.0,3.314285714285714,0 days 00:00:01.866000,53.0,236.0
18,2023,United States Grand Prix,1222,9213,9,Austin,2023-10-22 14:00:00,22,Yuki Tsunoda,TSU,tsunoda,alphatauri,8.0,11.0,8,Finished,5.0,0 days 00:01:14.385000,56.0,29.96011904761905,0.0,3.314285714285714,0 days 00:00:00.974000,8.0,10.0
18,2023,United States Grand Prix,1222,9213,9,Austin,2023-10-22 14:00:00,23,Alexander Albon,ALB,albon,williams,9.0,15.0,9,Finished,2.0,0 days 00:01:26.714000,56.0,29.96011904761905,0.0,3.314285714285714,0 days 00:00:01.592000,25.0,26.0
18,2023,United States Grand Prix,1222,9213,9,Austin,2023-10-22 14:00:00,2,Logan Sargeant,SAR,sargeant,williams,10.0,16.0,10,Finished,1.0,0 days 00:01:27.998000,56.0,29.96011904761905,0.0,3.314285714285714,0 days 00:00:02.104000,1.0,26.0
18,2023,United States Grand Prix,1222,9213,9,Austin,2023-10-22 14:00:00,27,Nico Hulkenberg,HUL,hulkenberg,haas,11.0,18.0,11,Finished,0.0,0 days 00:01:29.904000,56.0,29.96011904761905,0.0,3.314285714285714,0 days 00:00:01.512000,9.0,12.0
18,2023,United States Grand Prix,1222,9213,9,Austin,2023-10-22 14:00:00,77,Valtteri Bottas,BOT,bottas,alfa,12.0,13.0,12,Finished,0.0,0 days 00:01:38.601000,56.0,29.96011904761905,0.0,3.314285714285714,0 days 00:00:01.135000,10.0,16.0
18,2023,United States Grand Prix,1222,9213,9,Austin,2023-10-22 14:00:00,24,Guanyu Zhou,ZHO,zhou,alfa,13.0,12.0,13,Lapped,0.0,0 days 00:00:03.576000,55.0,29.96011904761905,0.0,3.314285714285714,0 days 00:00:00.975000,6.0,16.0
18,2023,United States Grand Prix,1222,9213,9,Austin,2023-10-22 14:00:00,20,Kevin Magnussen,MAG,kevin_magnussen,haas,14.0,17.0,14,Lapped,0.0,0 days 00:00:08.072000,55.0,29.96011904761905,0.0,3.314285714285714,0 days 00:00:01.157000,3.0,12.0
18,2023,United States Grand Prix,1222,9213,9,Austin,2023-10-22 14:00:00,3,Daniel Ricciardo,RIC,ricciardo,alphatauri,15.0,14.0,15,Lapped,0.0,0 days 00:00:08.852000,55.0,29.96011904761905,0.0,3.314285714285714,0 days 00:00:01.251000,0.0,10.0
18,2023,United States Grand Prix,1222,9213,9,Austin,2023-10-22 14:00:00,14,Fernando Alonso,ALO,alonso,aston_martin,16.0,19.0,R,Retired,0.0,0 days 02:46:00,49.0,29.96011904761905,0.0,3.314285714285714,0 days 00:00:01.545000,183.0,236.0
18,2023,United States Grand Prix,1222,9213,9,Austin,2023-10-22 14:00:00,81,Oscar Piastri,PIA,piastri,mclaren,17.0,10.0,R,Retired,0.0,0 days 02:46:00,10.0,29.96011904761905,0.0,3.314285714285714,0 days 00:00:00.744000,83.0,242.0
18,2023,United States Grand Prix,1222,9213,9,Austin,2023-10-22 14:00:00,31,Esteban Ocon,OCO,ocon,alpine,18.0,8.0,R,Retired,0.0,0 days 02:46:00,6.0,29.96011904761905,0.0,3.314285714285714,0 days 00:00:00.431000,44.0,100.0
18,2023,United States Grand Prix,1222,9213,9,Austin,2023-10-22 14:00:00,44,Lewis Hamilton,HAM,hamilton,mercedes,19.0,3.0,19,Disqualified,0.0,0 days 00:00:02.225000,56.0,29.96011904761905,0.0,3.314285714285714,0 days 00:00:00.139000,201.0,344.0
18,2023,United States Grand Prix,1222,9213,9,Austin,2023-10-22 14:00:00,16,Charles Leclerc,LEC,leclerc,ferrari,20.0,1.0,20,Disqualified,0.0,0 days 00:00:24.662000,56.0,29.96011904761905,0.0,3.314285714285714,0 days 00:00:00,151.0,322.0
19,2023,Mexico City Grand Prix,1223,9181,65,Mexico City,2023-10-29 14:00:00,1,Max Verstappen,VER,max_verstappen,red_bull,1.0,3.0,1,Finished,25.0,0 days 02:02:30.814000,71.0,25.54736842105263,0.0,1.4900000000000002,0 days 00:00:00.097000,491.0,731.0
19,2023,Mexico City Grand Prix,1223,9181,65,Mexico City,2023-10-29 14:00:00,44,Lewis Hamilton,HAM,hamilton,mercedes,2.0,6.0,2,Finished,19.0,0 days 00:00:13.875000,71.0,25.54736842105263,0.0,1.4900000000000002,0 days 00:00:00.288000,220.0,371.0
19,2023,Mexico City Grand Prix,1223,9181,65,Mexico City,2023-10-29 14:00:00,16,Charles Leclerc,LEC,leclerc,ferrari,3.0,1.0,3,Finished,15.0,0 days 00:00:23.124000,71.0,25.54736842105263,0.0,1.4900000000000002,0 days 00:00:00,166.0,349.0
19,2023,Mexico City Grand Prix,1223,9181,65,Mexico City,2023-10-29 14:00:00,55,Carlos Sainz,SAI,sainz,ferrari,4.0,2.0,4,Finished,12.0,0 days 00:00:27.154000,71.0,25.54736842105263,0.0,1.4900000000000002,0 days 00:00:00.067000,183.0,349.0
19,2023,Mexico City Grand Prix,1223,9181,65,Mexico City,2023-10-29 14:00:00,4,Lando Norris,NOR,norris,mclaren,5.0,17.0,5,Finished,10.0,0 days 00:00:33.266000,71.0,25.54736842105263,0.0,1.4900000000000002,0 days 00:00:04.388000,169.0,256.0
19,2023,Mexico City Grand Prix,1223,9181,65,Mexico City,2023-10-29 14:00:00,63,George Russell,RUS,russell,mercedes,6.0,8.0,6,Finished,8.0,0 days 00:00:41.020000,71.0,25.54736842105263,0.0,1.4900000000000002,0 days 00:00:00.507000,151.0,371.0
19,2023,Mexico City Grand Prix,1223,9181,65,Mexico City,2023-10-29 14:00:00,3,Daniel Ricciardo,RIC,ricciardo,alphatauri,7.0,4.0,7,Finished,6.0,0 days 00:00:41.570000,71.0,25.54736842105263,0.0,1.4900000000000002,0 days 00:00:00.216000,6.0,16.0
19,2023,Mexico City Grand Prix,1223,9181,65,Mexico City,2023-10-29 14:00:00,81,Oscar Piastri,PIA,piastri,mclaren,8.0,7.0,8,Finished,4.0,0 days 00:00:43.104000,71.0,25.54736842105263,0.0,1.4900000000000002,0 days 00:00:00.457000,87.0,256.0
19,2023,Mexico City Grand Prix,1223,9181,65,Mexico City,2023-10-29 14:00:00,23,Alexander Albon,ALB,albon,williams,9.0,14.0,9,Finished,2.0,0 days 00:00:48.573000,71.0,25.54736842105263,0.0,1.4900000000000002,0 days 00:00:01.662000,27.0,28.0
19,2023,Mexico City Grand Prix,1223,9181,65,Mexico City,2023-10-29 14:00:00,31,Esteban Ocon,OCO,ocon,alpine,10.0,15.0,10,Finished,1.0,0 days 00:01:02.879000,71.0,25.54736842105263,0.0,1.4900000000000002,0 days 00:00:01.914000,45.0,101.0
19,2023,Mexico City Grand Prix,1223,9181,65,Mexico City,2023-10-29 14:00:00,10,Pierre Gasly,GAS,gasly,alpine,11.0,11.0,11,Finished,0.0,0 days 00:01:06.208000,71.0,25.54736842105263,0.0,1.4900000000000002,0 days 00:00:01.355000,56.0,101.0
19,2023,Mexico City Grand Prix,1223,9181,65,Mexico City,2023-10-29 14:00:00,22,Yuki Tsunoda,TSU,tsunoda,alphatauri,12.0,18.0,12,Finished,0.0,0 days 00:01:18.982000,71.0,25.54736842105263,0.0,1.4900000000000002,0 days 00:00:01.724000,8.0,16.0
19,2023,Mexico City Grand Prix,1223,9181,65,Mexico City,2023-10-29 14:00:00,27,Nico Hulkenberg,HUL,hulkenberg,haas,13.0,12.0,13,Finished,0.0,0 days 00:01:20.309000,71.0,25.54736842105263,0.0,1.4900000000000002,0 days 00:00:01.358000,9.0,12.0
19,2023,Mexico City Grand Prix,1223,9181,65,Mexico City,2023-10-29 14:00:00,24,Guanyu Zhou,ZHO,zhou,alfa,14.0,10.0,14,Finished,0.0,0 days 00:01:21.676000,71.0,25.54736842105263,0.0,1.4900000000000002,0 days 00:00:00.884000,6.0,16.0
19,2023,Mexico City Grand Prix,1223,9181,65,Mexico City,2023-10-29 14:00:00,77,Valtteri Bottas,BOT,bottas,alfa,15.0,9.0,15,Finished,0.0,0 days 00:01:25.597000,71.0,25.54736842105263,0.0,1.4900000000000002,0 days 00:00:00.850000,10.0,16.0
19,2023,Mexico City Grand Prix,1223,9181,65,Mexico City,2023-10-29 14:00:00,2,Logan Sargeant,SAR,sargeant,williams,16.0,19.0,16,Retired,0.0,0 days 02:46:00,70.0,25.54736842105263,0.0,1.4900000000000002,0 days 02:46:00,1.0,28.0
19,2023,Mexico City Grand Prix,1223,9181,65,Mexico City,2023-10-29 14:00:00,18,Lance Stroll,STR,stroll,aston_martin,17.0,0.0,17,Collision damage,0.0,0 days 02:46:00,66.0,25.54736842105263,0.0,1.4900000000000002,0 days 00:00:02.061000,53.0,236.0
19,2023,Mexico City Grand Prix,1223,9181,65,Mexico City,2023-10-29 14:00:00,14,Fernando Alonso,ALO,alonso,aston_martin,18.0,13.0,W,Withdrew,0.0,0 days 02:46:00,47.0,25.54736842105263,0.0,1.4900000000000002,0 days 00:00:01.572000,183.0,236.0
19,2023,Mexico City Grand Prix,1223,9181,65,Mexico City,2023-10-29 14:00:00,20,Kevin Magnussen,MAG,kevin_magnussen,haas,19.0,16.0,R,Accident,0.0,0 days 02:46:00,31.0,25.54736842105263,0.0,1.4900000000000002,0 days 00:00:01.997000,3.0,12.0
19,2023,Mexico City Grand Prix,1223,9181,65,Mexico City,2023-10-29 14:00:00,11,Sergio Perez,PER,perez,red_bull,20.0,5.0,R,Collision damage,0.0,0 days 02:46:00,1.0,25.54736842105263,0.0,1.4900000000000002,0 days 00:00:00.257000,240.0,731.0
20,2023,São Paulo Grand Prix,1224,9205,14,Interlagos,2023-11-05 14:00:00,1,Max Verstappen,VER,max_verstappen,red_bull,1.0,1.0,1,Finished,25.0,0 days 01:56:48.894000,71.0,20.460109289617485,0.0054644808743169,1.3092896174863389,0 days 00:00:00.141000,524.0,782.0
20,2023,São Paulo Grand Prix,1224,9205,14,Interlagos,2023-11-05 14:00:00,4,Lando Norris,NOR,norris,mclaren,2.0,6.0,2,Finished,19.0,0 days 00:00:08.277000,71.0,20.460109289617485,0.0054644808743169,1.3092896174863389,0 days 00:00:00,195.0,282.0
20,2023,São Paulo Grand Prix,1224,9205,14,Interlagos,2023-11-05 14:00:00,14,Fernando Alonso,ALO,alonso,aston_martin,3.0,4.0,3,Finished,15.0,0 days 00:00:34.155000,71.0,20.460109289617485,0.0054644808743169,1.3092896174863389,0 days 00:00:00.216000,198.0,261.0
20,2023,São Paulo Grand Prix,1224,9205,14,Interlagos,2023-11-05 14:00:00,11,Sergio Perez,PER,perez,red_bull,4.0,9.0,4,Finished,12.0,0 days 00:00:34.208000,71.0,20.460109289617485,0.0054644808743169,1.3092896174863389,0 days 00:00:00.198000,258.0,782.0
20,2023,São Paulo Grand Prix,1224,9205,14,Interlagos,2023-11-05 14:00:00,18,Lance Stroll,STR,stroll,aston_martin,5.0,3.0,5,Finished,10.0,0 days 00:00:40.845000,71.0,20.460109289617485,0.0054644808743169,1.3092896174863389,0 days 00:00:00.354000,63.0,261.0
20,2023,São Paulo Grand Prix,1224,9205,14,Interlagos,2023-11-05 14:00:00,55,Carlos Sainz,SAI,sainz,ferrari,6.0,7.0,6,Finished,8.0,0 days 00:00:50.188000,71.0,20.460109289617485,0.0054644808743169,1.3092896174863389,0 days 00:00:00.233000,192.0,362.0
20,2023,São Paulo Grand Prix,1224,9205,14,Interlagos,2023-11-05 14:00:00,10,Pierre Gasly,GAS,gasly,alpine,7.0,15.0,7,Finished,6.0,0 days 00:00:56.093000,71.0,20.460109289617485,0.0054644808743169,1.3092896174863389,0 days 00:00:00.546000,62.0,108.0
20,2023,São Paulo Grand Prix,1224,9205,14,Interlagos,2023-11-05 14:00:00,44,Lewis Hamilton,HAM,hamilton,mercedes,8.0,5.0,8,Finished,4.0,0 days 00:01:02.859000,71.0,20.460109289617485,0.0054644808743169,1.3092896174863389,0 days 00:00:00.245000,226.0,382.0
20,2023,São Paulo Grand Prix,1224,9205,14,Interlagos,2023-11-05 14:00:00,22,Yuki Tsunoda,TSU,tsunoda,alphatauri,9.0,16.0,9,Finished,2.0,0 days 00:01:09.880000,71.0,20.460109289617485,0.0054644808743169,1.3092896174863389,0 days 00:00:00.816000,13.0,21.0
20,2023,São Paulo Grand Prix,1224,9205,14,Interlagos,2023-11-05 14:00:00,31,Esteban Ocon,OCO,ocon,alpine,10.0,14.0,10,Lapped,1.0,0 days 00:00:09.841000,70.0,20.460109289617485,0.0054644808743169,1.3092896174863389,0 days 00:00:00.541000,46.0,108.0
20,2023,São Paulo Grand Prix,1224,9205,14,Interlagos,2023-11-05 14:00:00,2,Logan Sargeant,SAR,sargeant,williams,11.0,19.0,11,Lapped,0.0,0 days 00:00:26.208000,70.0,20.460109289617485,0.0054644808743169,1.3092896174863389,0 days 00:00:01.014000,1.0,28.0
20,2023,São Paulo Grand Prix,1224,9205,14,Interlagos,2023-11-05 14:00:00,27,Nico Hulkenberg,HUL,hulkenberg,haas,12.0,11.0,12,Lapped,0.0,0 days 00:00:29.960000,70.0,20.460109289617485,0.0054644808743169,1.3092896174863389,0 days 00:00:00.454000,9.0,12.0
20,2023,São Paulo Grand Prix,1224,9205,14,Interlagos,2023-11-05 14:00:00,3,Daniel Ricciardo,RIC,ricciardo,alphatauri,13.0,17.0,13,Lapped,0.0,0 days 00:01:09.961000,70.0,20.460109289617485,0.0054644808743169,1.3092896174863389,0 days 00:00:00.822000,6.0,21.0
20,2023,São Paulo Grand Prix,1224,9205,14,Interlagos,2023-11-05 14:00:00,81,Oscar Piastri,PIA,piastri,mclaren,14.0,10.0,14,Lapped,0.0,0 days 00:00:03.636000,69.0,20.460109289617485,0.0054644808743169,1.3092896174863389,0 days 00:00:00.309000,87.0,282.0
20,2023,São Paulo Grand Prix,1224,9205,14,Interlagos,2023-11-05 14:00:00,63,George Russell,RUS,russell,mercedes,15.0,8.0,R,Retired,0.0,0 days 02:46:00,57.0,20.460109289617485,0.0054644808743169,1.3092896174863389,0 days 00:00:00.295000,156.0,382.0
20,2023,São Paulo Grand Prix,1224,9205,14,Interlagos,2023-11-05 14:00:00,77,Valtteri Bottas,BOT,bottas,alfa,16.0,18.0,R,Retired,0.0,0 days 02:46:00,39.0,20.460109289617485,0.0054644808743169,1.3092896174863389,0 days 00:00:00.934000,10.0,16.0
20,2023,São Paulo Grand Prix,1224,9205,14,Interlagos,2023-11-05 14:00:00,24,Guanyu Zhou,ZHO,zhou,alfa,17.0,20.0,R,Retired,0.0,0 days 02:46:00,22.0,20.460109289617485,0.0054644808743169,1.3092896174863389,0 days 00:00:01.254000,6.0,16.0
20,2023,São Paulo Grand Prix,1224,9205,14,Interlagos,2023-11-05 14:00:00,20,Kevin Magnussen,MAG,kevin_magnussen,haas,18.0,12.0,R,Retired,0.0,0 days 02:46:00,0.0,20.460109289617485,0.0054644808743169,1.3092896174863389,0 days 00:00:00.581000,3.0,12.0
20,2023,São Paulo Grand Prix,1224,9205,14,Interlagos,2023-11-05 14:00:00,23,Alexander Albon,ALB,albon,williams,19.0,13.0,R,Retired,0.0,0 days 02:46:00,0.0,20.460109289617485,0.0054644808743169,1.3092896174863389,0 days 00:00:00.600000,27.0,28.0
20,2023,São Paulo Grand Prix,1224,9205,14,Interlagos,2023-11-05 14:00:00,16,Charles Leclerc,LEC,leclerc,ferrari,20.0,2.0,W,Did not start,0.0,0 days 02:46:00,0.0,20.460109289617485,0.0054644808743169,1.3092896174863389,0 days 00:00:00.282000,170.0,362.0
21,2023,Las Vegas Grand Prix,1225,9189,152,Las Vegas,2023-11-18 22:00:00,1,Max Verstappen,VER,max_verstappen,red_bull,1.0,2.0,1,Finished,25.0,0 days 01:29:08.289000,50.0,18.05,0.0,2.300925925925926,0 days 00:00:00.378000,549.0,822.0
21,2023,Las Vegas Grand Prix,1225,9189,152,Las Vegas,2023-11-18 22:00:00,16,Charles Leclerc,LEC,leclerc,ferrari,2.0,1.0,2,Finished,18.0,0 days 00:00:02.070000,50.0,18.05,0.0,2.300925925925926,0 days 00:00:00,188.0,388.0
21,2023,Las Vegas Grand Prix,1225,9189,152,Las Vegas,2023-11-18 22:00:00,11,Sergio Perez,PER,perez,red_bull,3.0,11.0,3,Finished,15.0,0 days 00:00:02.241000,50.0,18.05,0.0,2.300925925925926,0 days 00:00:01.129000,273.0,822.0
21,2023,Las Vegas Grand Prix,1225,9189,152,Las Vegas,2023-11-18 22:00:00,31,Esteban Ocon,OCO,ocon,alpine,4.0,16.0,4,Finished,12.0,0 days 00:00:18.665000,50.0,18.05,0.0,2.300925925925926,0 days 00:00:02.108000,58.0,120.0
21,2023,Las Vegas Grand Prix,1225,9189,152,Las Vegas,2023-11-18 22:00:00,18,Lance Stroll,STR,stroll,aston_martin,5.0,19.0,5,Finished,10.0,0 days 00:00:20.067000,50.0,18.05,0.0,2.300925925925926,0 days 00:00:01.473000,73.0,273.0
21,2023,Las Vegas Grand Prix,1225,9189,152,Las Vegas,2023-11-18 22:00:00,55,Carlos Sainz,SAI,sainz,ferrari,6.0,12.0,6,Finished,8.0,0 days 00:00:20.834000,50.0,18.05,0.0,2.300925925925926,0 days 00:00:00.044000,200.0,388.0
21,2023,Las Vegas Grand Prix,1225,9189,152,Las Vegas,2023-11-18 22:00:00,44,Lewis Hamilton,HAM,hamilton,mercedes,7.0,10.0,7,Finished,6.0,0 days 00:00:21.755000,50.0,18.05,0.0,2.300925925925926,0 days 00:00:01.111000,232.0,392.0
21,2023,Las Vegas Grand Prix,1225,9189,152,Las Vegas,2023-11-18 22:00:00,63,George Russell,RUS,russell,mercedes,8.0,3.0,8,Finished,4.0,0 days 00:00:23.091000,50.0,18.05,0.0,2.300925925925926,0 days 00:00:00.386000,160.0,392.0
21,2023,Las Vegas Grand Prix,1225,9189,152,Las Vegas,2023-11-18 22:00:00,14,Fernando Alonso,ALO,alonso,aston_martin,9.0,9.0,9,Finished,2.0,0 days 00:00:25.964000,50.0,18.05,0.0,2.300925925925926,0 days 00:00:00.829000,200.0,273.0
21,2023,Las Vegas Grand Prix,1225,9189,152,Las Vegas,2023-11-18 22:00:00,81,Oscar Piastri,PIA,piastri,mclaren,10.0,18.0,10,Finished,2.0,0 days 00:00:29.496000,50.0,18.05,0.0,2.300925925925926,0 days 00:00:02.124000,89.0,284.0
21,2023,Las Vegas Grand Prix,1225,9189,152,Las Vegas,2023-11-18 22:00:00,10,Pierre Gasly,GAS,gasly,alpine,11.0,4.0,11,Finished,0.0,0 days 00:00:34.270000,50.0,18.05,0.0,2.300925925925926,0 days 00:00:00.513000,62.0,120.0
21,2023,Las Vegas Grand Prix,1225,9189,152,Las Vegas,2023-11-18 22:00:00,23,Alexander Albon,ALB,albon,williams,12.0,5.0,12,Finished,0.0,0 days 00:00:43.398000,50.0,18.05,0.0,2.300925925925926,0 days 00:00:00.597000,27.0,28.0
21,2023,Las Vegas Grand Prix,1225,9189,152,Las Vegas,2023-11-18 22:00:00,20,Kevin Magnussen,MAG,kevin_magnussen,haas,13.0,8.0,13,Finished,0.0,0 days 00:00:44.825000,50.0,18.05,0.0,2.300925925925926,0 days 00:00:00.811000,3.0,12.0
21,2023,Las Vegas Grand Prix,1225,9189,152,Las Vegas,2023-11-18 22:00:00,3,Daniel Ricciardo,RIC,ricciardo,alphatauri,14.0,14.0,14,Finished,0.0,0 days 00:00:48.525000,50.0,18.05,0.0,2.300925925925926,0 days 00:00:01.582000,6.0,21.0
21,2023,Las Vegas Grand Prix,1225,9189,152,Las Vegas,2023-11-18 22:00:00,24,Guanyu Zhou,ZHO,zhou,alfa,15.0,17.0,15,Finished,0.0,0 days 00:00:50.162000,50.0,18.05,0.0,2.300925925925926,0 days 00:00:02.123000,6.0,16.0
21,2023,Las Vegas Grand Prix,1225,9189,152,Las Vegas,2023-11-18 22:00:00,2,Logan Sargeant,SAR,sargeant,williams,16.0,6.0,16,Finished,0.0,0 days 00:00:50.882000,50.0,18.05,0.0,2.300925925925926,0 days 00:00:00.787000,1.0,28.0
21,2023,Las Vegas Grand Prix,1225,9189,152,Las Vegas,2023-11-18 22:00:00,77,Valtteri Bottas,BOT,bottas,alfa,17.0,7.0,17,Finished,0.0,0 days 00:01:25.350000,50.0,18.05,0.0,2.300925925925926,0 days 00:00:00.799000,10.0,16.0
21,2023,Las Vegas Grand Prix,1225,9189,152,Las Vegas,2023-11-18 22:00:00,22,Yuki Tsunoda,TSU,tsunoda,alphatauri,18.0,20.0,18,Retired,0.0,0 days 02:46:00,46.0,18.05,0.0,2.300925925925926,0 days 00:00:03.721000,13.0,21.0
21,2023,Las Vegas Grand Prix,1225,9189,152,Las Vegas,2023-11-18 22:00:00,27,Nico Hulkenberg,HUL,hulkenberg,haas,19.0,13.0,19,Retired,0.0,0 days 02:46:00,45.0,18.05,0.0,2.300925925925926,0 days 00:00:01.253000,9.0,12.0
21,2023,Las Vegas Grand Prix,1225,9189,152,Las Vegas,2023-11-18 22:00:00,4,Lando Norris,NOR,norris,mclaren,20.0,15.0,R,Retired,0.0,0 days 02:46:00,2.0,18.05,0.0,2.300925925925926,0 days 00:00:01.977000,195.0,284.0
22,2023,Abu Dhabi Grand Prix,1226,9197,70,Yas Marina Circuit,2023-11-26 17:00:00,1,Max Verstappen,VER,max_verstappen,red_bull,1.0,1.0,1,Finished,26.0,0 days 01:27:02.624000,58.0,26.96282051282051,0.0,1.794871794871795,0 days 00:00:00,575.0,860.0
22,2023,Abu Dhabi Grand Prix,1226,9197,70,Yas Marina Circuit,2023-11-26 17:00:00,16,Charles Leclerc,LEC,leclerc,ferrari,2.0,2.0,2,Finished,18.0,0 days 00:00:17.993000,58.0,26.96282051282051,0.0,1.794871794871795,0 days 00:00:00.139000,206.0,406.0
22,2023,Abu Dhabi Grand Prix,1226,9197,70,Yas Marina Circuit,2023-11-26 17:00:00,63,George Russell,RUS,russell,mercedes,3.0,4.0,3,Finished,15.0,0 days 00:00:20.328000,58.0,26.96282051282051,0.0,1.794871794871795,0 days 00:00:00.343000,175.0,409.0
22,2023,Abu Dhabi Grand Prix,1226,9197,70,Yas Marina Circuit,2023-11-26 17:00:00,11,Sergio Perez,PER,perez,red_bull,4.0,9.0,4,Finished,12.0,0 days 00:00:21.453000,58.0,26.96282051282051,0.0,1.794871794871795,0 days 00:00:00.671000,285.0,860.0
22,2023,Abu Dhabi Grand Prix,1226,9197,70,Yas Marina Circuit,2023-11-26 17:00:00,4,Lando Norris,NOR,norris,mclaren,5.0,5.0,5,Finished,10.0,0 days 00:00:24.284000,58.0,26.96282051282051,0.0,1.794871794871795,0 days 00:00:00.371000,205.0,302.0
22,2023,Abu Dhabi Grand Prix,1226,9197,70,Yas Marina Circuit,2023-11-26 17:00:00,81,Oscar Piastri,PIA,piastri,mclaren,6.0,3.0,6,Finished,8.0,0 days 00:00:31.487000,58.0,26.96282051282051,0.0,1.794871794871795,0 days 00:00:00.337000,97.0,302.0
22,2023,Abu Dhabi Grand Prix,1226,9197,70,Yas Marina Circuit,2023-11-26 17:00:00,14,Fernando Alonso,ALO,alonso,aston_martin,7.0,7.0,7,Finished,6.0,0 days 00:00:39.512000,58.0,26.96282051282051,0.0,1.794871794871795,0 days 00:00:00.639000,206.0,280.0
22,2023,Abu Dhabi Grand Prix,1226,9197,70,Yas Marina Circuit,2023-11-26 17:00:00,22,Yuki Tsunoda,TSU,tsunoda,alphatauri,8.0,6.0,8,Finished,4.0,0 days 00:00:43.088000,58.0,26.96282051282051,0.0,1.794871794871795,0 days 00:00:00.523000,17.0,25.0
22,2023,Abu Dhabi Grand Prix,1226,9197,70,Yas Marina Circuit,2023-11-26 17:00:00,44,Lewis Hamilton,HAM,hamilton,mercedes,9.0,11.0,9,Finished,2.0,0 days 00:00:44.424000,58.0,26.96282051282051,0.0,1.794871794871795,0 days 00:00:00.914000,234.0,409.0
22,2023,Abu Dhabi Grand Prix,1226,9197,70,Yas Marina Circuit,2023-11-26 17:00:00,18,Lance Stroll,STR,stroll,aston_martin,10.0,13.0,10,Finished,1.0,0 days 00:00:55.632000,58.0,26.96282051282051,0.0,1.794871794871795,0 days 00:00:00.960000,74.0,280.0
22,2023,Abu Dhabi Grand Prix,1226,9197,70,Yas Marina Circuit,2023-11-26 17:00:00,3,Daniel Ricciardo,RIC,ricciardo,alphatauri,11.0,15.0,11,Finished,0.0,0 days 00:00:56.229000,58.0,26.96282051282051,0.0,1.794871794871795,0 days 00:00:00.997000,6.0,25.0
22,2023,Abu Dhabi Grand Prix,1226,9197,70,Yas Marina Circuit,2023-11-26 17:00:00,31,Esteban Ocon,OCO,ocon,alpine,12.0,12.0,12,Finished,0.0,0 days 00:01:06.373000,58.0,26.96282051282051,0.0,1.794871794871795,0 days 00:00:00.946000,58.0,120.0
22,2023,Abu Dhabi Grand Prix,1226,9197,70,Yas Marina Circuit,2023-11-26 17:00:00,10,Pierre Gasly,GAS,gasly,alpine,13.0,10.0,13,Finished,0.0,0 days 00:01:10.360000,58.0,26.96282051282051,0.0,1.794871794871795,0 days 00:00:00.633000,62.0,120.0
22,2023,Abu Dhabi Grand Prix,1226,9197,70,Yas Marina Circuit,2023-11-26 17:00:00,23,Alexander Albon,ALB,albon,williams,14.0,14.0,14,Finished,0.0,0 days 00:01:13.184000,58.0,26.96282051282051,0.0,1.794871794871795,0 days 00:00:00.853000,27.0,28.0
22,2023,Abu Dhabi Grand Prix,1226,9197,70,Yas Marina Circuit,2023-11-26 17:00:00,27,Nico Hulkenberg,HUL,hulkenberg,haas,15.0,8.0,15,Finished,0.0,0 days 00:01:23.696000,58.0,26.96282051282051,0.0,1.794871794871795,0 days 00:00:00.663000,9.0,12.0
22,2023,Abu Dhabi Grand Prix,1226,9197,70,Yas Marina Circuit,2023-11-26 17:00:00,2,Logan Sargeant,SAR,sargeant,williams,16.0,20.0,16,Finished,0.0,0 days 00:01:27.791000,58.0,26.96282051282051,0.0,1.794871794871795,0 days 02:46:00,1.0,28.0
22,2023,Abu Dhabi Grand Prix,1226,9197,70,Yas Marina Circuit,2023-11-26 17:00:00,24,Guanyu Zhou,ZHO,zhou,alfa,17.0,19.0,17,Finished,0.0,0 days 00:01:29.422000,58.0,26.96282051282051,0.0,1.794871794871795,0 days 00:00:01.714000,6.0,16.0
22,2023,Abu Dhabi Grand Prix,1226,9197,70,Yas Marina Circuit,2023-11-26 17:00:00,55,Carlos Sainz,SAI,sainz,ferrari,18.0,16.0,18,Retired,0.0,0 days 02:46:00,57.0,26.96282051282051,0.0,1.794871794871795,0 days 00:00:01.293000,200.0,406.0
22,2023,Abu Dhabi Grand Prix,1226,9197,70,Yas Marina Circuit,2023-11-26 17:00:00,77,Valtteri Bottas,BOT,bottas,alfa,19.0,18.0,19,Lapped,0.0,0 days 00:00:12.411000,57.0,26.96282051282051,0.0,1.794871794871795,0 days 00:00:01.343000,10.0,16.0
22,2023,Abu Dhabi Grand Prix,1226,9197,70,Yas Marina Circuit,2023-11-26 17:00:00,20,Kevin Magnussen,MAG,kevin_magnussen,haas,20.0,17.0,20,Lapped,0.0,0 days 00:00:14.876000,57.0,26.96282051282051,0.0,1.794871794871795,0 days 00:00:01.319000,3.0,12.0
1,2024,Bahrain Grand Prix,1229,9472,63,Sakhir,2024-03-02 18:00:00,1,Max Verstappen,VER,max_verstappen,red_bull,1.0,1.0,1,Finished,26.0,0 days 01:31:44.742000,57.0,18.22738853503185,0.0,0.7859872611464969,0 days 00:00:00.014000,26.0,44.0
1,2024,Bahrain Grand Prix,1229,9472,63,Sakhir,2024-03-02 18:00:00,11,Sergio Perez,PER,perez,red_bull,2.0,5.0,2,Finished,18.0,0 days 00:00:22.457000,57.0,18.22738853503185,0.0,0.7859872611464969,0 days 00:00:00.372000,18.0,44.0
1,2024,Bahrain Grand Prix,1229,9472,63,Sakhir,2024-03-02 18:00:00,55,Carlos Sainz,SAI,sainz,ferrari,3.0,4.0,3,Finished,15.0,0 days 00:00:25.110000,57.0,18.22738853503185,0.0,0.7859872611464969,0 days 00:00:00.342000,15.0,27.0
1,2024,Bahrain Grand Prix,1229,9472,63,Sakhir,2024-03-02 18:00:00,16,Charles Leclerc,LEC,leclerc,ferrari,4.0,2.0,4,Finished,12.0,0 days 00:00:39.669000,57.0,18.22738853503185,0.0,0.7859872611464969,0 days 00:00:00,12.0,27.0
1,2024,Bahrain Grand Prix,1229,9472,63,Sakhir,2024-03-02 18:00:00,63,George Russell,RUS,russell,mercedes,5.0,3.0,5,Finished,10.0,0 days 00:00:46.788000,57.0,18.22738853503185,0.0,0.7859872611464969,0 days 00:00:00.320000,10.0,16.0
1,2024,Bahrain Grand Prix,1229,9472,63,Sakhir,2024-03-02 18:00:00,4,Lando Norris,NOR,norris,mclaren,6.0,7.0,6,Finished,8.0,0 days 00:00:48.458000,57.0,18.22738853503185,0.0,0.7859872611464969,0 days 00:00:00.449000,8.0,12.0
1,2024,Bahrain Grand Prix,1229,9472,63,Sakhir,2024-03-02 18:00:00,44,Lewis Hamilton,HAM,hamilton,mercedes,7.0,9.0,7,Finished,6.0,0 days 00:00:50.324000,57.0,18.22738853503185,0.0,0.7859872611464969,0 days 00:00:00.545000,6.0,16.0
1,2024,Bahrain Grand Prix,1229,9472,63,Sakhir,2024-03-02 18:00:00,81,Oscar Piastri,PIA,piastri,mclaren,8.0,8.0,8,Finished,4.0,0 days 00:00:56.082000,57.0,18.22738853503185,0.0,0.7859872611464969,0 days 00:00:00.518000,4.0,12.0
1,2024,Bahrain Grand Prix,1229,9472,63,Sakhir,2024-03-02 18:00:00,14,Fernando Alonso,ALO,alonso,aston_martin,9.0,6.0,9,Finished,2.0,0 days 00:01:14.887000,57.0,18.22738853503185,0.0,0.7859872611464969,0 days 00:00:00.377000,2.0,3.0
1,2024,Bahrain Grand Prix,1229,9472,63,Sakhir,2024-03-02 18:00:00,18,Lance Stroll,STR,stroll,aston_martin,10.0,12.0,10,Finished,1.0,0 days 00:01:33.216000,57.0,18.22738853503185,0.0,0.7859872611464969,0 days 00:00:00.800000,1.0,3.0
1,2024,Bahrain Grand Prix,1229,9472,63,Sakhir,2024-03-02 18:00:00,24,Guanyu Zhou,ZHO,zhou,sauber,11.0,17.0,11,Lapped,0.0,0 days 00:00:06.759000,56.0,18.22738853503185,0.0,0.7859872611464969,0 days 00:00:01.592000,0.0,0.0
1,2024,Bahrain Grand Prix,1229,9472,63,Sakhir,2024-03-02 18:00:00,20,Kevin Magnussen,MAG,kevin_magnussen,haas,12.0,15.0,12,Lapped,0.0,0 days 00:00:08.316000,56.0,18.22738853503185,0.0,0.7859872611464969,0 days 00:00:01.364000,0.0,0.0
1,2024,Bahrain Grand Prix,1229,9472,63,Sakhir,2024-03-02 18:00:00,3,Daniel Ricciardo,RIC,ricciardo,rb,13.0,14.0,13,Lapped,0.0,0 days 00:00:08.958000,56.0,18.22738853503185,0.0,0.7859872611464969,0 days 00:00:01.113000,0.0,0.0
1,2024,Bahrain Grand Prix,1229,9472,63,Sakhir,2024-03-02 18:00:00,22,Yuki Tsunoda,TSU,tsunoda,rb,14.0,11.0,14,Lapped,0.0,0 days 00:00:09.482000,56.0,18.22738853503185,0.0,0.7859872611464969,0 days 00:00:00.964000,0.0,0.0
1,2024,Bahrain Grand Prix,1229,9472,63,Sakhir,2024-03-02 18:00:00,23,Alexander Albon,ALB,albon,williams,15.0,13.0,15,Lapped,0.0,0 days 00:00:11.886000,56.0,18.22738853503185,0.0,0.7859872611464969,0 days 00:00:01.056000,0.0,0.0
1,2024,Bahrain Grand Prix,1229,9472,63,Sakhir,2024-03-02 18:00:00,27,Nico Hulkenberg,HUL,hulkenberg,haas,16.0,10.0,16,Lapped,0.0,0 days 00:00:17.632000,56.0,18.22738853503185,0.0,0.7859872611464969,0 days 00:00:00.686000,0.0,0.0
1,2024,Bahrain Grand Prix,1229,9472,63,Sakhir,2024-03-02 18:00:00,31,Esteban Ocon,OCO,ocon,alpine,17.0,19.0,17,Lapped,0.0,0 days 00:00:31.450000,56.0,18.22738853503185,0.0,0.7859872611464969,0 days 00:00:01.628000,0.0,0.0
1,2024,Bahrain Grand Prix,1229,9472,63,Sakhir,2024-03-02 18:00:00,10,Pierre Gasly,GAS,gasly,alpine,18.0,20.0,18,Lapped,0.0,0 days 00:00:32.417000,56.0,18.22738853503185,0.0,0.7859872611464969,0 days 00:00:01.783000,0.0,0.0
1,2024,Bahrain Grand Prix,1229,9472,63,Sakhir,2024-03-02 18:00:00,77,Valtteri Bottas,BOT,bottas,sauber,19.0,16.0,19,Lapped,0.0,0 days 00:01:23.230000,56.0,18.22738853503185,0.0,0.7859872611464969,0 days 00:00:01.591000,0.0,0.0
1,2024,Bahrain Grand Prix,1229,9472,63,Sakhir,2024-03-02 18:00:00,2,Logan Sargeant,SAR,sargeant,williams,20.0,18.0,20,Lapped,0.0,0 days 00:00:20.795000,55.0,18.22738853503185,0.0,0.7859872611464969,0 days 00:00:01.605000,0.0,0.0
2,2024,Saudi Arabian Grand Prix,1230,9480,149,Jeddah,2024-03-09 20:00:00,1,Max Verstappen,VER,max_verstappen,red_bull,1.0,1.0,1,Finished,25.0,0 days 01:20:43.273000,50.0,25.528082191780825,0.0,1.3027397260273972,0 days 00:00:00,51.0,87.0
2,2024,Saudi Arabian Grand Prix,1230,9480,149,Jeddah,2024-03-09 20:00:00,11,Sergio Perez,PER,perez,red_bull,2.0,3.0,2,Finished,18.0,0 days 00:00:13.643000,50.0,25.528082191780825,0.0,1.3027397260273972,0 days 00:00:00.335000,36.0,87.0
2,2024,Saudi Arabian Grand Prix,1230,9480,149,Jeddah,2024-03-09 20:00:00,16,Charles Leclerc,LEC,leclerc,ferrari,3.0,2.0,3,Finished,16.0,0 days 00:00:18.639000,50.0,25.528082191780825,0.0,1.3027397260273972,0 days 00:00:00.319000,28.0,49.0
2,2024,Saudi Arabian Grand Prix,1230,9480,149,Jeddah,2024-03-09 20:00:00,81,Oscar Piastri,PIA,piastri,mclaren,4.0,5.0,4,Finished,12.0,0 days 00:00:32.007000,50.0,25.528082191780825,0.0,1.3027397260273972,0 days 00:00:00.617000,16.0,28.0
2,2024,Saudi Arabian Grand Prix,1230,9480,149,Jeddah,2024-03-09 20:00:00,14,Fernando Alonso,ALO,alonso,aston_martin,5.0,4.0,5,Finished,10.0,0 days 00:00:35.759000,50.0,25.528082191780825,0.0,1.3027397260273972,0 days 00:00:00.374000,12.0,13.0
2,2024,Saudi Arabian Grand Prix,1230,9480,149,Jeddah,2024-03-09 20:00:00,63,George Russell,RUS,russell,mercedes,6.0,7.0,6,Finished,8.0,0 days 00:00:39.936000,50.0,25.528082191780825,0.0,1.3027397260273972,0 days 00:00:00.844000,18.0,26.0
2,2024,Saudi Arabian Grand Prix,1230,9480,149,Jeddah,2024-03-09 20:00:00,38,Oliver Bearman,BEA,bearman,ferrari,7.0,11.0,7,Finished,6.0,0 days 00:00:42.679000,50.0,25.528082191780825,0.0,1.3027397260273972,0 days 00:00:01.170000,6.0,49.0
2,2024,Saudi Arabian Grand Prix,1230,9480,149,Jeddah,2024-03-09 20:00:00,4,Lando Norris,NOR,norris,mclaren,8.0,6.0,8,Finished,4.0,0 days 00:00:45.708000,50.0,25.528082191780825,0.0,1.3027397260273972,0 days 00:00:00.660000,12.0,28.0
2,2024,Saudi Arabian Grand Prix,1230,9480,149,Jeddah,2024-03-09 20:00:00,44,Lewis Hamilton,HAM,hamilton,mercedes,9.0,8.0,9,Finished,2.0,0 days 00:00:47.391000,50.0,25.528082191780825,0.0,1.3027397260273972,0 days 00:00:00.988000,8.0,26.0
2,2024,Saudi Arabian Grand Prix,1230,9480,149,Jeddah,2024-03-09 20:00:00,27,Nico Hulkenberg,HUL,hulkenberg,haas,10.0,15.0,10,Finished,1.0,0 days 00:01:16.996000,50.0,25.528082191780825,0.0,1.3027397260273972,0 days 00:00:01.583000,1.0,1.0
2,2024,Saudi Arabian Grand Prix,1230,9480,149,Jeddah,2024-03-09 20:00:00,23,Alexander Albon,ALB,albon,williams,11.0,12.0,11,Finished,0.0,0 days 00:01:28.354000,50.0,25.528082191780825,0.0,1.3027397260273972,0 days 00:00:01.508000,0.0,0.0
2,2024,Saudi Arabian Grand Prix,1230,9480,149,Jeddah,2024-03-09 20:00:00,20,Kevin Magnussen,MAG,kevin_magnussen,haas,12.0,13.0,12,Finished,0.0,0 days 00:01:45.737000,50.0,25.528082191780825,0.0,1.3027397260273972,0 days 00:00:01.548000,0.0,1.0
2,2024,Saudi Arabian Grand Prix,1230,9480,149,Jeddah,2024-03-09 20:00:00,31,Esteban Ocon,OCO,ocon,alpine,13.0,17.0,13,Lapped,0.0,0 days 00:00:04.001000,49.0,25.528082191780825,0.0,1.3027397260273972,0 days 00:00:02.003000,0.0,0.0
2,2024,Saudi Arabian Grand Prix,1230,9480,149,Jeddah,2024-03-09 20:00:00,2,Logan Sargeant,SAR,sargeant,williams,14.0,19.0,14,Lapped,0.0,0 days 00:00:06.785000,49.0,25.528082191780825,0.0,1.3027397260273972,0 days 00:00:02.054000,0.0,0.0
2,2024,Saudi Arabian Grand Prix,1230,9480,149,Jeddah,2024-03-09 20:00:00,22,Yuki Tsunoda,TSU,tsunoda,rb,15.0,9.0,15,Lapped,0.0,0 days 00:00:10.533000,49.0,25.528082191780825,0.0,1.3027397260273972,0 days 00:00:01.075000,0.0,0.0
2,2024,Saudi Arabian Grand Prix,1230,9480,149,Jeddah,2024-03-09 20:00:00,3,Daniel Ricciardo,RIC,ricciardo,rb,16.0,14.0,16,Lapped,0.0,0 days 00:00:20.715000,49.0,25.528082191780825,0.0,1.3027397260273972,0 days 00:00:01.553000,0.0,0.0
2,2024,Saudi Arabian Grand Prix,1230,9480,149,Jeddah,2024-03-09 20:00:00,77,Valtteri Bottas,BOT,bottas,sauber,17.0,16.0,17,Lapped,0.0,0 days 00:00:23.115000,49.0,25.528082191780825,0.0,1.3027397260273972,0 days 00:00:01.707000,0.0,0.0
2,2024,Saudi Arabian Grand Prix,1230,9480,149,Jeddah,2024-03-09 20:00:00,24,Guanyu Zhou,ZHO,zhou,sauber,18.0,20.0,18,Lapped,0.0,0 days 00:00:29.553000,49.0,25.528082191780825,0.0,1.3027397260273972,0 days 02:46:00,0.0,0.0
2,2024,Saudi Arabian Grand Prix,1230,9480,149,Jeddah,2024-03-09 20:00:00,18,Lance Stroll,STR,stroll,aston_martin,19.0,10.0,R,Retired,0.0,0 days 02:46:00,5.0,25.528082191780825,0.0,1.3027397260273972,0 days 00:00:00.778000,1.0,13.0
2,2024,Saudi Arabian Grand Prix,1230,9480,149,Jeddah,2024-03-09 20:00:00,10,Pierre Gasly,GAS,gasly,alpine,20.0,18.0,R,Retired,0.0,0 days 02:46:00,1.0,25.528082191780825,0.0,1.3027397260273972,0 days 00:00:02.007000,0.0,0.0
3,2024,Australian Grand Prix,1231,9488,10,Melbourne,2024-03-24 15:00:00,55,Carlos Sainz,SAI,sainz,ferrari,1.0,2.0,1,Finished,25.0,0 days 01:20:26.843000,58.0,20.62222222222222,0.0,0.9534722222222224,0 days 00:00:00.270000,40.0,93.0
3,2024,Australian Grand Prix,1231,9488,10,Melbourne,2024-03-24 15:00:00,16,Charles Leclerc,LEC,leclerc,ferrari,2.0,4.0,2,Finished,19.0,0 days 00:00:02.366000,58.0,20.62222222222222,0.0,0.9534722222222224,0 days 00:00:00.389000,47.0,93.0
3,2024,Australian Grand Prix,1231,9488,10,Melbourne,2024-03-24 15:00:00,4,Lando Norris,NOR,norris,mclaren,3.0,3.0,3,Finished,15.0,0 days 00:00:05.904000,58.0,20.62222222222222,0.0,0.9534722222222224,0 days 00:00:00.400000,27.0,55.0
3,2024,Australian Grand Prix,1231,9488,10,Melbourne,2024-03-24 15:00:00,81,Oscar Piastri,PIA,piastri,mclaren,4.0,5.0,4,Finished,12.0,0 days 00:00:35.770000,58.0,20.62222222222222,0.0,0.9534722222222224,0 days 00:00:00.657000,28.0,55.0
3,2024,Australian Grand Prix,1231,9488,10,Melbourne,2024-03-24 15:00:00,11,Sergio Perez,PER,perez,red_bull,5.0,6.0,5,Finished,10.0,0 days 00:00:56.309000,58.0,20.62222222222222,0.0,0.9534722222222224,0 days 00:00:00.359000,46.0,97.0
3,2024,Australian Grand Prix,1231,9488,10,Melbourne,2024-03-24 15:00:00,18,Lance Stroll,STR,stroll,aston_martin,6.0,9.0,6,Finished,8.0,0 days 00:01:33.222000,58.0,20.62222222222222,0.0,0.9534722222222224,0 days 00:00:00.865000,9.0,25.0
3,2024,Australian Grand Prix,1231,9488,10,Melbourne,2024-03-24 15:00:00,22,Yuki Tsunoda,TSU,tsunoda,rb,7.0,8.0,7,Finished,6.0,0 days 00:01:35.601000,58.0,20.62222222222222,0.0,0.9534722222222224,0 days 00:00:00.873000,6.0,6.0
3,2024,Australian Grand Prix,1231,9488,10,Melbourne,2024-03-24 15:00:00,14,Fernando Alonso,ALO,alonso,aston_martin,8.0,10.0,8,Finished,4.0,0 days 00:01:40.992000,58.0,20.62222222222222,0.0,0.9534722222222224,0 days 00:00:00.795000,16.0,25.0
3,2024,Australian Grand Prix,1231,9488,10,Melbourne,2024-03-24 15:00:00,27,Nico Hulkenberg,HUL,hulkenberg,haas,9.0,16.0,9,Finished,2.0,0 days 00:01:44.553000,58.0,20.62222222222222,0.0,0.9534722222222224,0 days 00:00:02.061000,3.0,4.0
3,2024,Australian Grand Prix,1231,9488,10,Melbourne,2024-03-24 15:00:00,20,Kevin Magnussen,MAG,kevin_magnussen,haas,10.0,14.0,10,Lapped,1.0,0 days 00:00:04.081000,57.0,20.62222222222222,0.0,0.9534722222222224,0 days 00:00:01.512000,1.0,4.0
3,2024,Australian Grand Prix,1231,9488,10,Melbourne,2024-03-24 15:00:00,23,Alexander Albon,ALB,albon,williams,11.0,12.0,11,Lapped,0.0,0 days 00:00:05.009000,57.0,20.62222222222222,0.0,0.9534722222222224,0 days 00:00:01.215000,0.0,0.0
3,2024,Australian Grand Prix,1231,9488,10,Melbourne,2024-03-24 15:00:00,3,Daniel Ricciardo,RIC,ricciardo,rb,12.0,18.0,12,Lapped,0.0,0 days 00:00:11.508000,57.0,20.62222222222222,0.0,0.9534722222222224,0 days 00:00:02.170000,0.0,6.0
3,2024,Australian Grand Prix,1231,9488,10,Melbourne,2024-03-24 15:00:00,10,Pierre Gasly,GAS,gasly,alpine,13.0,17.0,13,Lapped,0.0,0 days 00:00:40.953000,57.0,20.62222222222222,0.0,0.9534722222222224,0 days 00:00:02.067000,0.0,0.0
3,2024,Australian Grand Prix,1231,9488,10,Melbourne,2024-03-24 15:00:00,77,Valtteri Bottas,BOT,bottas,sauber,14.0,13.0,14,Lapped,0.0,0 days 00:00:42.326000,57.0,20.62222222222222,0.0,0.9534722222222224,0 days 00:00:01.425000,0.0,0.0
3,2024,Australian Grand Prix,1231,9488,10,Melbourne,2024-03-24 15:00:00,24,Guanyu Zhou,ZHO,zhou,sauber,15.0,19.0,15,Lapped,0.0,0 days 00:00:44.293000,57.0,20.62222222222222,0.0,0.9534722222222224,0 days 00:00:02.273000,0.0,0.0
3,2024,Australian Grand Prix,1231,9488,10,Melbourne,2024-03-24 15:00:00,31,Esteban Ocon,OCO,ocon,alpine,16.0,15.0,16,Lapped,0.0,0 days 00:00:53.979000,57.0,20.62222222222222,0.0,0.9534722222222224,0 days 00:00:01.702000,0.0,0.0
3,2024,Australian Grand Prix,1231,9488,10,Melbourne,2024-03-24 15:00:00,63,George Russell,RUS,russell,mercedes,17.0,7.0,17,Retired,0.0,0 days 02:46:00,56.0,20.62222222222222,0.0,0.9534722222222224,0 days 00:00:00.809000,18.0,26.0
3,2024,Australian Grand Prix,1231,9488,10,Melbourne,2024-03-24 15:00:00,44,Lewis Hamilton,HAM,hamilton,mercedes,18.0,11.0,R,Retired,0.0,0 days 02:46:00,15.0,20.62222222222222,0.0,0.9534722222222224,0 days 00:00:01.045000,8.0,26.0
3,2024,Australian Grand Prix,1231,9488,10,Melbourne,2024-03-24 15:00:00,1,Max Verstappen,VER,max_verstappen,red_bull,19.0,1.0,R,Retired,0.0,0 days 02:46:00,3.0,20.62222222222222,0.0,0.9534722222222224,0 days 00:00:00,51.0,97.0
4,2024,Japanese Grand Prix,1232,9496,46,Suzuka,2024-04-07 14:00:00,1,Max Verstappen,VER,max_verstappen,red_bull,1.0,1.0,1,Finished,26.0,0 days 01:54:23.566000,53.0,21.691160220994476,0.0,2.2408839779005527,0 days 00:00:00,77.0,141.0
4,2024,Japanese Grand Prix,1232,9496,46,Suzuka,2024-04-07 14:00:00,11,Sergio Perez,PER,perez,red_bull,2.0,2.0,2,Finished,18.0,0 days 00:00:12.535000,53.0,21.691160220994476,0.0,2.2408839779005527,0 days 00:00:00.066000,64.0,141.0
4,2024,Japanese Grand Prix,1232,9496,46,Suzuka,2024-04-07 14:00:00,55,Carlos Sainz,SAI,sainz,ferrari,3.0,4.0,3,Finished,15.0,0 days 00:00:20.866000,53.0,21.691160220994476,0.0,2.2408839779005527,0 days 00:00:00.485000,55.0,120.0
4,2024,Japanese Grand Prix,1232,9496,46,Suzuka,2024-04-07 14:00:00,16,Charles Leclerc,LEC,leclerc,ferrari,4.0,8.0,4,Finished,12.0,0 days 00:00:26.522000,53.0,21.691160220994476,0.0,2.2408839779005527,0 days 00:00:00.589000,59.0,120.0
4,2024,Japanese Grand Prix,1232,9496,46,Suzuka,2024-04-07 14:00:00,4,Lando Norris,NOR,norris,mclaren,5.0,3.0,5,Finished,10.0,0 days 00:00:29.700000,53.0,21.691160220994476,0.0,2.2408839779005527,0 days 00:00:00.292000,37.0,69.0
4,2024,Japanese Grand Prix,1232,9496,46,Suzuka,2024-04-07 14:00:00,14,Fernando Alonso,ALO,alonso,aston_martin,6.0,5.0,6,Finished,8.0,0 days 00:00:44.272000,53.0,21.691160220994476,0.0,2.2408839779005527,0 days 00:00:00.489000,24.0,33.0
4,2024,Japanese Grand Prix,1232,9496,46,Suzuka,2024-04-07 14:00:00,63,George Russell,RUS,russell,mercedes,7.0,9.0,7,Finished,6.0,0 days 00:00:45.951000,53.0,21.691160220994476,0.0,2.2408839779005527,0 days 00:00:00.811000,24.0,34.0
4,2024,Japanese Grand Prix,1232,9496,46,Suzuka,2024-04-07 14:00:00,81,Oscar Piastri,PIA,piastri,mclaren,8.0,6.0,8,Finished,4.0,0 days 00:00:47.525000,53.0,21.691160220994476,0.0,2.2408839779005527,0 days 00:00:00.563000,32.0,69.0
4,2024,Japanese Grand Prix,1232,9496,46,Suzuka,2024-04-07 14:00:00,44,Lewis Hamilton,HAM,hamilton,mercedes,9.0,7.0,9,Finished,2.0,0 days 00:00:48.626000,53.0,21.691160220994476,0.0,2.2408839779005527,0 days 00:00:00.569000,10.0,34.0
4,2024,Japanese Grand Prix,1232,9496,46,Suzuka,2024-04-07 14:00:00,22,Yuki Tsunoda,TSU,tsunoda,rb,10.0,10.0,10,Lapped,1.0,0 days 00:00:01.602000,52.0,21.691160220994476,0.0,2.2408839779005527,0 days 00:00:01.216000,7.0,7.0
4,2024,Japanese Grand Prix,1232,9496,46,Suzuka,2024-04-07 14:00:00,27,Nico Hulkenberg,HUL,hulkenberg,haas,11.0,12.0,11,Lapped,0.0,0 days 00:00:07.168000,52.0,21.691160220994476,0.0,2.2408839779005527,0 days 00:00:01.297000,3.0,4.0
4,2024,Japanese Grand Prix,1232,9496,46,Suzuka,2024-04-07 14:00:00,18,Lance Stroll,STR,stroll,aston_martin,12.0,16.0,12,Lapped,0.0,0 days 00:00:11.233000,52.0,21.691160220994476,0.0,2.2408839779005527,0 days 00:00:01.827000,9.0,33.0
4,2024,Japanese Grand Prix,1232,9496,46,Suzuka,2024-04-07 14:00:00,20,Kevin Magnussen,MAG,kevin_magnussen,haas,13.0,18.0,13,Lapped,0.0,0 days 00:00:17.919000,52.0,21.691160220994476,0.0,2.2408839779005527,0 days 00:00:01.934000,1.0,4.0
4,2024,Japanese Grand Prix,1232,9496,46,Suzuka,2024-04-07 14:00:00,77,Valtteri Bottas,BOT,bottas,sauber,14.0,13.0,14,Lapped,0.0,0 days 00:00:18.893000,52.0,21.691160220994476,0.0,2.2408839779005527,0 days 00:00:01.396000,0.0,0.0
4,2024,Japanese Grand Prix,1232,9496,46,Suzuka,2024-04-07 14:00:00,31,Esteban Ocon,OCO,ocon,alpine,15.0,15.0,15,Lapped,0.0,0 days 00:00:41.152000,52.0,21.691160220994476,0.0,2.2408839779005527,0 days 00:00:01.614000,0.0,0.0
4,2024,Japanese Grand Prix,1232,9496,46,Suzuka,2024-04-07 14:00:00,10,Pierre Gasly,GAS,gasly,alpine,16.0,17.0,16,Lapped,0.0,0 days 00:00:55.066000,52.0,21.691160220994476,0.0,2.2408839779005527,0 days 00:00:01.922000,0.0,0.0
4,2024,Japanese Grand Prix,1232,9496,46,Suzuka,2024-04-07 14:00:00,2,Logan Sargeant,SAR,sargeant,williams,17.0,19.0,17,Lapped,0.0,0 days 00:01:12.765000,52.0,21.691160220994476,0.0,2.2408839779005527,0 days 00:00:01.942000,0.0,0.0
4,2024,Japanese Grand Prix,1232,9496,46,Suzuka,2024-04-07 14:00:00,24,Guanyu Zhou,ZHO,zhou,sauber,18.0,20.0,R,Retired,0.0,0 days 02:46:00,12.0,21.691160220994476,0.0,2.2408839779005527,0 days 00:00:01.946000,0.0,0.0
4,2024,Japanese Grand Prix,1232,9496,46,Suzuka,2024-04-07 14:00:00,3,Daniel Ricciardo,RIC,ricciardo,rb,19.0,11.0,R,Retired,0.0,0 days 02:46:00,0.0,21.691160220994476,0.0,2.2408839779005527,0 days 00:00:01.275000,0.0,7.0
4,2024,Japanese Grand Prix,1232,9496,46,Suzuka,2024-04-07 14:00:00,23,Alexander Albon,ALB,albon,williams,20.0,14.0,R,Retired,0.0,0 days 02:46:00,0.0,21.691160220994476,0.0,2.2408839779005527,0 days 00:00:01.517000,0.0,0.0
5,2024,Chinese Grand Prix,1233,9673,49,Shanghai,2024-04-21 15:00:00,1,Max Verstappen,VER,max_verstappen,red_bull,1.0,1.0,1,Finished,25.0,0 days 01:40:52.554000,56.0,18.63939393939394,0.0,1.68,0 days 00:00:00,110.0,195.0
5,2024,Chinese Grand Prix,1233,9673,49,Shanghai,2024-04-21 15:00:00,4,Lando Norris,NOR,norris,mclaren,2.0,4.0,2,Finished,18.0,0 days 00:00:13.773000,56.0,18.63939393939394,0.0,1.68,0 days 00:00:00.505000,58.0,96.0
5,2024,Chinese Grand Prix,1233,9673,49,Shanghai,2024-04-21 15:00:00,11,Sergio Perez,PER,perez,red_bull,3.0,2.0,3,Finished,15.0,0 days 00:00:19.160000,56.0,18.63939393939394,0.0,1.68,0 days 00:00:00.322000,85.0,195.0
5,2024,Chinese Grand Prix,1233,9673,49,Shanghai,2024-04-21 15:00:00,16,Charles Leclerc,LEC,leclerc,ferrari,4.0,6.0,4,Finished,12.0,0 days 00:00:23.623000,56.0,18.63939393939394,0.0,1.68,0 days 00:00:00.629000,76.0,151.0
5,2024,Chinese Grand Prix,1233,9673,49,Shanghai,2024-04-21 15:00:00,55,Carlos Sainz,SAI,sainz,ferrari,5.0,7.0,5,Finished,10.0,0 days 00:00:33.983000,56.0,18.63939393939394,0.0,1.68,0 days 00:00:00.637000,69.0,151.0
5,2024,Chinese Grand Prix,1233,9673,49,Shanghai,2024-04-21 15:00:00,63,George Russell,RUS,russell,mercedes,6.0,8.0,6,Finished,8.0,0 days 00:00:38.724000,56.0,18.63939393939394,0.0,1.68,0 days 00:00:00.773000,33.0,52.0
5,2024,Chinese Grand Prix,1233,9673,49,Shanghai,2024-04-21 15:00:00,14,Fernando Alonso,ALO,alonso,aston_martin,7.0,3.0,7,Finished,7.0,0 days 00:00:43.414000,56.0,18.63939393939394,0.0,1.68,0 days 00:00:00.488000,31.0,40.0
5,2024,Chinese Grand Prix,1233,9673,49,Shanghai,2024-04-21 15:00:00,81,Oscar Piastri,PIA,piastri,mclaren,8.0,5.0,8,Finished,4.0,0 days 00:00:56.198000,56.0,18.63939393939394,0.0,1.68,0 days 00:00:00.613000,38.0,96.0
5,2024,Chinese Grand Prix,1233,9673,49,Shanghai,2024-04-21 15:00:00,44,Lewis Hamilton,HAM,hamilton,mercedes,9.0,18.0,9,Finished,2.0,0 days 00:00:57.986000,56.0,18.63939393939394,0.0,1.68,0 days 00:00:01.913000,19.0,52.0
5,2024,Chinese Grand Prix,1233,9673,49,Shanghai,2024-04-21 15:00:00,27,Nico Hulkenberg,HUL,hulkenberg,haas,10.0,9.0,10,Finished,1.0,0 days 00:01:00.476000,56.0,18.63939393939394,0.0,1.68,0 days 00:00:00.944000,4.0,5.0
5,2024,Chinese Grand Prix,1233,9673,49,Shanghai,2024-04-21 15:00:00,31,Esteban Ocon,OCO,ocon,alpine,11.0,13.0,11,Finished,0.0,0 days 00:01:02.812000,56.0,18.63939393939394,0.0,1.68,0 days 00:00:01.563000,0.0,0.0
5,2024,Chinese Grand Prix,1233,9673,49,Shanghai,2024-04-21 15:00:00,23,Alexander Albon,ALB,albon,williams,12.0,14.0,12,Finished,0.0,0 days 00:01:05.506000,56.0,18.63939393939394,0.0,1.68,0 days 00:00:01.581000,0.0,0.0
5,2024,Chinese Grand Prix,1233,9673,49,Shanghai,2024-04-21 15:00:00,10,Pierre Gasly,GAS,gasly,alpine,13.0,15.0,13,Finished,0.0,0 days 00:01:09.223000,56.0,18.63939393939394,0.0,1.68,0 days 00:00:01.627000,0.0,0.0
5,2024,Chinese Grand Prix,1233,9673,49,Shanghai,2024-04-21 15:00:00,24,Guanyu Zhou,ZHO,zhou,sauber,14.0,16.0,14,Finished,0.0,0 days 00:01:11.689000,56.0,18.63939393939394,0.0,1.68,0 days 00:00:01.845000,0.0,0.0
5,2024,Chinese Grand Prix,1233,9673,49,Shanghai,2024-04-21 15:00:00,18,Lance Stroll,STR,stroll,aston_martin,15.0,11.0,15,Finished,0.0,0 days 00:01:22.786000,56.0,18.63939393939394,0.0,1.68,0 days 00:00:01.178000,9.0,40.0
5,2024,Chinese Grand Prix,1233,9673,49,Shanghai,2024-04-21 15:00:00,20,Kevin Magnussen,MAG,kevin_magnussen,haas,16.0,17.0,16,Finished,0.0,0 days 00:01:27.533000,56.0,18.63939393939394,0.0,1.68,0 days 00:00:01.856000,1.0,5.0
5,2024,Chinese Grand Prix,1233,9673,49,Shanghai,2024-04-21 15:00:00,2,Logan Sargeant,SAR,sargeant,williams,17.0,20.0,17,Finished,0.0,0 days 00:01:35.110000,56.0,18.63939393939394,0.0,1.68,0 days 00:00:02.698000,0.0,0.0
5,2024,Chinese Grand Prix,1233,9673,49,Shanghai,2024-04-21 15:00:00,3,Daniel Ricciardo,RIC,ricciardo,rb,18.0,12.0,R,Retired,0.0,0 days 02:46:00,33.0,18.63939393939394,0.0,1.68,0 days 00:00:01.274000,0.0,7.0
5,2024,Chinese Grand Prix,1233,9673,49,Shanghai,2024-04-21 15:00:00,22,Yuki Tsunoda,TSU,tsunoda,rb,19.0,19.0,R,Retired,0.0,0 days 02:46:00,26.0,18.63939393939394,0.0,1.68,0 days 00:00:02.086000,7.0,7.0
5,2024,Chinese Grand Prix,1233,9673,49,Shanghai,2024-04-21 15:00:00,77,Valtteri Bottas,BOT,bottas,sauber,20.0,10.0,R,Retired,0.0,0 days 02:46:00,19.0,18.63939393939394,0.0,1.68,0 days 00:00:01.005000,0.0,0.0
6,2024,Miami Grand Prix,1234,9507,151,Miami,2024-05-05 16:00:00,4,Lando Norris,NOR,norris,mclaren,1.0,5.0,1,Finished,25.0,0 days 01:30:49.876000,57.0,28.522,0.0,3.0806666666666667,0 days 00:00:00.353000,83.0,124.0
6,2024,Miami Grand Prix,1234,9507,151,Miami,2024-05-05 16:00:00,1,Max Verstappen,VER,max_verstappen,red_bull,2.0,1.0,2,Finished,18.0,0 days 00:00:07.612000,57.0,28.522,0.0,3.0806666666666667,0 days 00:00:00,136.0,239.0
6,2024,Miami Grand Prix,1234,9507,151,Miami,2024-05-05 16:00:00,16,Charles Leclerc,LEC,leclerc,ferrari,3.0,2.0,3,Finished,15.0,0 days 00:00:09.920000,57.0,28.522,0.0,3.0806666666666667,0 days 00:00:00.141000,98.0,187.0
6,2024,Miami Grand Prix,1234,9507,151,Miami,2024-05-05 16:00:00,11,Sergio Perez,PER,perez,red_bull,4.0,4.0,4,Finished,12.0,0 days 00:00:14.650000,57.0,28.522,0.0,3.0806666666666667,0 days 00:00:00.219000,103.0,239.0
6,2024,Miami Grand Prix,1234,9507,151,Miami,2024-05-05 16:00:00,55,Carlos Sainz,SAI,sainz,ferrari,5.0,3.0,5,Finished,10.0,0 days 00:00:16.407000,57.0,28.522,0.0,3.0806666666666667,0 days 00:00:00.214000,83.0,187.0
6,2024,Miami Grand Prix,1234,9507,151,Miami,2024-05-05 16:00:00,44,Lewis Hamilton,HAM,hamilton,mercedes,6.0,8.0,6,Finished,8.0,0 days 00:00:16.585000,57.0,28.522,0.0,3.0806666666666667,0 days 00:00:00.456000,27.0,64.0
6,2024,Miami Grand Prix,1234,9507,151,Miami,2024-05-05 16:00:00,22,Yuki Tsunoda,TSU,tsunoda,rb,7.0,10.0,7,Finished,6.0,0 days 00:00:26.185000,57.0,28.522,0.0,3.0806666666666667,0 days 00:00:00.926000,14.0,19.0
6,2024,Miami Grand Prix,1234,9507,151,Miami,2024-05-05 16:00:00,63,George Russell,RUS,russell,mercedes,8.0,7.0,8,Finished,4.0,0 days 00:00:34.789000,57.0,28.522,0.0,3.0806666666666667,0 days 00:00:00.826000,37.0,64.0
6,2024,Miami Grand Prix,1234,9507,151,Miami,2024-05-05 16:00:00,14,Fernando Alonso,ALO,alonso,aston_martin,9.0,15.0,9,Finished,2.0,0 days 00:00:37.107000,57.0,28.522,0.0,3.0806666666666667,0 days 00:00:01.186000,33.0,42.0
6,2024,Miami Grand Prix,1234,9507,151,Miami,2024-05-05 16:00:00,31,Esteban Ocon,OCO,ocon,alpine,10.0,13.0,10,Finished,1.0,0 days 00:00:39.746000,57.0,28.522,0.0,3.0806666666666667,0 days 00:00:00.968000,1.0,1.0
6,2024,Miami Grand Prix,1234,9507,151,Miami,2024-05-05 16:00:00,27,Nico Hulkenberg,HUL,hulkenberg,haas,11.0,9.0,11,Finished,0.0,0 days 00:00:40.789000,57.0,28.522,0.0,3.0806666666666667,0 days 00:00:00.905000,6.0,7.0
6,2024,Miami Grand Prix,1234,9507,151,Miami,2024-05-05 16:00:00,10,Pierre Gasly,GAS,gasly,alpine,12.0,12.0,12,Finished,0.0,0 days 00:00:44.958000,57.0,28.522,0.0,3.0806666666666667,0 days 00:00:00.735000,0.0,1.0
6,2024,Miami Grand Prix,1234,9507,151,Miami,2024-05-05 16:00:00,81,Oscar Piastri,PIA,piastri,mclaren,13.0,6.0,13,Finished,0.0,0 days 00:00:49.756000,57.0,28.522,0.0,3.0806666666666667,0 days 00:00:00.434000,41.0,124.0
6,2024,Miami Grand Prix,1234,9507,151,Miami,2024-05-05 16:00:00,24,Guanyu Zhou,ZHO,zhou,sauber,14.0,19.0,14,Finished,0.0,0 days 00:00:49.979000,57.0,28.522,0.0,3.0806666666666667,0 days 00:00:01.583000,0.0,0.0
6,2024,Miami Grand Prix,1234,9507,151,Miami,2024-05-05 16:00:00,3,Daniel Ricciardo,RIC,ricciardo,rb,15.0,20.0,15,Finished,0.0,0 days 00:00:50.956000,57.0,28.522,0.0,3.0806666666666667,0 days 00:00:01.376000,5.0,19.0
6,2024,Miami Grand Prix,1234,9507,151,Miami,2024-05-05 16:00:00,77,Valtteri Bottas,BOT,bottas,sauber,16.0,16.0,16,Finished,0.0,0 days 00:00:52.356000,57.0,28.522,0.0,3.0806666666666667,0 days 00:00:01.222000,0.0,0.0
6,2024,Miami Grand Prix,1234,9507,151,Miami,2024-05-05 16:00:00,18,Lance Stroll,STR,stroll,aston_martin,17.0,11.0,17,Finished,0.0,0 days 00:00:55.173000,57.0,28.522,0.0,3.0806666666666667,0 days 00:00:00.936000,9.0,42.0
6,2024,Miami Grand Prix,1234,9507,151,Miami,2024-05-05 16:00:00,23,Alexander Albon,ALB,albon,williams,18.0,14.0,18,Finished,0.0,0 days 00:01:16.091000,57.0,28.522,0.0,3.0806666666666667,0 days 00:00:01.102000,0.0,0.0
6,2024,Miami Grand Prix,1234,9507,151,Miami,2024-05-05 16:00:00,20,Kevin Magnussen,MAG,kevin_magnussen,haas,19.0,18.0,19,Finished,0.0,0 days 00:01:24.683000,57.0,28.522,0.0,3.0806666666666667,0 days 00:00:01.378000,1.0,7.0
6,2024,Miami Grand Prix,1234,9507,151,Miami,2024-05-05 16:00:00,2,Logan Sargeant,SAR,sargeant,williams,20.0,17.0,R,Retired,0.0,0 days 02:46:00,27.0,28.522,0.0,3.0806666666666667,0 days 00:00:01.246000,0.0,0.0
7,2024,Emilia Romagna Grand Prix,1235,9515,6,Imola,2024-05-19 15:00:00,1,Max Verstappen,VER,max_verstappen,red_bull,1.0,1.0,1,Finished,25.0,0 days 01:25:25.252000,63.0,25.113986013986015,0.0,2.141258741258741,0 days 00:00:00,161.0,268.0
7,2024,Emilia Romagna Grand Prix,1235,9515,6,Imola,2024-05-19 15:00:00,4,Lando Norris,NOR,norris,mclaren,2.0,2.0,2,Finished,18.0,0 days 00:00:00.725000,63.0,25.113986013986015,0.0,2.141258741258741,0 days 00:00:00.091000,101.0,154.0
7,2024,Emilia Romagna Grand Prix,1235,9515,6,Imola,2024-05-19 15:00:00,16,Charles Leclerc,LEC,leclerc,ferrari,3.0,3.0,3,Finished,15.0,0 days 00:00:07.916000,63.0,25.113986013986015,0.0,2.141258741258741,0 days 00:00:00.224000,113.0,212.0
7,2024,Emilia Romagna Grand Prix,1235,9515,6,Imola,2024-05-19 15:00:00,81,Oscar Piastri,PIA,piastri,mclaren,4.0,5.0,4,Finished,12.0,0 days 00:00:14.132000,63.0,25.113986013986015,0.0,2.141258741258741,0 days 00:00:00.074000,53.0,154.0
7,2024,Emilia Romagna Grand Prix,1235,9515,6,Imola,2024-05-19 15:00:00,55,Carlos Sainz,SAI,sainz,ferrari,5.0,4.0,5,Finished,10.0,0 days 00:00:22.325000,63.0,25.113986013986015,0.0,2.141258741258741,0 days 00:00:00.487000,93.0,212.0
7,2024,Emilia Romagna Grand Prix,1235,9515,6,Imola,2024-05-19 15:00:00,44,Lewis Hamilton,HAM,hamilton,mercedes,6.0,8.0,6,Finished,8.0,0 days 00:00:35.104000,63.0,25.113986013986015,0.0,2.141258741258741,0 days 00:00:00.758000,35.0,79.0
7,2024,Emilia Romagna Grand Prix,1235,9515,6,Imola,2024-05-19 15:00:00,63,George Russell,RUS,russell,mercedes,7.0,6.0,7,Finished,7.0,0 days 00:00:47.154000,63.0,25.113986013986015,0.0,2.141258741258741,0 days 00:00:00.488000,44.0,79.0
7,2024,Emilia Romagna Grand Prix,1235,9515,6,Imola,2024-05-19 15:00:00,11,Sergio Perez,PER,perez,red_bull,8.0,11.0,8,Finished,4.0,0 days 00:00:54.776000,63.0,25.113986013986015,0.0,2.141258741258741,0 days 00:00:00.960000,107.0,268.0
7,2024,Emilia Romagna Grand Prix,1235,9515,6,Imola,2024-05-19 15:00:00,18,Lance Stroll,STR,stroll,aston_martin,9.0,13.0,9,Finished,2.0,0 days 00:01:19.556000,63.0,25.113986013986015,0.0,2.141258741258741,0 days 00:00:01.246000,11.0,44.0
7,2024,Emilia Romagna Grand Prix,1235,9515,6,Imola,2024-05-19 15:00:00,22,Yuki Tsunoda,TSU,tsunoda,rb,10.0,7.0,10,Lapped,1.0,0 days 00:00:17.856000,62.0,25.113986013986015,0.0,2.141258741258741,0 days 00:00:00.612000,15.0,20.0
7,2024,Emilia Romagna Grand Prix,1235,9515,6,Imola,2024-05-19 15:00:00,27,Nico Hulkenberg,HUL,hulkenberg,haas,11.0,10.0,11,Lapped,0.0,0 days 00:00:25.277000,62.0,25.113986013986015,0.0,2.141258741258741,0 days 00:00:00.823000,6.0,7.0
7,2024,Emilia Romagna Grand Prix,1235,9515,6,Imola,2024-05-19 15:00:00,20,Kevin Magnussen,MAG,kevin_magnussen,haas,12.0,18.0,12,Lapped,0.0,0 days 00:00:26.434000,62.0,25.113986013986015,0.0,2.141258741258741,0 days 00:00:02.108000,1.0,7.0
7,2024,Emilia Romagna Grand Prix,1235,9515,6,Imola,2024-05-19 15:00:00,3,Daniel Ricciardo,RIC,ricciardo,rb,13.0,9.0,13,Lapped,0.0,0 days 00:00:27.661000,62.0,25.113986013986015,0.0,2.141258741258741,0 days 00:00:00.928000,5.0,20.0
7,2024,Emilia Romagna Grand Prix,1235,9515,6,Imola,2024-05-19 15:00:00,31,Esteban Ocon,OCO,ocon,alpine,14.0,12.0,14,Lapped,0.0,0 days 00:00:43.907000,62.0,25.113986013986015,0.0,2.141258741258741,0 days 00:00:01.160000,1.0,1.0
7,2024,Emilia Romagna Grand Prix,1235,9515,6,Imola,2024-05-19 15:00:00,24,Guanyu Zhou,ZHO,zhou,sauber,15.0,17.0,15,Lapped,0.0,0 days 00:00:44.933000,62.0,25.113986013986015,0.0,2.141258741258741,0 days 00:00:02.088000,0.0,0.0
7,2024,Emilia Romagna Grand Prix,1235,9515,6,Imola,2024-05-19 15:00:00,10,Pierre Gasly,GAS,gasly,alpine,16.0,15.0,16,Lapped,0.0,0 days 00:00:49.715000,62.0,25.113986013986015,0.0,2.141258741258741,0 days 00:00:01.269000,0.0,1.0
7,2024,Emilia Romagna Grand Prix,1235,9515,6,Imola,2024-05-19 15:00:00,2,Logan Sargeant,SAR,sargeant,williams,17.0,19.0,17,Lapped,0.0,0 days 00:00:51.051000,62.0,25.113986013986015,0.0,2.141258741258741,0 days 02:46:00,0.0,0.0
7,2024,Emilia Romagna Grand Prix,1235,9515,6,Imola,2024-05-19 15:00:00,77,Valtteri Bottas,BOT,bottas,sauber,18.0,16.0,18,Lapped,0.0,0 days 00:00:56.343000,62.0,25.113986013986015,0.0,2.141258741258741,0 days 00:00:01.880000,0.0,0.0
7,2024,Emilia Romagna Grand Prix,1235,9515,6,Imola,2024-05-19 15:00:00,14,Fernando Alonso,ALO,alonso,aston_martin,19.0,20.0,19,Lapped,0.0,0 days 00:01:15.124000,62.0,25.113986013986015,0.0,2.141258741258741,0 days 00:00:02.171000,33.0,44.0
7,2024,Emilia Romagna Grand Prix,1235,9515,6,Imola,2024-05-19 15:00:00,23,Alexander Albon,ALB,albon,williams,20.0,14.0,R,Retired,0.0,0 days 02:46:00,51.0,25.113986013986015,0.0,2.141258741258741,0 days 00:00:01.454000,0.0,0.0
8,2024,Monaco Grand Prix,1236,9523,22,Monte Carlo,2024-05-26 15:00:00,16,Charles Leclerc,LEC,leclerc,ferrari,1.0,1.0,1,Finished,25.0,0 days 02:23:15.554000,78.0,21.5965,0.0,0.9795,0 days 00:00:00,138.0,252.0
8,2024,Monaco Grand Prix,1236,9523,22,Monte Carlo,2024-05-26 15:00:00,81,Oscar Piastri,PIA,piastri,mclaren,2.0,2.0,2,Finished,18.0,0 days 00:00:07.152000,78.0,21.5965,0.0,0.9795,0 days 00:00:00.154000,71.0,184.0
8,2024,Monaco Grand Prix,1236,9523,22,Monte Carlo,2024-05-26 15:00:00,55,Carlos Sainz,SAI,sainz,ferrari,3.0,3.0,3,Finished,15.0,0 days 00:00:07.585000,78.0,21.5965,0.0,0.9795,0 days 00:00:00.248000,108.0,252.0
8,2024,Monaco Grand Prix,1236,9523,22,Monte Carlo,2024-05-26 15:00:00,4,Lando Norris,NOR,norris,mclaren,4.0,4.0,4,Finished,12.0,0 days 00:00:08.650000,78.0,21.5965,0.0,0.9795,0 days 00:00:00.272000,113.0,184.0
8,2024,Monaco Grand Prix,1236,9523,22,Monte Carlo,2024-05-26 15:00:00,63,George Russell,RUS,russell,mercedes,5.0,5.0,5,Finished,10.0,0 days 00:00:13.309000,78.0,21.5965,0.0,0.9795,0 days 00:00:00.273000,54.0,96.0
8,2024,Monaco Grand Prix,1236,9523,22,Monte Carlo,2024-05-26 15:00:00,1,Max Verstappen,VER,max_verstappen,red_bull,6.0,6.0,6,Finished,8.0,0 days 00:00:13.853000,78.0,21.5965,0.0,0.9795,0 days 00:00:00.297000,169.0,276.0
8,2024,Monaco Grand Prix,1236,9523,22,Monte Carlo,2024-05-26 15:00:00,44,Lewis Hamilton,HAM,hamilton,mercedes,7.0,7.0,7,Finished,7.0,0 days 00:00:14.908000,78.0,21.5965,0.0,0.9795,0 days 00:00:00.351000,42.0,96.0
8,2024,Monaco Grand Prix,1236,9523,22,Monte Carlo,2024-05-26 15:00:00,22,Yuki Tsunoda,TSU,tsunoda,rb,8.0,8.0,8,Lapped,4.0,0 days 00:00:39.487000,77.0,21.5965,0.0,0.9795,0 days 00:00:00.588000,19.0,24.0
8,2024,Monaco Grand Prix,1236,9523,22,Monte Carlo,2024-05-26 15:00:00,23,Alexander Albon,ALB,albon,williams,9.0,9.0,9,Lapped,2.0,0 days 00:00:54.052000,77.0,21.5965,0.0,0.9795,0 days 00:00:00.678000,2.0,2.0
8,2024,Monaco Grand Prix,1236,9523,22,Monte Carlo,2024-05-26 15:00:00,10,Pierre Gasly,GAS,gasly,alpine,10.0,10.0,10,Lapped,1.0,0 days 00:01:00.241000,77.0,21.5965,0.0,0.9795,0 days 00:00:00.626000,1.0,2.0
8,2024,Monaco Grand Prix,1236,9523,22,Monte Carlo,2024-05-26 15:00:00,14,Fernando Alonso,ALO,alonso,aston_martin,11.0,14.0,11,Lapped,0.0,0 days 00:00:03.854000,76.0,21.5965,0.0,0.9795,0 days 00:00:01.749000,33.0,44.0
8,2024,Monaco Grand Prix,1236,9523,22,Monte Carlo,2024-05-26 15:00:00,3,Daniel Ricciardo,RIC,ricciardo,rb,12.0,12.0,12,Lapped,0.0,0 days 00:00:04.264000,76.0,21.5965,0.0,0.9795,0 days 00:00:01.212000,5.0,24.0
8,2024,Monaco Grand Prix,1236,9523,22,Monte Carlo,2024-05-26 15:00:00,77,Valtteri Bottas,BOT,bottas,sauber,13.0,17.0,13,Lapped,0.0,0 days 00:00:04.488000,76.0,21.5965,0.0,0.9795,0 days 00:00:02.242000,0.0,0.0
8,2024,Monaco Grand Prix,1236,9523,22,Monte Carlo,2024-05-26 15:00:00,18,Lance Stroll,STR,stroll,aston_martin,14.0,13.0,14,Lapped,0.0,0 days 00:00:05.967000,76.0,21.5965,0.0,0.9795,0 days 00:00:01.293000,11.0,44.0
8,2024,Monaco Grand Prix,1236,9523,22,Monte Carlo,2024-05-26 15:00:00,2,Logan Sargeant,SAR,sargeant,williams,15.0,15.0,15,Lapped,0.0,0 days 00:00:09.026000,76.0,21.5965,0.0,0.9795,0 days 00:00:01.750000,0.0,2.0
8,2024,Monaco Grand Prix,1236,9523,22,Monte Carlo,2024-05-26 15:00:00,24,Guanyu Zhou,ZHO,zhou,sauber,16.0,18.0,16,Lapped,0.0,0 days 00:00:55.260000,76.0,21.5965,0.0,0.9795,0 days 00:00:02.758000,0.0,0.0
8,2024,Monaco Grand Prix,1236,9523,22,Monte Carlo,2024-05-26 15:00:00,31,Esteban Ocon,OCO,ocon,alpine,17.0,11.0,R,Retired,0.0,0 days 02:46:00,0.0,21.5965,0.0,0.9795,0 days 00:00:01.015000,1.0,2.0
8,2024,Monaco Grand Prix,1236,9523,22,Monte Carlo,2024-05-26 15:00:00,11,Sergio Perez,PER,perez,red_bull,18.0,16.0,R,Retired,0.0,0 days 02:46:00,0.0,21.5965,0.0,0.9795,0 days 00:00:01.790000,107.0,276.0
8,2024,Monaco Grand Prix,1236,9523,22,Monte Carlo,2024-05-26 15:00:00,27,Nico Hulkenberg,HUL,hulkenberg,haas,19.0,19.0,R,Retired,0.0,0 days 02:46:00,0.0,21.5965,0.0,0.9795,0 days 00:00:01.170000,6.0,7.0
8,2024,Monaco Grand Prix,1236,9523,22,Monte Carlo,2024-05-26 15:00:00,20,Kevin Magnussen,MAG,kevin_magnussen,haas,20.0,20.0,R,Retired,0.0,0 days 02:46:00,0.0,21.5965,0.0,0.9795,0 days 00:00:01.455000,1.0,7.0
9,2024,Canadian Grand Prix,1237,9531,23,Montreal,2024-06-09 14:00:00,1,Max Verstappen,VER,max_verstappen,red_bull,1.0,2.0,1,Finished,25.0,0 days 01:45:47.927000,70.0,17.797345132743363,0.2743362831858407,1.1699115044247788,0 days 00:00:00.258000,194.0,301.0
9,2024,Canadian Grand Prix,1237,9531,23,Montreal,2024-06-09 14:00:00,4,Lando Norris,NOR,norris,mclaren,2.0,3.0,2,Finished,18.0,0 days 00:00:03.879000,70.0,17.797345132743363,0.2743362831858407,1.1699115044247788,0 days 00:00:00.279000,131.0,212.0
9,2024,Canadian Grand Prix,1237,9531,23,Montreal,2024-06-09 14:00:00,63,George Russell,RUS,russell,mercedes,3.0,1.0,3,Finished,15.0,0 days 00:00:04.317000,70.0,17.797345132743363,0.2743362831858407,1.1699115044247788,0 days 00:00:00,69.0,124.0
9,2024,Canadian Grand Prix,1237,9531,23,Montreal,2024-06-09 14:00:00,44,Lewis Hamilton,HAM,hamilton,mercedes,4.0,7.0,4,Finished,13.0,0 days 00:00:04.915000,70.0,17.797345132743363,0.2743362831858407,1.1699115044247788,0 days 00:00:00.237000,55.0,124.0
9,2024,Canadian Grand Prix,1237,9531,23,Montreal,2024-06-09 14:00:00,81,Oscar Piastri,PIA,piastri,mclaren,5.0,4.0,5,Finished,10.0,0 days 00:00:10.199000,70.0,17.797345132743363,0.2743362831858407,1.1699115044247788,0 days 00:00:00.361000,81.0,212.0
9,2024,Canadian Grand Prix,1237,9531,23,Montreal,2024-06-09 14:00:00,14,Fernando Alonso,ALO,alonso,aston_martin,6.0,6.0,6,Finished,8.0,0 days 00:00:17.510000,70.0,17.797345132743363,0.2743362831858407,1.1699115044247788,0 days 00:00:00.486000,41.0,58.0
9,2024,Canadian Grand Prix,1237,9531,23,Montreal,2024-06-09 14:00:00,18,Lance Stroll,STR,stroll,aston_martin,7.0,9.0,7,Finished,6.0,0 days 00:00:23.625000,70.0,17.797345132743363,0.2743362831858407,1.1699115044247788,0 days 00:00:00.917000,17.0,58.0
9,2024,Canadian Grand Prix,1237,9531,23,Montreal,2024-06-09 14:00:00,3,Daniel Ricciardo,RIC,ricciardo,rb,8.0,5.0,8,Finished,4.0,0 days 00:00:28.672000,70.0,17.797345132743363,0.2743362831858407,1.1699115044247788,0 days 00:00:00.436000,9.0,28.0
9,2024,Canadian Grand Prix,1237,9531,23,Montreal,2024-06-09 14:00:00,10,Pierre Gasly,GAS,gasly,alpine,9.0,15.0,9,Finished,2.0,0 days 00:00:30.021000,70.0,17.797345132743363,0.2743362831858407,1.1699115044247788,0 days 00:00:01.198000,3.0,5.0
9,2024,Canadian Grand Prix,1237,9531,23,Montreal,2024-06-09 14:00:00,31,Esteban Ocon,OCO,ocon,alpine,10.0,18.0,10,Finished,1.0,0 days 00:00:30.313000,70.0,17.797345132743363,0.2743362831858407,1.1699115044247788,0 days 00:00:01.693000,2.0,5.0
9,2024,Canadian Grand Prix,1237,9531,23,Montreal,2024-06-09 14:00:00,27,Nico Hulkenberg,HUL,hulkenberg,haas,11.0,17.0,11,Finished,0.0,0 days 00:00:30.824000,70.0,17.797345132743363,0.2743362831858407,1.1699115044247788,0 days 00:00:02.236000,6.0,7.0
9,2024,Canadian Grand Prix,1237,9531,23,Montreal,2024-06-09 14:00:00,20,Kevin Magnussen,MAG,kevin_magnussen,haas,12.0,14.0,12,Finished,0.0,0 days 00:00:31.253000,70.0,17.797345132743363,0.2743362831858407,1.1699115044247788,0 days 00:00:01.174000,1.0,7.0
9,2024,Canadian Grand Prix,1237,9531,23,Montreal,2024-06-09 14:00:00,77,Valtteri Bottas,BOT,bottas,sauber,13.0,19.0,13,Finished,0.0,0 days 00:00:40.487000,70.0,17.797345132743363,0.2743362831858407,1.1699115044247788,0 days 00:00:01.624000,0.0,0.0
9,2024,Canadian Grand Prix,1237,9531,23,Montreal,2024-06-09 14:00:00,22,Yuki Tsunoda,TSU,tsunoda,rb,14.0,8.0,14,Finished,0.0,0 days 00:00:52.694000,70.0,17.797345132743363,0.2743362831858407,1.1699115044247788,0 days 00:00:00.561000,19.0,28.0
9,2024,Canadian Grand Prix,1237,9531,23,Montreal,2024-06-09 14:00:00,24,Guanyu Zhou,ZHO,zhou,sauber,15.0,20.0,15,Lapped,0.0,0 days 00:00:53.528000,69.0,17.797345132743363,0.2743362831858407,1.1699115044247788,0 days 00:00:02.550000,0.0,0.0
9,2024,Canadian Grand Prix,1237,9531,23,Montreal,2024-06-09 14:00:00,55,Carlos Sainz,SAI,sainz,ferrari,16.0,12.0,R,Retired,0.0,0 days 02:46:00,52.0,17.797345132743363,0.2743362831858407,1.1699115044247788,0 days 00:00:00.986000,108.0,252.0
9,2024,Canadian Grand Prix,1237,9531,23,Montreal,2024-06-09 14:00:00,23,Alexander Albon,ALB,albon,williams,17.0,10.0,R,Retired,0.0,0 days 02:46:00,52.0,17.797345132743363,0.2743362831858407,1.1699115044247788,0 days 00:00:00.743000,2.0,2.0
9,2024,Canadian Grand Prix,1237,9531,23,Montreal,2024-06-09 14:00:00,11,Sergio Perez,PER,perez,red_bull,18.0,16.0,R,Retired,0.0,0 days 02:46:00,51.0,17.797345132743363,0.2743362831858407,1.1699115044247788,0 days 00:00:01.584000,107.0,301.0
9,2024,Canadian Grand Prix,1237,9531,23,Montreal,2024-06-09 14:00:00,16,Charles Leclerc,LEC,leclerc,ferrari,19.0,11.0,R,Retired,0.0,0 days 02:46:00,40.0,17.797345132743363,0.2743362831858407,1.1699115044247788,0 days 00:00:00.949000,138.0,252.0
9,2024,Canadian Grand Prix,1237,9531,23,Montreal,2024-06-09 14:00:00,2,Logan Sargeant,SAR,sargeant,williams,20.0,13.0,R,Retired,0.0,0 days 02:46:00,23.0,17.797345132743363,0.2743362831858407,1.1699115044247788,0 days 00:00:00.994000,0.0,2.0
10,2024,Spanish Grand Prix,1238,9539,15,Catalunya,2024-06-23 15:00:00,1,Max Verstappen,VER,max_verstappen,red_bull,1.0,2.0,1,Finished,25.0,0 days 01:28:20.227000,66.0,24.132467532467533,0.0064935064935064,2.1233766233766236,0 days 00:00:00.020000,219.0,330.0
10,2024,Spanish Grand Prix,1238,9539,15,Catalunya,2024-06-23 15:00:00,4,Lando Norris,NOR,norris,mclaren,2.0,1.0,2,Finished,19.0,0 days 00:00:02.219000,66.0,24.132467532467533,0.0064935064935064,2.1233766233766236,0 days 00:00:00,150.0,237.0
10,2024,Spanish Grand Prix,1238,9539,15,Catalunya,2024-06-23 15:00:00,44,Lewis Hamilton,HAM,hamilton,mercedes,3.0,3.0,3,Finished,15.0,0 days 00:00:17.790000,66.0,24.132467532467533,0.0064935064935064,2.1233766233766236,0 days 00:00:00.318000,70.0,151.0
10,2024,Spanish Grand Prix,1238,9539,15,Catalunya,2024-06-23 15:00:00,63,George Russell,RUS,russell,mercedes,4.0,4.0,4,Finished,12.0,0 days 00:00:22.320000,66.0,24.132467532467533,0.0064935064935064,2.1233766233766236,0 days 00:00:00.320000,81.0,151.0
10,2024,Spanish Grand Prix,1238,9539,15,Catalunya,2024-06-23 15:00:00,16,Charles Leclerc,LEC,leclerc,ferrari,5.0,5.0,5,Finished,10.0,0 days 00:00:22.709000,66.0,24.132467532467533,0.0064935064935064,2.1233766233766236,0 days 00:00:00.348000,148.0,270.0
10,2024,Spanish Grand Prix,1238,9539,15,Catalunya,2024-06-23 15:00:00,55,Carlos Sainz,SAI,sainz,ferrari,6.0,6.0,6,Finished,8.0,0 days 00:00:31.028000,66.0,24.132467532467533,0.0064935064935064,2.1233766233766236,0 days 00:00:00.353000,116.0,270.0
10,2024,Spanish Grand Prix,1238,9539,15,Catalunya,2024-06-23 15:00:00,81,Oscar Piastri,PIA,piastri,mclaren,7.0,9.0,7,Finished,6.0,0 days 00:00:33.760000,66.0,24.132467532467533,0.0064935064935064,2.1233766233766236,0 days 00:00:00.628000,87.0,237.0
10,2024,Spanish Grand Prix,1238,9539,15,Catalunya,2024-06-23 15:00:00,11,Sergio Perez,PER,perez,red_bull,8.0,11.0,8,Finished,4.0,0 days 00:00:59.524000,66.0,24.132467532467533,0.0064935064935064,2.1233766233766236,0 days 00:00:00.671000,111.0,330.0
10,2024,Spanish Grand Prix,1238,9539,15,Catalunya,2024-06-23 15:00:00,10,Pierre Gasly,GAS,gasly,alpine,9.0,7.0,9,Finished,2.0,0 days 00:01:02.025000,66.0,24.132467532467533,0.0064935064935064,2.1233766233766236,0 days 00:00:00.474000,5.0,8.0
10,2024,Spanish Grand Prix,1238,9539,15,Catalunya,2024-06-23 15:00:00,31,Esteban Ocon,OCO,ocon,alpine,10.0,8.0,10,Finished,1.0,0 days 00:01:11.889000,66.0,24.132467532467533,0.0064935064935064,2.1233766233766236,0 days 00:00:00.726000,3.0,8.0
10,2024,Spanish Grand Prix,1238,9539,15,Catalunya,2024-06-23 15:00:00,27,Nico Hulkenberg,HUL,hulkenberg,haas,11.0,13.0,11,Finished,0.0,0 days 00:01:19.215000,66.0,24.132467532467533,0.0064935064935064,2.1233766233766236,0 days 00:00:00.927000,6.0,7.0
10,2024,Spanish Grand Prix,1238,9539,15,Catalunya,2024-06-23 15:00:00,14,Fernando Alonso,ALO,alonso,aston_martin,12.0,10.0,12,Lapped,0.0,0 days 00:00:09.497000,65.0,24.132467532467533,0.0064935064935064,2.1233766233766236,0 days 00:00:00.745000,41.0,58.0
10,2024,Spanish Grand Prix,1238,9539,15,Catalunya,2024-06-23 15:00:00,24,Guanyu Zhou,ZHO,zhou,sauber,13.0,15.0,13,Lapped,0.0,0 days 00:00:15.476000,65.0,24.132467532467533,0.0064935064935064,2.1233766233766236,0 days 00:00:01.355000,0.0,0.0
10,2024,Spanish Grand Prix,1238,9539,15,Catalunya,2024-06-23 15:00:00,18,Lance Stroll,STR,stroll,aston_martin,14.0,14.0,14,Lapped,0.0,0 days 00:00:25.252000,65.0,24.132467532467533,0.0064935064935064,2.1233766233766236,0 days 00:00:00.989000,17.0,58.0
10,2024,Spanish Grand Prix,1238,9539,15,Catalunya,2024-06-23 15:00:00,3,Daniel Ricciardo,RIC,ricciardo,rb,15.0,18.0,15,Lapped,0.0,0 days 00:00:44.050000,65.0,24.132467532467533,0.0064935064935064,2.1233766233766236,0 days 00:00:01.692000,9.0,28.0
10,2024,Spanish Grand Prix,1238,9539,15,Catalunya,2024-06-23 15:00:00,77,Valtteri Bottas,BOT,bottas,sauber,16.0,12.0,16,Lapped,0.0,0 days 00:00:53.313000,65.0,24.132467532467533,0.0064935064935064,2.1233766233766236,0 days 00:00:00.844000,0.0,0.0
10,2024,Spanish Grand Prix,1238,9539,15,Catalunya,2024-06-23 15:00:00,20,Kevin Magnussen,MAG,kevin_magnussen,haas,17.0,16.0,17,Lapped,0.0,0 days 00:00:54.788000,65.0,24.132467532467533,0.0064935064935064,2.1233766233766236,0 days 00:00:01.554000,1.0,7.0
10,2024,Spanish Grand Prix,1238,9539,15,Catalunya,2024-06-23 15:00:00,23,Alexander Albon,ALB,albon,williams,18.0,20.0,18,Lapped,0.0,0 days 00:00:58.149000,65.0,24.132467532467533,0.0064935064935064,2.1233766233766236,0 days 00:00:01.770000,2.0,2.0
10,2024,Spanish Grand Prix,1238,9539,15,Catalunya,2024-06-23 15:00:00,22,Yuki Tsunoda,TSU,tsunoda,rb,19.0,17.0,19,Lapped,0.0,0 days 00:01:08.904000,65.0,24.132467532467533,0.0064935064935064,2.1233766233766236,0 days 00:00:01.602000,19.0,28.0
10,2024,Spanish Grand Prix,1238,9539,15,Catalunya,2024-06-23 15:00:00,2,Logan Sargeant,SAR,sargeant,williams,20.0,19.0,20,Lapped,0.0,0 days 00:00:04.866000,64.0,24.132467532467533,0.0064935064935064,2.1233766233766236,0 days 00:00:02.126000,0.0,2.0
11,2024,Austrian Grand Prix,1239,9550,19,Spielberg,2024-06-30 15:00:00,63,George Russell,RUS,russell,mercedes,1.0,3.0,1,Finished,25.0,0 days 01:24:22.798000,71.0,29.425874125874124,0.0069930069930069,1.667832167832168,0 days 00:00:00.526000,111.0,196.0
11,2024,Austrian Grand Prix,1239,9550,19,Spielberg,2024-06-30 15:00:00,81,Oscar Piastri,PIA,piastri,mclaren,2.0,7.0,2,Finished,18.0,0 days 00:00:01.906000,71.0,29.425874125874124,0.0069930069930069,1.667832167832168,0 days 00:00:00.734000,112.0,268.0
11,2024,Austrian Grand Prix,1239,9550,19,Spielberg,2024-06-30 15:00:00,55,Carlos Sainz,SAI,sainz,ferrari,3.0,4.0,3,Finished,15.0,0 days 00:00:04.533000,71.0,29.425874125874124,0.0069930069930069,1.667832167832168,0 days 00:00:00.537000,135.0,291.0
11,2024,Austrian Grand Prix,1239,9550,19,Spielberg,2024-06-30 15:00:00,44,Lewis Hamilton,HAM,hamilton,mercedes,4.0,5.0,4,Finished,12.0,0 days 00:00:23.142000,71.0,29.425874125874124,0.0069930069930069,1.667832167832168,0 days 00:00:00.589000,85.0,196.0
11,2024,Austrian Grand Prix,1239,9550,19,Spielberg,2024-06-30 15:00:00,1,Max Verstappen,VER,max_verstappen,red_bull,5.0,1.0,5,Finished,10.0,0 days 00:00:37.253000,71.0,29.425874125874124,0.0069930069930069,1.667832167832168,0 days 00:00:00,237.0,355.0
11,2024,Austrian Grand Prix,1239,9550,19,Spielberg,2024-06-30 15:00:00,27,Nico Hulkenberg,HUL,hulkenberg,haas,6.0,9.0,6,Finished,8.0,0 days 00:00:54.088000,71.0,29.425874125874124,0.0069930069930069,1.667832167832168,0 days 00:00:00.948000,14.0,19.0
11,2024,Austrian Grand Prix,1239,9550,19,Spielberg,2024-06-30 15:00:00,11,Sergio Perez,PER,perez,red_bull,7.0,8.0,7,Finished,6.0,0 days 00:00:54.672000,71.0,29.425874125874124,0.0069930069930069,1.667832167832168,0 days 00:00:00.830000,118.0,355.0
11,2024,Austrian Grand Prix,1239,9550,19,Spielberg,2024-06-30 15:00:00,20,Kevin Magnussen,MAG,kevin_magnussen,haas,8.0,12.0,8,Finished,4.0,0 days 00:01:00.355000,71.0,29.425874125874124,0.0069930069930069,1.667832167832168,0 days 00:00:01.033000,5.0,19.0
11,2024,Austrian Grand Prix,1239,9550,19,Spielberg,2024-06-30 15:00:00,3,Daniel Ricciardo,RIC,ricciardo,rb,9.0,11.0,9,Finished,2.0,0 days 00:01:01.169000,71.0,29.425874125874124,0.0069930069930069,1.667832167832168,0 days 00:00:00.975000,11.0,30.0
11,2024,Austrian Grand Prix,1239,9550,19,Spielberg,2024-06-30 15:00:00,10,Pierre Gasly,GAS,gasly,alpine,10.0,13.0,10,Finished,1.0,0 days 00:01:01.766000,71.0,29.425874125874124,0.0069930069930069,1.667832167832168,0 days 00:00:01.045000,6.0,9.0
11,2024,Austrian Grand Prix,1239,9550,19,Spielberg,2024-06-30 15:00:00,16,Charles Leclerc,LEC,leclerc,ferrari,11.0,6.0,11,Finished,0.0,0 days 00:01:07.056000,71.0,29.425874125874124,0.0069930069930069,1.667832167832168,0 days 00:00:00.730000,150.0,291.0
11,2024,Austrian Grand Prix,1239,9550,19,Spielberg,2024-06-30 15:00:00,31,Esteban Ocon,OCO,ocon,alpine,12.0,10.0,12,Finished,0.0,0 days 00:01:08.325000,71.0,29.425874125874124,0.0069930069930069,1.667832167832168,0 days 00:00:00.960000,3.0,9.0
11,2024,Austrian Grand Prix,1239,9550,19,Spielberg,2024-06-30 15:00:00,18,Lance Stroll,STR,stroll,aston_martin,13.0,17.0,13,Lapped,0.0,0 days 00:00:10.234000,70.0,29.425874125874124,0.0069930069930069,1.667832167832168,0 days 00:00:01.505000,17.0,58.0
11,2024,Austrian Grand Prix,1239,9550,19,Spielberg,2024-06-30 15:00:00,22,Yuki Tsunoda,TSU,tsunoda,rb,14.0,14.0,14,Lapped,0.0,0 days 00:00:13.145000,70.0,29.425874125874124,0.0069930069930069,1.667832167832168,0 days 00:00:01.098000,19.0,30.0
11,2024,Austrian Grand Prix,1239,9550,19,Spielberg,2024-06-30 15:00:00,23,Alexander Albon,ALB,albon,williams,15.0,16.0,15,Lapped,0.0,0 days 00:00:15.866000,70.0,29.425874125874124,0.0069930069930069,1.667832167832168,0 days 00:00:01.422000,2.0,2.0
11,2024,Austrian Grand Prix,1239,9550,19,Spielberg,2024-06-30 15:00:00,77,Valtteri Bottas,BOT,bottas,sauber,16.0,18.0,16,Lapped,0.0,0 days 00:00:19.375000,70.0,29.425874125874124,0.0069930069930069,1.667832167832168,0 days 00:00:01.533000,0.0,0.0
11,2024,Austrian Grand Prix,1239,9550,19,Spielberg,2024-06-30 15:00:00,24,Guanyu Zhou,ZHO,zhou,sauber,17.0,20.0,17,Lapped,0.0,0 days 00:00:44.882000,70.0,29.425874125874124,0.0069930069930069,1.667832167832168,0 days 00:00:01.747000,0.0,0.0
11,2024,Austrian Grand Prix,1239,9550,19,Spielberg,2024-06-30 15:00:00,14,Fernando Alonso,ALO,alonso,aston_martin,18.0,15.0,18,Lapped,0.0,0 days 00:00:47.660000,70.0,29.425874125874124,0.0069930069930069,1.667832167832168,0 days 00:00:01.325000,41.0,58.0
11,2024,Austrian Grand Prix,1239,9550,19,Spielberg,2024-06-30 15:00:00,2,Logan Sargeant,SAR,sargeant,williams,19.0,19.0,19,Lapped,0.0,0 days 00:00:06.309000,69.0,29.425874125874124,0.0069930069930069,1.667832167832168,0 days 00:00:01.542000,0.0,2.0
11,2024,Austrian Grand Prix,1239,9550,19,Spielberg,2024-06-30 15:00:00,4,Lando Norris,NOR,norris,mclaren,20.0,2.0,20,Lapped,0.0,0 days 02:46:00,64.0,29.425874125874124,0.0069930069930069,1.667832167832168,0 days 00:00:00.404000,156.0,268.0
12,2024,British Grand Prix,1240,9558,2,Silverstone,2024-07-07 15:00:00,44,Lewis Hamilton,HAM,hamilton,mercedes,1.0,2.0,1,Finished,25.0,0 days 01:22:27.059000,52.0,15.77074829931973,0.3469387755102041,1.3482993197278912,0 days 00:00:00.171000,110.0,221.0
12,2024,British Grand Prix,1240,9558,2,Silverstone,2024-07-07 15:00:00,1,Max Verstappen,VER,max_verstappen,red_bull,2.0,4.0,2,Finished,18.0,0 days 00:00:01.465000,52.0,15.77074829931973,0.3469387755102041,1.3482993197278912,0 days 00:00:00.384000,255.0,373.0
12,2024,British Grand Prix,1240,9558,2,Silverstone,2024-07-07 15:00:00,4,Lando Norris,NOR,norris,mclaren,3.0,3.0,3,Finished,15.0,0 days 00:00:07.547000,52.0,15.77074829931973,0.3469387755102041,1.3482993197278912,0 days 00:00:00.211000,171.0,295.0
12,2024,British Grand Prix,1240,9558,2,Silverstone,2024-07-07 15:00:00,81,Oscar Piastri,PIA,piastri,mclaren,4.0,5.0,4,Finished,12.0,0 days 00:00:12.429000,52.0,15.77074829931973,0.3469387755102041,1.3482993197278912,0 days 00:00:00.418000,124.0,295.0
12,2024,British Grand Prix,1240,9558,2,Silverstone,2024-07-07 15:00:00,55,Carlos Sainz,SAI,sainz,ferrari,5.0,7.0,5,Finished,11.0,0 days 00:00:47.318000,52.0,15.77074829931973,0.3469387755102041,1.3482993197278912,0 days 00:00:00.690000,146.0,302.0
12,2024,British Grand Prix,1240,9558,2,Silverstone,2024-07-07 15:00:00,27,Nico Hulkenberg,HUL,hulkenberg,haas,6.0,6.0,6,Finished,8.0,0 days 00:00:55.722000,52.0,15.77074829931973,0.3469387755102041,1.3482993197278912,0 days 00:00:00.519000,22.0,27.0
12,2024,British Grand Prix,1240,9558,2,Silverstone,2024-07-07 15:00:00,18,Lance Stroll,STR,stroll,aston_martin,7.0,8.0,7,Finished,6.0,0 days 00:00:56.569000,52.0,15.77074829931973,0.3469387755102041,1.3482993197278912,0 days 00:00:00.766000,23.0,68.0
12,2024,British Grand Prix,1240,9558,2,Silverstone,2024-07-07 15:00:00,14,Fernando Alonso,ALO,alonso,aston_martin,8.0,10.0,8,Finished,4.0,0 days 00:01:03.577000,52.0,15.77074829931973,0.3469387755102041,1.3482993197278912,0 days 00:00:00.911000,45.0,68.0
12,2024,British Grand Prix,1240,9558,2,Silverstone,2024-07-07 15:00:00,23,Alexander Albon,ALB,albon,williams,9.0,9.0,9,Finished,2.0,0 days 00:01:08.387000,52.0,15.77074829931973,0.3469387755102041,1.3482993197278912,0 days 00:00:00.821000,4.0,4.0
12,2024,British Grand Prix,1240,9558,2,Silverstone,2024-07-07 15:00:00,22,Yuki Tsunoda,TSU,tsunoda,rb,10.0,13.0,10,Finished,1.0,0 days 00:01:19.303000,52.0,15.77074829931973,0.3469387755102041,1.3482993197278912,0 days 00:00:01.450000,20.0,31.0
12,2024,British Grand Prix,1240,9558,2,Silverstone,2024-07-07 15:00:00,2,Logan Sargeant,SAR,sargeant,williams,11.0,12.0,11,Finished,0.0,0 days 00:01:28.960000,52.0,15.77074829931973,0.3469387755102041,1.3482993197278912,0 days 00:00:01.356000,0.0,4.0
12,2024,British Grand Prix,1240,9558,2,Silverstone,2024-07-07 15:00:00,20,Kevin Magnussen,MAG,kevin_magnussen,haas,12.0,17.0,12,Finished,0.0,0 days 00:01:30.153000,52.0,15.77074829931973,0.3469387755102041,1.3482993197278912,0 days 00:00:07.086000,5.0,27.0
12,2024,British Grand Prix,1240,9558,2,Silverstone,2024-07-07 15:00:00,3,Daniel Ricciardo,RIC,ricciardo,rb,13.0,15.0,13,Lapped,0.0,0 days 00:00:09.937000,51.0,15.77074829931973,0.3469387755102041,1.3482993197278912,0 days 00:00:02.130000,11.0,31.0
12,2024,British Grand Prix,1240,9558,2,Silverstone,2024-07-07 15:00:00,16,Charles Leclerc,LEC,leclerc,ferrari,14.0,11.0,14,Lapped,0.0,0 days 00:00:40.473000,51.0,15.77074829931973,0.3469387755102041,1.3482993197278912,0 days 00:00:01.278000,150.0,302.0
12,2024,British Grand Prix,1240,9558,2,Silverstone,2024-07-07 15:00:00,77,Valtteri Bottas,BOT,bottas,sauber,15.0,16.0,15,Lapped,0.0,0 days 00:00:41.821000,51.0,15.77074829931973,0.3469387755102041,1.3482993197278912,0 days 00:00:06.612000,0.0,0.0
12,2024,British Grand Prix,1240,9558,2,Silverstone,2024-07-07 15:00:00,31,Esteban Ocon,OCO,ocon,alpine,16.0,18.0,16,Lapped,0.0,0 days 00:00:10.682000,50.0,15.77074829931973,0.3469387755102041,1.3482993197278912,0 days 00:00:08.738000,3.0,9.0
12,2024,British Grand Prix,1240,9558,2,Silverstone,2024-07-07 15:00:00,11,Sergio Perez,PER,perez,red_bull,17.0,20.0,17,Lapped,0.0,0 days 00:00:18.005000,50.0,15.77074829931973,0.3469387755102041,1.3482993197278912,0 days 00:00:12.529000,118.0,373.0
12,2024,British Grand Prix,1240,9558,2,Silverstone,2024-07-07 15:00:00,24,Guanyu Zhou,ZHO,zhou,sauber,18.0,14.0,18,Lapped,0.0,0 days 00:00:54.476000,50.0,15.77074829931973,0.3469387755102041,1.3482993197278912,0 days 00:00:02.048000,0.0,0.0
12,2024,British Grand Prix,1240,9558,2,Silverstone,2024-07-07 15:00:00,63,George Russell,RUS,russell,mercedes,19.0,1.0,R,Retired,0.0,0 days 02:46:00,33.0,15.77074829931973,0.3469387755102041,1.3482993197278912,0 days 00:00:00,111.0,221.0
12,2024,British Grand Prix,1240,9558,2,Silverstone,2024-07-07 15:00:00,10,Pierre Gasly,GAS,gasly,alpine,20.0,19.0,W,Did not start,0.0,0 days 02:46:00,0.0,15.77074829931973,0.3469387755102041,1.3482993197278912,0 days 00:00:13.985000,6.0,9.0
13,2024,Hungarian Grand Prix,1241,9566,4,Hungaroring,2024-07-21 15:00:00,81,Oscar Piastri,PIA,piastri,mclaren,1.0,2.0,1,Finished,25.0,0 days 01:38:01.989000,70.0,28.823870967741936,0.0,1.2496774193548386,0 days 00:00:00.022000,149.0,338.0
13,2024,Hungarian Grand Prix,1241,9566,4,Hungaroring,2024-07-21 15:00:00,4,Lando Norris,NOR,norris,mclaren,2.0,1.0,2,Finished,18.0,0 days 00:00:02.141000,70.0,28.823870967741936,0.0,1.2496774193548386,0 days 00:00:00,189.0,338.0
13,2024,Hungarian Grand Prix,1241,9566,4,Hungaroring,2024-07-21 15:00:00,44,Lewis Hamilton,HAM,hamilton,mercedes,3.0,5.0,3,Finished,15.0,0 days 00:00:14.880000,70.0,28.823870967741936,0.0,1.2496774193548386,0 days 00:00:00.627000,125.0,241.0
13,2024,Hungarian Grand Prix,1241,9566,4,Hungaroring,2024-07-21 15:00:00,16,Charles Leclerc,LEC,leclerc,ferrari,4.0,6.0,4,Finished,12.0,0 days 00:00:19.686000,70.0,28.823870967741936,0.0,1.2496774193548386,0 days 00:00:00.664000,162.0,322.0
13,2024,Hungarian Grand Prix,1241,9566,4,Hungaroring,2024-07-21 15:00:00,1,Max Verstappen,VER,max_verstappen,red_bull,5.0,3.0,5,Finished,10.0,0 days 00:00:21.349000,70.0,28.823870967741936,0.0,1.2496774193548386,0 days 00:00:00.046000,265.0,389.0
13,2024,Hungarian Grand Prix,1241,9566,4,Hungaroring,2024-07-21 15:00:00,55,Carlos Sainz,SAI,sainz,ferrari,6.0,4.0,6,Finished,8.0,0 days 00:00:23.073000,70.0,28.823870967741936,0.0,1.2496774193548386,0 days 00:00:00.469000,154.0,322.0
13,2024,Hungarian Grand Prix,1241,9566,4,Hungaroring,2024-07-21 15:00:00,11,Sergio Perez,PER,perez,red_bull,7.0,16.0,7,Finished,6.0,0 days 00:00:39.792000,70.0,28.823870967741936,0.0,1.2496774193548386,0 days 00:00:02.659000,124.0,389.0
13,2024,Hungarian Grand Prix,1241,9566,4,Hungaroring,2024-07-21 15:00:00,63,George Russell,RUS,russell,mercedes,8.0,17.0,8,Finished,5.0,0 days 00:00:42.368000,70.0,28.823870967741936,0.0,1.2496774193548386,0 days 00:00:02.741000,116.0,241.0
13,2024,Hungarian Grand Prix,1241,9566,4,Hungaroring,2024-07-21 15:00:00,22,Yuki Tsunoda,TSU,tsunoda,rb,9.0,10.0,9,Finished,2.0,0 days 00:01:17.259000,70.0,28.823870967741936,0.0,1.2496774193548386,0 days 00:00:00.894000,22.0,33.0
13,2024,Hungarian Grand Prix,1241,9566,4,Hungaroring,2024-07-21 15:00:00,18,Lance Stroll,STR,stroll,aston_martin,10.0,8.0,10,Finished,1.0,0 days 00:01:17.976000,70.0,28.823870967741936,0.0,1.2496774193548386,0 days 00:00:00.848000,24.0,69.0
13,2024,Hungarian Grand Prix,1241,9566,4,Hungaroring,2024-07-21 15:00:00,14,Fernando Alonso,ALO,alonso,aston_martin,11.0,7.0,11,Finished,0.0,0 days 00:01:22.460000,70.0,28.823870967741936,0.0,1.2496774193548386,0 days 00:00:00.816000,45.0,69.0
13,2024,Hungarian Grand Prix,1241,9566,4,Hungaroring,2024-07-21 15:00:00,3,Daniel Ricciardo,RIC,ricciardo,rb,12.0,9.0,12,Lapped,0.0,0 days 00:00:17.924000,69.0,28.823870967741936,0.0,1.2496774193548386,0 days 00:00:00.975000,11.0,33.0
13,2024,Hungarian Grand Prix,1241,9566,4,Hungaroring,2024-07-21 15:00:00,27,Nico Hulkenberg,HUL,hulkenberg,haas,13.0,11.0,13,Lapped,0.0,0 days 00:00:33.184000,69.0,28.823870967741936,0.0,1.2496774193548386,0 days 00:00:01.090000,22.0,27.0
13,2024,Hungarian Grand Prix,1241,9566,4,Hungaroring,2024-07-21 15:00:00,23,Alexander Albon,ALB,albon,williams,14.0,13.0,14,Lapped,0.0,0 days 00:00:36.769000,69.0,28.823870967741936,0.0,1.2496774193548386,0 days 00:00:01.202000,4.0,4.0
13,2024,Hungarian Grand Prix,1241,9566,4,Hungaroring,2024-07-21 15:00:00,20,Kevin Magnussen,MAG,kevin_magnussen,haas,15.0,15.0,15,Lapped,0.0,0 days 00:00:45.302000,69.0,28.823870967741936,0.0,1.2496774193548386,0 days 00:00:01.321000,5.0,27.0
13,2024,Hungarian Grand Prix,1241,9566,4,Hungaroring,2024-07-21 15:00:00,77,Valtteri Bottas,BOT,bottas,sauber,16.0,12.0,16,Lapped,0.0,0 days 00:00:45.409000,69.0,28.823870967741936,0.0,1.2496774193548386,0 days 00:00:01.157000,0.0,0.0
13,2024,Hungarian Grand Prix,1241,9566,4,Hungaroring,2024-07-21 15:00:00,2,Logan Sargeant,SAR,sargeant,williams,17.0,14.0,17,Lapped,0.0,0 days 00:00:52.591000,69.0,28.823870967741936,0.0,1.2496774193548386,0 days 00:00:01.316000,0.0,4.0
13,2024,Hungarian Grand Prix,1241,9566,4,Hungaroring,2024-07-21 15:00:00,31,Esteban Ocon,OCO,ocon,alpine,18.0,19.0,18,Lapped,0.0,0 days 00:01:00.929000,69.0,28.823870967741936,0.0,1.2496774193548386,0 days 00:00:02.822000,3.0,9.0
13,2024,Hungarian Grand Prix,1241,9566,4,Hungaroring,2024-07-21 15:00:00,24,Guanyu Zhou,ZHO,zhou,sauber,19.0,18.0,19,Lapped,0.0,0 days 00:01:03.598000,69.0,28.823870967741936,0.0,1.2496774193548386,0 days 00:00:02.810000,0.0,0.0
13,2024,Hungarian Grand Prix,1241,9566,4,Hungaroring,2024-07-21 15:00:00,10,Pierre Gasly,GAS,gasly,alpine,20.0,20.0,R,Retired,0.0,0 days 02:46:00,33.0,28.823870967741936,0.0,1.2496774193548386,0 days 00:00:02.939000,6.0,9.0
14,2024,Belgian Grand Prix,1242,9574,7,Spa-Francorchamps,2024-07-28 15:00:00,44,Lewis Hamilton,HAM,hamilton,mercedes,1.0,3.0,1,Finished,25.0,0 days 01:19:57.566000,44.0,21.32846715328467,0.0,1.6832116788321168,0 days 00:00:00.676000,150.0,266.0
14,2024,Belgian Grand Prix,1242,9574,7,Spa-Francorchamps,2024-07-28 15:00:00,81,Oscar Piastri,PIA,piastri,mclaren,2.0,5.0,2,Finished,18.0,0 days 00:00:00.647000,44.0,21.32846715328467,0.0,1.6832116788321168,0 days 00:00:00.868000,167.0,366.0
14,2024,Belgian Grand Prix,1242,9574,7,Spa-Francorchamps,2024-07-28 15:00:00,16,Charles Leclerc,LEC,leclerc,ferrari,3.0,1.0,3,Finished,15.0,0 days 00:00:08.023000,44.0,21.32846715328467,0.0,1.6832116788321168,0 days 00:00:00.595000,177.0,345.0
14,2024,Belgian Grand Prix,1242,9574,7,Spa-Francorchamps,2024-07-28 15:00:00,1,Max Verstappen,VER,max_verstappen,red_bull,4.0,11.0,4,Finished,12.0,0 days 00:00:08.700000,44.0,21.32846715328467,0.0,1.6832116788321168,0 days 00:00:00,277.0,408.0
14,2024,Belgian Grand Prix,1242,9574,7,Spa-Francorchamps,2024-07-28 15:00:00,4,Lando Norris,NOR,norris,mclaren,5.0,4.0,5,Finished,10.0,0 days 00:00:09.324000,44.0,21.32846715328467,0.0,1.6832116788321168,0 days 00:00:00.822000,199.0,366.0
14,2024,Belgian Grand Prix,1242,9574,7,Spa-Francorchamps,2024-07-28 15:00:00,55,Carlos Sainz,SAI,sainz,ferrari,6.0,7.0,6,Finished,8.0,0 days 00:00:19.269000,44.0,21.32846715328467,0.0,1.6832116788321168,0 days 00:00:00.953000,162.0,345.0
14,2024,Belgian Grand Prix,1242,9574,7,Spa-Francorchamps,2024-07-28 15:00:00,11,Sergio Perez,PER,perez,red_bull,7.0,2.0,7,Finished,7.0,0 days 00:00:42.669000,44.0,21.32846715328467,0.0,1.6832116788321168,0 days 00:00:00.606000,131.0,408.0
14,2024,Belgian Grand Prix,1242,9574,7,Spa-Francorchamps,2024-07-28 15:00:00,14,Fernando Alonso,ALO,alonso,aston_martin,8.0,8.0,8,Finished,4.0,0 days 00:00:49.437000,44.0,21.32846715328467,0.0,1.6832116788321168,0 days 00:00:01.099000,49.0,73.0
14,2024,Belgian Grand Prix,1242,9574,7,Spa-Francorchamps,2024-07-28 15:00:00,31,Esteban Ocon,OCO,ocon,alpine,9.0,9.0,9,Finished,2.0,0 days 00:00:52.026000,44.0,21.32846715328467,0.0,1.6832116788321168,0 days 00:00:01.301000,5.0,11.0
14,2024,Belgian Grand Prix,1242,9574,7,Spa-Francorchamps,2024-07-28 15:00:00,3,Daniel Ricciardo,RIC,ricciardo,rb,10.0,13.0,10,Finished,1.0,0 days 00:00:54.400000,44.0,21.32846715328467,0.0,1.6832116788321168,0 days 00:00:01.523000,12.0,34.0
14,2024,Belgian Grand Prix,1242,9574,7,Spa-Francorchamps,2024-07-28 15:00:00,18,Lance Stroll,STR,stroll,aston_martin,11.0,15.0,11,Finished,0.0,0 days 00:01:02.485000,44.0,21.32846715328467,0.0,1.6832116788321168,0 days 00:00:02.557000,24.0,73.0
14,2024,Belgian Grand Prix,1242,9574,7,Spa-Francorchamps,2024-07-28 15:00:00,23,Alexander Albon,ALB,albon,williams,12.0,10.0,12,Finished,0.0,0 days 00:01:03.125000,44.0,21.32846715328467,0.0,1.6832116788321168,0 days 00:00:01.314000,4.0,4.0
14,2024,Belgian Grand Prix,1242,9574,7,Spa-Francorchamps,2024-07-28 15:00:00,10,Pierre Gasly,GAS,gasly,alpine,13.0,12.0,13,Finished,0.0,0 days 00:01:03.839000,44.0,21.32846715328467,0.0,1.6832116788321168,0 days 00:00:01.476000,6.0,11.0
14,2024,Belgian Grand Prix,1242,9574,7,Spa-Francorchamps,2024-07-28 15:00:00,20,Kevin Magnussen,MAG,kevin_magnussen,haas,14.0,17.0,14,Finished,0.0,0 days 00:01:06.105000,44.0,21.32846715328467,0.0,1.6832116788321168,0 days 00:00:03.341000,5.0,27.0
14,2024,Belgian Grand Prix,1242,9574,7,Spa-Francorchamps,2024-07-28 15:00:00,77,Valtteri Bottas,BOT,bottas,sauber,15.0,14.0,15,Finished,0.0,0 days 00:01:10.112000,44.0,21.32846715328467,0.0,1.6832116788321168,0 days 00:00:01.605000,0.0,0.0
14,2024,Belgian Grand Prix,1242,9574,7,Spa-Francorchamps,2024-07-28 15:00:00,22,Yuki Tsunoda,TSU,tsunoda,rb,16.0,20.0,16,Finished,0.0,0 days 00:01:16.211000,44.0,21.32846715328467,0.0,1.6832116788321168,0 days 00:00:03.434000,22.0,34.0
14,2024,Belgian Grand Prix,1242,9574,7,Spa-Francorchamps,2024-07-28 15:00:00,2,Logan Sargeant,SAR,sargeant,williams,17.0,18.0,17,Finished,0.0,0 days 00:01:25.531000,44.0,21.32846715328467,0.0,1.6832116788321168,0 days 00:00:04.071000,0.0,4.0
14,2024,Belgian Grand Prix,1242,9574,7,Spa-Francorchamps,2024-07-28 15:00:00,27,Nico Hulkenberg,HUL,hulkenberg,haas,18.0,16.0,18,Finished,0.0,0 days 00:01:28.307000,44.0,21.32846715328467,0.0,1.6832116788321168,0 days 00:00:03.149000,22.0,27.0
14,2024,Belgian Grand Prix,1242,9574,7,Spa-Francorchamps,2024-07-28 15:00:00,24,Guanyu Zhou,ZHO,zhou,sauber,19.0,19.0,R,Retired,0.0,0 days 02:46:00,5.0,21.32846715328467,0.0,1.6832116788321168,0 days 00:00:04.616000,0.0,0.0
14,2024,Belgian Grand Prix,1242,9574,7,Spa-Francorchamps,2024-07-28 15:00:00,63,George Russell,RUS,russell,mercedes,20.0,6.0,20,Disqualified,0.0,0 days 02:46:00,44.0,21.32846715328467,0.0,1.6832116788321168,0 days 00:00:00.936000,116.0,266.0
15,2024,Dutch Grand Prix,1243,9582,55,Zandvoort,2024-08-25 15:00:00,4,Lando Norris,NOR,norris,mclaren,1.0,1.0,1,Finished,26.0,0 days 01:30:45.519000,72.0,19.00588235294118,0.0,4.568627450980392,0 days 00:00:00,225.0,404.0
15,2024,Dutch Grand Prix,1243,9582,55,Zandvoort,2024-08-25 15:00:00,1,Max Verstappen,VER,max_verstappen,red_bull,2.0,2.0,2,Finished,18.0,0 days 00:00:22.896000,72.0,19.00588235294118,0.0,4.568627450980392,0 days 00:00:00.356000,295.0,434.0
15,2024,Dutch Grand Prix,1243,9582,55,Zandvoort,2024-08-25 15:00:00,16,Charles Leclerc,LEC,leclerc,ferrari,3.0,6.0,3,Finished,15.0,0 days 00:00:25.439000,72.0,19.00588235294118,0.0,4.568627450980392,0 days 00:00:00.909000,192.0,370.0
15,2024,Dutch Grand Prix,1243,9582,55,Zandvoort,2024-08-25 15:00:00,81,Oscar Piastri,PIA,piastri,mclaren,4.0,3.0,4,Finished,12.0,0 days 00:00:27.337000,72.0,19.00588235294118,0.0,4.568627450980392,0 days 00:00:00.499000,179.0,404.0
15,2024,Dutch Grand Prix,1243,9582,55,Zandvoort,2024-08-25 15:00:00,55,Carlos Sainz,SAI,sainz,ferrari,5.0,10.0,5,Finished,10.0,0 days 00:00:32.137000,72.0,19.00588235294118,0.0,4.568627450980392,0 days 00:00:01.241000,172.0,370.0
15,2024,Dutch Grand Prix,1243,9582,55,Zandvoort,2024-08-25 15:00:00,11,Sergio Perez,PER,perez,red_bull,6.0,5.0,6,Finished,8.0,0 days 00:00:39.542000,72.0,19.00588235294118,0.0,4.568627450980392,0 days 00:00:00.743000,139.0,434.0
15,2024,Dutch Grand Prix,1243,9582,55,Zandvoort,2024-08-25 15:00:00,63,George Russell,RUS,russell,mercedes,7.0,4.0,7,Finished,6.0,0 days 00:00:44.617000,72.0,19.00588235294118,0.0,4.568627450980392,0 days 00:00:00.571000,122.0,276.0
15,2024,Dutch Grand Prix,1243,9582,55,Zandvoort,2024-08-25 15:00:00,44,Lewis Hamilton,HAM,hamilton,mercedes,8.0,14.0,8,Finished,4.0,0 days 00:00:49.599000,72.0,19.00588235294118,0.0,4.568627450980392,0 days 00:00:01.275000,154.0,276.0
15,2024,Dutch Grand Prix,1243,9582,55,Zandvoort,2024-08-25 15:00:00,10,Pierre Gasly,GAS,gasly,alpine,9.0,9.0,9,Lapped,2.0,0 days 00:00:08.604000,71.0,19.00588235294118,0.0,4.568627450980392,0 days 00:00:01.142000,8.0,13.0
15,2024,Dutch Grand Prix,1243,9582,55,Zandvoort,2024-08-25 15:00:00,14,Fernando Alonso,ALO,alonso,aston_martin,10.0,7.0,10,Lapped,1.0,0 days 00:00:13.533000,71.0,19.00588235294118,0.0,4.568627450980392,0 days 00:00:00.960000,50.0,74.0
15,2024,Dutch Grand Prix,1243,9582,55,Zandvoort,2024-08-25 15:00:00,27,Nico Hulkenberg,HUL,hulkenberg,haas,11.0,12.0,11,Lapped,0.0,0 days 00:00:19.214000,71.0,19.00588235294118,0.0,4.568627450980392,0 days 00:00:01.542000,22.0,27.0
15,2024,Dutch Grand Prix,1243,9582,55,Zandvoort,2024-08-25 15:00:00,3,Daniel Ricciardo,RIC,ricciardo,rb,12.0,13.0,12,Lapped,0.0,0 days 00:00:21.067000,71.0,19.00588235294118,0.0,4.568627450980392,0 days 00:00:02.270000,12.0,34.0
15,2024,Dutch Grand Prix,1243,9582,55,Zandvoort,2024-08-25 15:00:00,18,Lance Stroll,STR,stroll,aston_martin,13.0,8.0,13,Lapped,0.0,0 days 00:00:25.712000,71.0,19.00588235294118,0.0,4.568627450980392,0 days 00:00:00.988000,24.0,74.0
15,2024,Dutch Grand Prix,1243,9582,55,Zandvoort,2024-08-25 15:00:00,23,Alexander Albon,ALB,albon,williams,14.0,19.0,14,Lapped,0.0,0 days 00:00:40.711000,71.0,19.00588235294118,0.0,4.568627450980392,0 days 02:46:00,4.0,4.0
15,2024,Dutch Grand Prix,1243,9582,55,Zandvoort,2024-08-25 15:00:00,31,Esteban Ocon,OCO,ocon,alpine,15.0,15.0,15,Lapped,0.0,0 days 00:00:46.878000,71.0,19.00588235294118,0.0,4.568627450980392,0 days 00:00:02.322000,5.0,13.0
15,2024,Dutch Grand Prix,1243,9582,55,Zandvoort,2024-08-25 15:00:00,2,Logan Sargeant,SAR,sargeant,williams,16.0,18.0,16,Lapped,0.0,0 days 00:01:04.539000,71.0,19.00588235294118,0.0,4.568627450980392,0 days 02:46:00,0.0,4.0
15,2024,Dutch Grand Prix,1243,9582,55,Zandvoort,2024-08-25 15:00:00,22,Yuki Tsunoda,TSU,tsunoda,rb,17.0,11.0,17,Lapped,0.0,0 days 00:01:05.146000,71.0,19.00588235294118,0.0,4.568627450980392,0 days 00:00:01.282000,22.0,34.0
15,2024,Dutch Grand Prix,1243,9582,55,Zandvoort,2024-08-25 15:00:00,20,Kevin Magnussen,MAG,kevin_magnussen,haas,18.0,20.0,18,Lapped,0.0,0 days 00:01:05.707000,71.0,19.00588235294118,0.0,4.568627450980392,0 days 00:00:01.622000,5.0,27.0
15,2024,Dutch Grand Prix,1243,9582,55,Zandvoort,2024-08-25 15:00:00,77,Valtteri Bottas,BOT,bottas,sauber,19.0,16.0,19,Lapped,0.0,0 days 00:00:03.248000,70.0,19.00588235294118,0.0,4.568627450980392,0 days 00:00:02.495000,0.0,0.0
15,2024,Dutch Grand Prix,1243,9582,55,Zandvoort,2024-08-25 15:00:00,24,Guanyu Zhou,ZHO,zhou,sauber,20.0,17.0,20,Lapped,0.0,0 days 00:00:36.019000,70.0,19.00588235294118,0.0,4.568627450980392,0 days 00:00:03.588000,0.0,0.0
16,2024,Italian Grand Prix,1244,9590,39,Monza,2024-09-01 15:00:00,16,Charles Leclerc,LEC,leclerc,ferrari,1.0,4.0,1,Finished,25.0,0 days 01:14:40.727000,53.0,33.1015037593985,0.0,1.518796992481203,0 days 00:00:00.134000,217.0,407.0
16,2024,Italian Grand Prix,1244,9590,39,Monza,2024-09-01 15:00:00,81,Oscar Piastri,PIA,piastri,mclaren,2.0,2.0,2,Finished,18.0,0 days 00:00:02.664000,53.0,33.1015037593985,0.0,1.518796992481203,0 days 00:00:00.109000,197.0,438.0
16,2024,Italian Grand Prix,1244,9590,39,Monza,2024-09-01 15:00:00,4,Lando Norris,NOR,norris,mclaren,3.0,1.0,3,Finished,16.0,0 days 00:00:06.153000,53.0,33.1015037593985,0.0,1.518796992481203,0 days 00:00:00,241.0,438.0
16,2024,Italian Grand Prix,1244,9590,39,Monza,2024-09-01 15:00:00,55,Carlos Sainz,SAI,sainz,ferrari,4.0,5.0,4,Finished,12.0,0 days 00:00:15.621000,53.0,33.1015037593985,0.0,1.518796992481203,0 days 00:00:00.140000,184.0,407.0
16,2024,Italian Grand Prix,1244,9590,39,Monza,2024-09-01 15:00:00,44,Lewis Hamilton,HAM,hamilton,mercedes,5.0,6.0,5,Finished,10.0,0 days 00:00:22.820000,53.0,33.1015037593985,0.0,1.518796992481203,0 days 00:00:00.186000,164.0,292.0
16,2024,Italian Grand Prix,1244,9590,39,Monza,2024-09-01 15:00:00,1,Max Verstappen,VER,max_verstappen,red_bull,6.0,7.0,6,Finished,8.0,0 days 00:00:37.932000,53.0,33.1015037593985,0.0,1.518796992481203,0 days 00:00:00.335000,303.0,446.0
16,2024,Italian Grand Prix,1244,9590,39,Monza,2024-09-01 15:00:00,63,George Russell,RUS,russell,mercedes,7.0,3.0,7,Finished,6.0,0 days 00:00:39.715000,53.0,33.1015037593985,0.0,1.518796992481203,0 days 00:00:00.113000,128.0,292.0
16,2024,Italian Grand Prix,1244,9590,39,Monza,2024-09-01 15:00:00,11,Sergio Perez,PER,perez,red_bull,8.0,8.0,8,Finished,4.0,0 days 00:00:54.148000,53.0,33.1015037593985,0.0,1.518796992481203,0 days 00:00:00.735000,143.0,446.0
16,2024,Italian Grand Prix,1244,9590,39,Monza,2024-09-01 15:00:00,23,Alexander Albon,ALB,albon,williams,9.0,9.0,9,Finished,2.0,0 days 00:01:07.456000,53.0,33.1015037593985,0.0,1.518796992481203,0 days 00:00:00.972000,6.0,6.0
16,2024,Italian Grand Prix,1244,9590,39,Monza,2024-09-01 15:00:00,20,Kevin Magnussen,MAG,kevin_magnussen,haas,10.0,13.0,10,Finished,1.0,0 days 00:01:08.302000,53.0,33.1015037593985,0.0,1.518796992481203,0 days 00:00:01.371000,6.0,28.0
16,2024,Italian Grand Prix,1244,9590,39,Monza,2024-09-01 15:00:00,14,Fernando Alonso,ALO,alonso,aston_martin,11.0,11.0,11,Finished,0.0,0 days 00:01:08.495000,53.0,33.1015037593985,0.0,1.518796992481203,0 days 00:00:01.094000,50.0,74.0
16,2024,Italian Grand Prix,1244,9590,39,Monza,2024-09-01 15:00:00,43,Franco Colapinto,COL,colapinto,williams,12.0,18.0,12,Finished,0.0,0 days 00:01:21.308000,53.0,33.1015037593985,0.0,1.518796992481203,0 days 00:00:01.734000,0.0,6.0
16,2024,Italian Grand Prix,1244,9590,39,Monza,2024-09-01 15:00:00,3,Daniel Ricciardo,RIC,ricciardo,rb,13.0,12.0,13,Finished,0.0,0 days 00:01:33.452000,53.0,33.1015037593985,0.0,1.518796992481203,0 days 00:00:01.152000,12.0,34.0
16,2024,Italian Grand Prix,1244,9590,39,Monza,2024-09-01 15:00:00,31,Esteban Ocon,OCO,ocon,alpine,14.0,15.0,14,Lapped,0.0,0 days 00:00:12.659000,52.0,33.1015037593985,0.0,1.518796992481203,0 days 00:00:01.437000,5.0,13.0
16,2024,Italian Grand Prix,1244,9590,39,Monza,2024-09-01 15:00:00,10,Pierre Gasly,GAS,gasly,alpine,15.0,14.0,15,Lapped,0.0,0 days 00:00:18.344000,52.0,33.1015037593985,0.0,1.518796992481203,0 days 00:00:01.411000,8.0,13.0
16,2024,Italian Grand Prix,1244,9590,39,Monza,2024-09-01 15:00:00,77,Valtteri Bottas,BOT,bottas,sauber,16.0,19.0,16,Lapped,0.0,0 days 00:00:27.211000,52.0,33.1015037593985,0.0,1.518796992481203,0 days 00:00:01.774000,0.0,0.0
16,2024,Italian Grand Prix,1244,9590,39,Monza,2024-09-01 15:00:00,27,Nico Hulkenberg,HUL,hulkenberg,haas,17.0,10.0,17,Lapped,0.0,0 days 00:00:30.870000,52.0,33.1015037593985,0.0,1.518796992481203,0 days 00:00:01.012000,22.0,28.0
16,2024,Italian Grand Prix,1244,9590,39,Monza,2024-09-01 15:00:00,24,Guanyu Zhou,ZHO,zhou,sauber,18.0,20.0,18,Lapped,0.0,0 days 00:00:40.055000,52.0,33.1015037593985,0.0,1.518796992481203,0 days 00:00:02.118000,0.0,0.0
16,2024,Italian Grand Prix,1244,9590,39,Monza,2024-09-01 15:00:00,18,Lance Stroll,STR,stroll,aston_martin,19.0,17.0,19,Lapped,0.0,0 days 00:00:43.508000,52.0,33.1015037593985,0.0,1.518796992481203,0 days 00:00:01.686000,24.0,74.0
16,2024,Italian Grand Prix,1244,9590,39,Monza,2024-09-01 15:00:00,22,Yuki Tsunoda,TSU,tsunoda,rb,20.0,16.0,R,Retired,0.0,0 days 02:46:00,7.0,33.1015037593985,0.0,1.518796992481203,0 days 00:00:01.618000,22.0,34.0
17,2024,Azerbaijan Grand Prix,1245,9598,144,Baku,2024-09-15 15:00:00,81,Oscar Piastri,PIA,piastri,mclaren,1.0,2.0,1,Finished,25.0,0 days 01:32:58.007000,51.0,26.70592105263158,0.0,1.5513157894736842,0 days 00:00:00.321000,222.0,476.0
17,2024,Azerbaijan Grand Prix,1245,9598,144,Baku,2024-09-15 15:00:00,16,Charles Leclerc,LEC,leclerc,ferrari,2.0,1.0,2,Finished,18.0,0 days 00:00:10.910000,51.0,26.70592105263158,0.0,1.5513157894736842,0 days 00:00:00,235.0,425.0
17,2024,Azerbaijan Grand Prix,1245,9598,144,Baku,2024-09-15 15:00:00,63,George Russell,RUS,russell,mercedes,3.0,5.0,3,Finished,15.0,0 days 00:00:31.328000,51.0,26.70592105263158,0.0,1.5513157894736842,0 days 00:00:00.509000,143.0,309.0
17,2024,Azerbaijan Grand Prix,1245,9598,144,Baku,2024-09-15 15:00:00,4,Lando Norris,NOR,norris,mclaren,4.0,15.0,4,Finished,13.0,0 days 00:00:36.143000,51.0,26.70592105263158,0.0,1.5513157894736842,0 days 00:00:02.244000,254.0,476.0
17,2024,Azerbaijan Grand Prix,1245,9598,144,Baku,2024-09-15 15:00:00,1,Max Verstappen,VER,max_verstappen,red_bull,5.0,6.0,5,Finished,10.0,0 days 00:01:17.098000,51.0,26.70592105263158,0.0,1.5513157894736842,0 days 00:00:00.658000,313.0,456.0
17,2024,Azerbaijan Grand Prix,1245,9598,144,Baku,2024-09-15 15:00:00,14,Fernando Alonso,ALO,alonso,aston_martin,6.0,7.0,6,Finished,8.0,0 days 00:01:25.468000,51.0,26.70592105263158,0.0,1.5513157894736842,0 days 00:00:01.004000,58.0,82.0
17,2024,Azerbaijan Grand Prix,1245,9598,144,Baku,2024-09-15 15:00:00,23,Alexander Albon,ALB,albon,williams,7.0,9.0,7,Finished,6.0,0 days 00:01:27.396000,51.0,26.70592105263158,0.0,1.5513157894736842,0 days 00:00:01.475000,12.0,16.0
17,2024,Azerbaijan Grand Prix,1245,9598,144,Baku,2024-09-15 15:00:00,43,Franco Colapinto,COL,colapinto,williams,8.0,8.0,8,Finished,4.0,0 days 00:01:29.541000,51.0,26.70592105263158,0.0,1.5513157894736842,0 days 00:00:01.108000,4.0,16.0
17,2024,Azerbaijan Grand Prix,1245,9598,144,Baku,2024-09-15 15:00:00,44,Lewis Hamilton,HAM,hamilton,mercedes,9.0,19.0,9,Finished,2.0,0 days 00:01:32.401000,51.0,26.70592105263158,0.0,1.5513157894736842,0 days 00:00:00.924000,166.0,309.0
17,2024,Azerbaijan Grand Prix,1245,9598,144,Baku,2024-09-15 15:00:00,50,Oliver Bearman,BEA,bearman,haas,10.0,10.0,10,Finished,1.0,0 days 00:01:33.127000,51.0,26.70592105263158,0.0,1.5513157894736842,0 days 00:00:01.603000,7.0,29.0
17,2024,Azerbaijan Grand Prix,1245,9598,144,Baku,2024-09-15 15:00:00,27,Nico Hulkenberg,HUL,hulkenberg,haas,11.0,12.0,11,Finished,0.0,0 days 00:01:33.465000,51.0,26.70592105263158,0.0,1.5513157894736842,0 days 00:00:01.736000,22.0,29.0
17,2024,Azerbaijan Grand Prix,1245,9598,144,Baku,2024-09-15 15:00:00,10,Pierre Gasly,GAS,gasly,alpine,12.0,18.0,12,Finished,0.0,0 days 00:01:57.189000,51.0,26.70592105263158,0.0,1.5513157894736842,0 days 02:46:00,8.0,13.0
17,2024,Azerbaijan Grand Prix,1245,9598,144,Baku,2024-09-15 15:00:00,3,Daniel Ricciardo,RIC,ricciardo,rb,13.0,14.0,13,Finished,0.0,0 days 00:02:26.907000,51.0,26.70592105263158,0.0,1.5513157894736842,0 days 00:00:02.182000,12.0,34.0
17,2024,Azerbaijan Grand Prix,1245,9598,144,Baku,2024-09-15 15:00:00,24,Guanyu Zhou,ZHO,zhou,sauber,14.0,17.0,14,Finished,0.0,0 days 00:02:28.841000,51.0,26.70592105263158,0.0,1.5513157894736842,0 days 00:00:02.881000,0.0,0.0
17,2024,Azerbaijan Grand Prix,1245,9598,144,Baku,2024-09-15 15:00:00,31,Esteban Ocon,OCO,ocon,alpine,15.0,20.0,15,Lapped,0.0,0 days 00:00:21.344000,50.0,26.70592105263158,0.0,1.5513157894736842,0 days 00:00:03.139000,5.0,13.0
17,2024,Azerbaijan Grand Prix,1245,9598,144,Baku,2024-09-15 15:00:00,77,Valtteri Bottas,BOT,bottas,sauber,16.0,16.0,16,Lapped,0.0,0 days 00:00:25.395000,50.0,26.70592105263158,0.0,1.5513157894736842,0 days 00:00:02.253000,0.0,0.0
17,2024,Azerbaijan Grand Prix,1245,9598,144,Baku,2024-09-15 15:00:00,11,Sergio Perez,PER,perez,red_bull,17.0,4.0,17,Retired,0.0,0 days 02:46:00,49.0,26.70592105263158,0.0,1.5513157894736842,0 days 00:00:00.448000,143.0,456.0
17,2024,Azerbaijan Grand Prix,1245,9598,144,Baku,2024-09-15 15:00:00,55,Carlos Sainz,SAI,sainz,ferrari,18.0,3.0,18,Retired,0.0,0 days 02:46:00,49.0,26.70592105263158,0.0,1.5513157894736842,0 days 00:00:00.440000,184.0,425.0
17,2024,Azerbaijan Grand Prix,1245,9598,144,Baku,2024-09-15 15:00:00,18,Lance Stroll,STR,stroll,aston_martin,19.0,13.0,19,Retired,0.0,0 days 02:46:00,45.0,26.70592105263158,0.0,1.5513157894736842,0 days 00:00:02.005000,24.0,82.0
17,2024,Azerbaijan Grand Prix,1245,9598,144,Baku,2024-09-15 15:00:00,22,Yuki Tsunoda,TSU,tsunoda,rb,20.0,11.0,R,Retired,0.0,0 days 02:46:00,14.0,26.70592105263158,0.0,1.5513157894736842,0 days 00:00:01.670000,22.0,34.0
18,2024,Singapore Grand Prix,1246,9606,61,Singapore,2024-09-22 20:00:00,4,Lando Norris,NOR,norris,mclaren,1.0,1.0,1,Finished,25.0,0 days 01:40:52.571000,62.0,30.786250000000003,0.0,0.955,0 days 00:00:00,279.0,516.0
18,2024,Singapore Grand Prix,1246,9606,61,Singapore,2024-09-22 20:00:00,1,Max Verstappen,VER,max_verstappen,red_bull,2.0,2.0,2,Finished,18.0,0 days 00:00:20.945000,62.0,30.786250000000003,0.0,0.955,0 days 00:00:00.155000,331.0,475.0
18,2024,Singapore Grand Prix,1246,9606,61,Singapore,2024-09-22 20:00:00,81,Oscar Piastri,PIA,piastri,mclaren,3.0,5.0,3,Finished,15.0,0 days 00:00:41.823000,62.0,30.786250000000003,0.0,0.955,0 days 00:00:00.115000,237.0,516.0
18,2024,Singapore Grand Prix,1246,9606,61,Singapore,2024-09-22 20:00:00,63,George Russell,RUS,russell,mercedes,4.0,4.0,4,Finished,12.0,0 days 00:01:01.040000,62.0,30.786250000000003,0.0,0.955,0 days 00:00:00.342000,155.0,329.0
18,2024,Singapore Grand Prix,1246,9606,61,Singapore,2024-09-22 20:00:00,16,Charles Leclerc,LEC,leclerc,ferrari,5.0,9.0,5,Finished,10.0,0 days 00:01:02.430000,62.0,30.786250000000003,0.0,0.955,0 days 00:00:00.222000,245.0,441.0
18,2024,Singapore Grand Prix,1246,9606,61,Singapore,2024-09-22 20:00:00,44,Lewis Hamilton,HAM,hamilton,mercedes,6.0,3.0,6,Finished,8.0,0 days 00:01:25.248000,62.0,30.786250000000003,0.0,0.955,0 days 00:00:00.316000,174.0,329.0
18,2024,Singapore Grand Prix,1246,9606,61,Singapore,2024-09-22 20:00:00,55,Carlos Sainz,SAI,sainz,ferrari,7.0,10.0,7,Finished,6.0,0 days 00:01:36.039000,62.0,30.786250000000003,0.0,0.955,0 days 00:00:00.583000,190.0,441.0
18,2024,Singapore Grand Prix,1246,9606,61,Singapore,2024-09-22 20:00:00,14,Fernando Alonso,ALO,alonso,aston_martin,8.0,7.0,8,Lapped,4.0,0 days 00:00:00.873000,61.0,30.786250000000003,0.0,0.955,0 days 00:00:00.689000,62.0,86.0
18,2024,Singapore Grand Prix,1246,9606,61,Singapore,2024-09-22 20:00:00,27,Nico Hulkenberg,HUL,hulkenberg,haas,9.0,6.0,9,Lapped,2.0,0 days 00:00:03.140000,61.0,30.786250000000003,0.0,0.955,0 days 00:00:00.590000,24.0,31.0
18,2024,Singapore Grand Prix,1246,9606,61,Singapore,2024-09-22 20:00:00,11,Sergio Perez,PER,perez,red_bull,10.0,13.0,10,Lapped,1.0,0 days 00:00:04.624000,61.0,30.786250000000003,0.0,0.955,0 days 00:00:01.054000,144.0,475.0
18,2024,Singapore Grand Prix,1246,9606,61,Singapore,2024-09-22 20:00:00,43,Franco Colapinto,COL,colapinto,williams,11.0,12.0,11,Lapped,0.0,0 days 00:00:06.284000,61.0,30.786250000000003,0.0,0.955,0 days 00:00:00.956000,4.0,16.0
18,2024,Singapore Grand Prix,1246,9606,61,Singapore,2024-09-22 20:00:00,22,Yuki Tsunoda,TSU,tsunoda,rb,12.0,8.0,12,Lapped,0.0,0 days 00:00:08.792000,61.0,30.786250000000003,0.0,0.955,0 days 00:00:00.764000,22.0,34.0
18,2024,Singapore Grand Prix,1246,9606,61,Singapore,2024-09-22 20:00:00,31,Esteban Ocon,OCO,ocon,alpine,13.0,15.0,13,Lapped,0.0,0 days 00:00:44.005000,61.0,30.786250000000003,0.0,0.955,0 days 00:00:01.244000,5.0,13.0
18,2024,Singapore Grand Prix,1246,9606,61,Singapore,2024-09-22 20:00:00,18,Lance Stroll,STR,stroll,aston_martin,14.0,17.0,14,Lapped,0.0,0 days 00:00:47.571000,61.0,30.786250000000003,0.0,0.955,0 days 00:00:01.569000,24.0,86.0
18,2024,Singapore Grand Prix,1246,9606,61,Singapore,2024-09-22 20:00:00,24,Guanyu Zhou,ZHO,zhou,sauber,15.0,20.0,15,Lapped,0.0,0 days 00:00:57.220000,61.0,30.786250000000003,0.0,0.955,0 days 00:00:02.529000,0.0,0.0
18,2024,Singapore Grand Prix,1246,9606,61,Singapore,2024-09-22 20:00:00,77,Valtteri Bottas,BOT,bottas,sauber,16.0,19.0,16,Lapped,0.0,0 days 00:00:57.829000,61.0,30.786250000000003,0.0,0.955,0 days 00:00:02.047000,0.0,0.0
18,2024,Singapore Grand Prix,1246,9606,61,Singapore,2024-09-22 20:00:00,10,Pierre Gasly,GAS,gasly,alpine,17.0,18.0,17,Lapped,0.0,0 days 00:00:59.059000,61.0,30.786250000000003,0.0,0.955,0 days 00:00:01.787000,8.0,13.0
18,2024,Singapore Grand Prix,1246,9606,61,Singapore,2024-09-22 20:00:00,3,Daniel Ricciardo,RIC,ricciardo,rb,18.0,16.0,18,Lapped,0.0,0 days 00:01:29.796000,61.0,30.786250000000003,0.0,0.955,0 days 00:00:01.560000,12.0,34.0
18,2024,Singapore Grand Prix,1246,9606,61,Singapore,2024-09-22 20:00:00,20,Kevin Magnussen,MAG,kevin_magnussen,haas,19.0,14.0,19,Retired,0.0,0 days 02:46:00,57.0,30.786250000000003,0.0,0.955,0 days 00:00:01.128000,6.0,31.0
18,2024,Singapore Grand Prix,1246,9606,61,Singapore,2024-09-22 20:00:00,23,Alexander Albon,ALB,albon,williams,20.0,11.0,R,Retired,0.0,0 days 02:46:00,15.0,30.786250000000003,0.0,0.955,0 days 00:00:00.949000,12.0,16.0
19,2024,United States Grand Prix,1247,9617,9,Austin,2024-10-20 14:00:00,16,Charles Leclerc,LEC,leclerc,ferrari,1.0,4.0,1,Finished,25.0,0 days 01:35:09.639000,56.0,28.121290322580645,0.0,1.5,0 days 00:00:00.410000,275.0,496.0
19,2024,United States Grand Prix,1247,9617,9,Austin,2024-10-20 14:00:00,55,Carlos Sainz,SAI,sainz,ferrari,2.0,3.0,2,Finished,18.0,0 days 00:00:08.562000,56.0,28.121290322580645,0.0,1.5,0 days 00:00:00.322000,215.0,496.0
19,2024,United States Grand Prix,1247,9617,9,Austin,2024-10-20 14:00:00,1,Max Verstappen,VER,max_verstappen,red_bull,3.0,2.0,3,Finished,15.0,0 days 00:00:19.412000,56.0,28.121290322580645,0.0,1.5,0 days 00:00:00.031000,354.0,504.0
19,2024,United States Grand Prix,1247,9617,9,Austin,2024-10-20 14:00:00,4,Lando Norris,NOR,norris,mclaren,4.0,1.0,4,Finished,12.0,0 days 00:00:20.354000,56.0,28.121290322580645,0.0,1.5,0 days 00:00:00,297.0,544.0
19,2024,United States Grand Prix,1247,9617,9,Austin,2024-10-20 14:00:00,81,Oscar Piastri,PIA,piastri,mclaren,5.0,5.0,5,Finished,10.0,0 days 00:00:21.921000,56.0,28.121290322580645,0.0,1.5,0 days 00:00:00.620000,247.0,544.0
19,2024,United States Grand Prix,1247,9617,9,Austin,2024-10-20 14:00:00,63,George Russell,RUS,russell,mercedes,6.0,20.0,6,Finished,8.0,0 days 00:00:56.295000,56.0,28.121290322580645,0.0,1.5,0 days 00:00:00.644000,167.0,344.0
19,2024,United States Grand Prix,1247,9617,9,Austin,2024-10-20 14:00:00,11,Sergio Perez,PER,perez,red_bull,7.0,9.0,7,Finished,6.0,0 days 00:00:59.072000,56.0,28.121290322580645,0.0,1.5,0 days 00:00:00.690000,150.0,504.0
19,2024,United States Grand Prix,1247,9617,9,Austin,2024-10-20 14:00:00,27,Nico Hulkenberg,HUL,hulkenberg,haas,8.0,11.0,8,Finished,4.0,0 days 00:01:02.957000,56.0,28.121290322580645,0.0,1.5,0 days 00:00:01.214000,29.0,38.0
19,2024,United States Grand Prix,1247,9617,9,Austin,2024-10-20 14:00:00,30,Liam Lawson,LAW,lawson,rb,9.0,19.0,9,Finished,2.0,0 days 00:01:10.563000,56.0,28.121290322580645,0.0,1.5,0 days 00:00:01.009000,2.0,36.0
19,2024,United States Grand Prix,1247,9617,9,Austin,2024-10-20 14:00:00,43,Franco Colapinto,COL,colapinto,williams,10.0,15.0,10,Finished,1.0,0 days 00:01:11.979000,56.0,28.121290322580645,0.0,1.5,0 days 00:00:01.732000,5.0,17.0
19,2024,United States Grand Prix,1247,9617,9,Austin,2024-10-20 14:00:00,20,Kevin Magnussen,MAG,kevin_magnussen,haas,11.0,8.0,11,Finished,0.0,0 days 00:01:19.782000,56.0,28.121290322580645,0.0,1.5,0 days 00:00:01.144000,8.0,38.0
19,2024,United States Grand Prix,1247,9617,9,Austin,2024-10-20 14:00:00,10,Pierre Gasly,GAS,gasly,alpine,12.0,6.0,12,Finished,0.0,0 days 00:01:30.558000,56.0,28.121290322580645,0.0,1.5,0 days 00:00:00.688000,8.0,13.0
19,2024,United States Grand Prix,1247,9617,9,Austin,2024-10-20 14:00:00,14,Fernando Alonso,ALO,alonso,aston_martin,13.0,7.0,13,Lapped,0.0,0 days 00:00:01.726000,55.0,28.121290322580645,0.0,1.5,0 days 00:00:00.979000,62.0,86.0
19,2024,United States Grand Prix,1247,9617,9,Austin,2024-10-20 14:00:00,22,Yuki Tsunoda,TSU,tsunoda,rb,14.0,10.0,14,Lapped,0.0,0 days 00:00:08.212000,55.0,28.121290322580645,0.0,1.5,0 days 00:00:01.176000,22.0,36.0
19,2024,United States Grand Prix,1247,9617,9,Austin,2024-10-20 14:00:00,18,Lance Stroll,STR,stroll,aston_martin,15.0,13.0,15,Lapped,0.0,0 days 00:00:16.983000,55.0,28.121290322580645,0.0,1.5,0 days 00:00:01.429000,24.0,86.0
19,2024,United States Grand Prix,1247,9617,9,Austin,2024-10-20 14:00:00,23,Alexander Albon,ALB,albon,williams,16.0,14.0,16,Lapped,0.0,0 days 00:00:18.092000,55.0,28.121290322580645,0.0,1.5,0 days 00:00:01.721000,12.0,17.0
19,2024,United States Grand Prix,1247,9617,9,Austin,2024-10-20 14:00:00,77,Valtteri Bottas,BOT,bottas,sauber,17.0,16.0,17,Lapped,0.0,0 days 00:00:34.333000,55.0,28.121290322580645,0.0,1.5,0 days 00:00:01.822000,0.0,0.0
19,2024,United States Grand Prix,1247,9617,9,Austin,2024-10-20 14:00:00,31,Esteban Ocon,OCO,ocon,alpine,18.0,12.0,18,Lapped,0.0,0 days 00:00:42.112000,55.0,28.121290322580645,0.0,1.5,0 days 00:00:01.267000,5.0,13.0
19,2024,United States Grand Prix,1247,9617,9,Austin,2024-10-20 14:00:00,24,Guanyu Zhou,ZHO,zhou,sauber,19.0,18.0,19,Lapped,0.0,0 days 00:00:49.240000,55.0,28.121290322580645,0.0,1.5,0 days 00:00:01.898000,0.0,0.0
19,2024,United States Grand Prix,1247,9617,9,Austin,2024-10-20 14:00:00,44,Lewis Hamilton,HAM,hamilton,mercedes,20.0,17.0,R,Retired,0.0,0 days 02:46:00,1.0,28.121290322580645,0.0,1.5,0 days 00:00:01.824000,177.0,344.0
20,2024,Mexico City Grand Prix,1248,9625,65,Mexico City,2024-10-27 14:00:00,55,Carlos Sainz,SAI,sainz,ferrari,1.0,1.0,1,Finished,25.0,0 days 01:40:55.800000,71.0,19.88867924528302,0.0,2.150943396226415,0 days 00:00:00,240.0,537.0
20,2024,Mexico City Grand Prix,1248,9625,65,Mexico City,2024-10-27 14:00:00,4,Lando Norris,NOR,norris,mclaren,2.0,3.0,2,Finished,18.0,0 days 00:00:04.705000,71.0,19.88867924528302,0.0,2.150943396226415,0 days 00:00:00.314000,315.0,566.0
20,2024,Mexico City Grand Prix,1248,9625,65,Mexico City,2024-10-27 14:00:00,16,Charles Leclerc,LEC,leclerc,ferrari,3.0,4.0,3,Finished,16.0,0 days 00:00:34.387000,71.0,19.88867924528302,0.0,2.150943396226415,0 days 00:00:00.319000,291.0,537.0
20,2024,Mexico City Grand Prix,1248,9625,65,Mexico City,2024-10-27 14:00:00,44,Lewis Hamilton,HAM,hamilton,mercedes,4.0,6.0,4,Finished,12.0,0 days 00:00:44.780000,71.0,19.88867924528302,0.0,2.150943396226415,0 days 00:00:00.705000,189.0,366.0
20,2024,Mexico City Grand Prix,1248,9625,65,Mexico City,2024-10-27 14:00:00,63,George Russell,RUS,russell,mercedes,5.0,5.0,5,Finished,10.0,0 days 00:00:48.536000,71.0,19.88867924528302,0.0,2.150943396226415,0 days 00:00:00.410000,177.0,366.0
20,2024,Mexico City Grand Prix,1248,9625,65,Mexico City,2024-10-27 14:00:00,1,Max Verstappen,VER,max_verstappen,red_bull,6.0,2.0,6,Finished,8.0,0 days 00:00:59.558000,71.0,19.88867924528302,0.0,2.150943396226415,0 days 00:00:00.225000,362.0,512.0
20,2024,Mexico City Grand Prix,1248,9625,65,Mexico City,2024-10-27 14:00:00,20,Kevin Magnussen,MAG,kevin_magnussen,haas,7.0,7.0,7,Finished,6.0,0 days 00:01:03.642000,71.0,19.88867924528302,0.0,2.150943396226415,0 days 00:00:00.940000,14.0,46.0
20,2024,Mexico City Grand Prix,1248,9625,65,Mexico City,2024-10-27 14:00:00,81,Oscar Piastri,PIA,piastri,mclaren,8.0,17.0,8,Finished,4.0,0 days 00:01:04.928000,71.0,19.88867924528302,0.0,2.150943396226415,0 days 00:00:01.651000,251.0,566.0
20,2024,Mexico City Grand Prix,1248,9625,65,Mexico City,2024-10-27 14:00:00,27,Nico Hulkenberg,HUL,hulkenberg,haas,9.0,10.0,9,Lapped,2.0,0 days 00:00:02.720000,70.0,19.88867924528302,0.0,2.150943396226415,0 days 00:00:01.049000,31.0,46.0
20,2024,Mexico City Grand Prix,1248,9625,65,Mexico City,2024-10-27 14:00:00,10,Pierre Gasly,GAS,gasly,alpine,10.0,8.0,10,Lapped,1.0,0 days 00:00:18.587000,70.0,19.88867924528302,0.0,2.150943396226415,0 days 00:00:00.946000,9.0,14.0
20,2024,Mexico City Grand Prix,1248,9625,65,Mexico City,2024-10-27 14:00:00,18,Lance Stroll,STR,stroll,aston_martin,11.0,14.0,11,Lapped,0.0,0 days 00:00:25.072000,70.0,19.88867924528302,0.0,2.150943396226415,0 days 00:00:01.348000,24.0,86.0
20,2024,Mexico City Grand Prix,1248,9625,65,Mexico City,2024-10-27 14:00:00,43,Franco Colapinto,COL,colapinto,williams,12.0,16.0,12,Lapped,0.0,0 days 00:00:37.497000,70.0,19.88867924528302,0.0,2.150943396226415,0 days 00:00:01.612000,5.0,17.0
20,2024,Mexico City Grand Prix,1248,9625,65,Mexico City,2024-10-27 14:00:00,31,Esteban Ocon,OCO,ocon,alpine,13.0,0.0,13,Lapped,0.0,0 days 00:00:39.663000,70.0,19.88867924528302,0.0,2.150943396226415,0 days 00:00:01.671000,5.0,14.0
20,2024,Mexico City Grand Prix,1248,9625,65,Mexico City,2024-10-27 14:00:00,77,Valtteri Bottas,BOT,bottas,sauber,14.0,15.0,14,Lapped,0.0,0 days 00:00:42.227000,70.0,19.88867924528302,0.0,2.150943396226415,0 days 00:00:01.447000,0.0,0.0
20,2024,Mexico City Grand Prix,1248,9625,65,Mexico City,2024-10-27 14:00:00,24,Guanyu Zhou,ZHO,zhou,sauber,15.0,19.0,15,Lapped,0.0,0 days 00:01:01.722000,70.0,19.88867924528302,0.0,2.150943396226415,0 days 00:00:02.126000,0.0,0.0
20,2024,Mexico City Grand Prix,1248,9625,65,Mexico City,2024-10-27 14:00:00,30,Liam Lawson,LAW,lawson,rb,16.0,12.0,16,Lapped,0.0,0 days 00:01:04.466000,70.0,19.88867924528302,0.0,2.150943396226415,0 days 00:00:01.216000,2.0,36.0
20,2024,Mexico City Grand Prix,1248,9625,65,Mexico City,2024-10-27 14:00:00,11,Sergio Perez,PER,perez,red_bull,17.0,18.0,17,Lapped,0.0,0 days 00:01:13.284000,70.0,19.88867924528302,0.0,2.150943396226415,0 days 00:00:01.665000,150.0,512.0
20,2024,Mexico City Grand Prix,1248,9625,65,Mexico City,2024-10-27 14:00:00,14,Fernando Alonso,ALO,alonso,aston_martin,18.0,13.0,R,Retired,0.0,0 days 02:46:00,15.0,19.88867924528302,0.0,2.150943396226415,0 days 00:00:01.222000,62.0,86.0
20,2024,Mexico City Grand Prix,1248,9625,65,Mexico City,2024-10-27 14:00:00,23,Alexander Albon,ALB,albon,williams,19.0,9.0,R,Retired,0.0,0 days 02:46:00,0.0,19.88867924528302,0.0,2.150943396226415,0 days 00:00:01.042000,12.0,17.0
20,2024,Mexico City Grand Prix,1248,9625,65,Mexico City,2024-10-27 14:00:00,22,Yuki Tsunoda,TSU,tsunoda,rb,20.0,11.0,R,Retired,0.0,0 days 02:46:00,0.0,19.88867924528302,0.0,2.150943396226415,0 days 00:00:01.183000,22.0,36.0
21,2024,São Paulo Grand Prix,1249,9636,14,Interlagos,2024-11-03 12:30:00,1,Max Verstappen,VER,max_verstappen,red_bull,1.0,17.0,1,Finished,26.0,0 days 02:06:54.430000,69.0,21.66268656716418,0.582089552238806,0.735820895522388,0 days 00:00:04.366000,393.0,544.0
21,2024,São Paulo Grand Prix,1249,9636,14,Interlagos,2024-11-03 12:30:00,31,Esteban Ocon,OCO,ocon,alpine,2.0,4.0,2,Finished,18.0,0 days 00:00:19.477000,69.0,21.66268656716418,0.582089552238806,0.735820895522388,0 days 00:00:01.070000,23.0,49.0
21,2024,São Paulo Grand Prix,1249,9636,14,Interlagos,2024-11-03 12:30:00,10,Pierre Gasly,GAS,gasly,alpine,3.0,13.0,3,Finished,15.0,0 days 00:00:22.532000,69.0,21.66268656716418,0.582089552238806,0.735820895522388,0 days 00:00:06.015000,26.0,49.0
21,2024,São Paulo Grand Prix,1249,9636,14,Interlagos,2024-11-03 12:30:00,63,George Russell,RUS,russell,mercedes,4.0,2.0,4,Finished,12.0,0 days 00:00:23.265000,69.0,21.66268656716418,0.582089552238806,0.735820895522388,0 days 00:00:00.173000,192.0,382.0
21,2024,São Paulo Grand Prix,1249,9636,14,Interlagos,2024-11-03 12:30:00,16,Charles Leclerc,LEC,leclerc,ferrari,5.0,6.0,5,Finished,10.0,0 days 00:00:30.177000,69.0,21.66268656716418,0.582089552238806,0.735820895522388,0 days 00:00:01.120000,307.0,557.0
21,2024,São Paulo Grand Prix,1249,9636,14,Interlagos,2024-11-03 12:30:00,4,Lando Norris,NOR,norris,mclaren,6.0,1.0,6,Finished,8.0,0 days 00:00:31.372000,69.0,21.66268656716418,0.582089552238806,0.735820895522388,0 days 00:00:00,331.0,593.0
21,2024,São Paulo Grand Prix,1249,9636,14,Interlagos,2024-11-03 12:30:00,22,Yuki Tsunoda,TSU,tsunoda,rb,7.0,3.0,7,Finished,6.0,0 days 00:00:42.056000,69.0,21.66268656716418,0.582089552238806,0.735820895522388,0 days 00:00:00.706000,28.0,44.0
21,2024,São Paulo Grand Prix,1249,9636,14,Interlagos,2024-11-03 12:30:00,81,Oscar Piastri,PIA,piastri,mclaren,8.0,8.0,8,Finished,4.0,0 days 00:00:44.943000,69.0,21.66268656716418,0.582089552238806,0.735820895522388,0 days 00:00:01.281000,262.0,593.0
21,2024,São Paulo Grand Prix,1249,9636,14,Interlagos,2024-11-03 12:30:00,30,Liam Lawson,LAW,lawson,rb,9.0,5.0,9,Finished,2.0,0 days 00:00:50.452000,69.0,21.66268656716418,0.582089552238806,0.735820895522388,0 days 00:00:01.079000,4.0,44.0
21,2024,São Paulo Grand Prix,1249,9636,14,Interlagos,2024-11-03 12:30:00,44,Lewis Hamilton,HAM,hamilton,mercedes,10.0,14.0,10,Finished,1.0,0 days 00:00:50.753000,69.0,21.66268656716418,0.582089552238806,0.735820895522388,0 days 00:00:07.745000,190.0,382.0
21,2024,São Paulo Grand Prix,1249,9636,14,Interlagos,2024-11-03 12:30:00,11,Sergio Perez,PER,perez,red_bull,11.0,12.0,11,Finished,0.0,0 days 00:00:51.531000,69.0,21.66268656716418,0.582089552238806,0.735820895522388,0 days 00:00:04.753000,151.0,544.0
21,2024,São Paulo Grand Prix,1249,9636,14,Interlagos,2024-11-03 12:30:00,50,Oliver Bearman,BEA,bearman,haas,12.0,15.0,12,Finished,0.0,0 days 00:00:57.085000,69.0,21.66268656716418,0.582089552238806,0.735820895522388,0 days 00:00:07.824000,7.0,46.0
21,2024,São Paulo Grand Prix,1249,9636,14,Interlagos,2024-11-03 12:30:00,77,Valtteri Bottas,BOT,bottas,sauber,13.0,11.0,13,Finished,0.0,0 days 00:01:03.588000,69.0,21.66268656716418,0.582089552238806,0.735820895522388,0 days 00:00:03.067000,0.0,0.0
21,2024,São Paulo Grand Prix,1249,9636,14,Interlagos,2024-11-03 12:30:00,14,Fernando Alonso,ALO,alonso,aston_martin,14.0,9.0,14,Finished,0.0,0 days 00:01:18.049000,69.0,21.66268656716418,0.582089552238806,0.735820895522388,0 days 00:00:05.593000,62.0,86.0
21,2024,São Paulo Grand Prix,1249,9636,14,Interlagos,2024-11-03 12:30:00,24,Guanyu Zhou,ZHO,zhou,sauber,15.0,19.0,15,Finished,0.0,0 days 00:01:19.649000,69.0,21.66268656716418,0.582089552238806,0.735820895522388,0 days 00:00:08.858000,0.0,0.0
21,2024,São Paulo Grand Prix,1249,9636,14,Interlagos,2024-11-03 12:30:00,55,Carlos Sainz,SAI,sainz,ferrari,16.0,20.0,R,Retired,0.0,0 days 02:46:00,38.0,21.66268656716418,0.582089552238806,0.735820895522388,0 days 00:00:06.001000,244.0,557.0
21,2024,São Paulo Grand Prix,1249,9636,14,Interlagos,2024-11-03 12:30:00,43,Franco Colapinto,COL,colapinto,williams,17.0,16.0,R,Retired,0.0,0 days 02:46:00,30.0,21.66268656716418,0.582089552238806,0.735820895522388,0 days 00:00:07.865000,5.0,17.0
21,2024,São Paulo Grand Prix,1249,9636,14,Interlagos,2024-11-03 12:30:00,23,Alexander Albon,ALB,albon,williams,18.0,7.0,W,Did not start,0.0,0 days 02:46:00,0.0,21.66268656716418,0.582089552238806,0.735820895522388,0 days 00:00:01.252000,12.0,17.0
21,2024,São Paulo Grand Prix,1249,9636,14,Interlagos,2024-11-03 12:30:00,18,Lance Stroll,STR,stroll,aston_martin,19.0,10.0,W,Did not start,0.0,0 days 02:46:00,0.0,21.66268656716418,0.582089552238806,0.735820895522388,0 days 00:00:02.929000,24.0,86.0
21,2024,São Paulo Grand Prix,1249,9636,14,Interlagos,2024-11-03 12:30:00,27,Nico Hulkenberg,HUL,hulkenberg,haas,20.0,18.0,D,Disqualified,0.0,0 days 02:46:00,0.0,21.66268656716418,0.582089552238806,0.735820895522388,0 days 00:00:08.218000,31.0,46.0
22,2024,Las Vegas Grand Prix,1250,9644,152,Las Vegas,2024-11-23 22:00:00,63,George Russell,RUS,russell,mercedes,1.0,1.0,1,Finished,25.0,0 days 01:22:05.969000,50.0,17.825174825174827,0.0,2.8986013986013988,0 days 00:00:00,217.0,425.0
22,2024,Las Vegas Grand Prix,1250,9644,152,Las Vegas,2024-11-23 22:00:00,44,Lewis Hamilton,HAM,hamilton,mercedes,2.0,10.0,2,Finished,18.0,0 days 00:00:07.313000,50.0,17.825174825174827,0.0,2.8986013986013988,0 days 00:00:00.255000,208.0,425.0
22,2024,Las Vegas Grand Prix,1250,9644,152,Las Vegas,2024-11-23 22:00:00,55,Carlos Sainz,SAI,sainz,ferrari,3.0,2.0,3,Finished,15.0,0 days 00:00:11.906000,50.0,17.825174825174827,0.0,2.8986013986013988,0 days 00:00:00.098000,259.0,584.0
22,2024,Las Vegas Grand Prix,1250,9644,152,Las Vegas,2024-11-23 22:00:00,16,Charles Leclerc,LEC,leclerc,ferrari,4.0,4.0,4,Finished,12.0,0 days 00:00:14.283000,50.0,17.825174825174827,0.0,2.8986013986013988,0 days 00:00:00.471000,319.0,584.0
22,2024,Las Vegas Grand Prix,1250,9644,152,Las Vegas,2024-11-23 22:00:00,1,Max Verstappen,VER,max_verstappen,red_bull,5.0,5.0,5,Finished,10.0,0 days 00:00:16.582000,50.0,17.825174825174827,0.0,2.8986013986013988,0 days 00:00:00.485000,403.0,555.0
22,2024,Las Vegas Grand Prix,1250,9644,152,Las Vegas,2024-11-23 22:00:00,4,Lando Norris,NOR,norris,mclaren,6.0,6.0,6,Finished,9.0,0 days 00:00:43.385000,50.0,17.825174825174827,0.0,2.8986013986013988,0 days 00:00:00.696000,340.0,608.0
22,2024,Las Vegas Grand Prix,1250,9644,152,Las Vegas,2024-11-23 22:00:00,81,Oscar Piastri,PIA,piastri,mclaren,7.0,8.0,7,Finished,6.0,0 days 00:00:51.365000,50.0,17.825174825174827,0.0,2.8986013986013988,0 days 00:00:00.712000,268.0,608.0
22,2024,Las Vegas Grand Prix,1250,9644,152,Las Vegas,2024-11-23 22:00:00,27,Nico Hulkenberg,HUL,hulkenberg,haas,8.0,9.0,8,Finished,4.0,0 days 00:00:59.808000,50.0,17.825174825174827,0.0,2.8986013986013988,0 days 00:00:00.750000,35.0,50.0
22,2024,Las Vegas Grand Prix,1250,9644,152,Las Vegas,2024-11-23 22:00:00,22,Yuki Tsunoda,TSU,tsunoda,rb,9.0,7.0,9,Finished,2.0,0 days 00:01:02.808000,50.0,17.825174825174827,0.0,2.8986013986013988,0 days 00:00:00.717000,30.0,46.0
22,2024,Las Vegas Grand Prix,1250,9644,152,Las Vegas,2024-11-23 22:00:00,11,Sergio Perez,PER,perez,red_bull,10.0,15.0,10,Finished,1.0,0 days 00:01:03.114000,50.0,17.825174825174827,0.0,2.8986013986013988,0 days 00:00:01.843000,152.0,555.0
22,2024,Las Vegas Grand Prix,1250,9644,152,Las Vegas,2024-11-23 22:00:00,14,Fernando Alonso,ALO,alonso,aston_martin,11.0,16.0,11,Finished,0.0,0 days 00:01:09.195000,50.0,17.825174825174827,0.0,2.8986013986013988,0 days 00:00:01.946000,62.0,86.0
22,2024,Las Vegas Grand Prix,1250,9644,152,Las Vegas,2024-11-23 22:00:00,20,Kevin Magnussen,MAG,kevin_magnussen,haas,12.0,12.0,12,Finished,0.0,0 days 00:01:09.803000,50.0,17.825174825174827,0.0,2.8986013986013988,0 days 00:00:00.985000,14.0,50.0
22,2024,Las Vegas Grand Prix,1250,9644,152,Las Vegas,2024-11-23 22:00:00,24,Guanyu Zhou,ZHO,zhou,sauber,13.0,13.0,13,Finished,0.0,0 days 00:01:14.085000,50.0,17.825174825174827,0.0,2.8986013986013988,0 days 00:00:01.254000,0.0,0.0
22,2024,Las Vegas Grand Prix,1250,9644,152,Las Vegas,2024-11-23 22:00:00,43,Franco Colapinto,COL,colapinto,williams,14.0,20.0,14,Finished,0.0,0 days 00:01:15.172000,50.0,17.825174825174827,0.0,2.8986013986013988,0 days 00:00:01.434000,5.0,17.0
22,2024,Las Vegas Grand Prix,1250,9644,152,Las Vegas,2024-11-23 22:00:00,18,Lance Stroll,STR,stroll,aston_martin,15.0,18.0,15,Finished,0.0,0 days 00:01:24.102000,50.0,17.825174825174827,0.0,2.8986013986013988,0 days 00:00:02.172000,24.0,86.0
22,2024,Las Vegas Grand Prix,1250,9644,152,Las Vegas,2024-11-23 22:00:00,30,Liam Lawson,LAW,lawson,rb,16.0,14.0,16,Finished,0.0,0 days 00:01:31.005000,50.0,17.825174825174827,0.0,2.8986013986013988,0 days 00:00:01.775000,4.0,46.0
22,2024,Las Vegas Grand Prix,1250,9644,152,Las Vegas,2024-11-23 22:00:00,31,Esteban Ocon,OCO,ocon,alpine,17.0,11.0,17,Lapped,0.0,0 days 00:00:02.060000,49.0,17.825174825174827,0.0,2.8986013986013988,0 days 00:00:00.909000,23.0,49.0
22,2024,Las Vegas Grand Prix,1250,9644,152,Las Vegas,2024-11-23 22:00:00,77,Valtteri Bottas,BOT,bottas,sauber,18.0,19.0,18,Lapped,0.0,0 days 00:00:11.285000,49.0,17.825174825174827,0.0,2.8986013986013988,0 days 00:00:02.118000,0.0,0.0
22,2024,Las Vegas Grand Prix,1250,9644,152,Las Vegas,2024-11-23 22:00:00,23,Alexander Albon,ALB,albon,williams,19.0,17.0,R,Retired,0.0,0 days 02:46:00,25.0,17.825174825174827,0.0,2.8986013986013988,0 days 00:00:02.113000,12.0,17.0
22,2024,Las Vegas Grand Prix,1250,9644,152,Las Vegas,2024-11-23 22:00:00,10,Pierre Gasly,GAS,gasly,alpine,20.0,3.0,R,Retired,0.0,0 days 02:46:00,15.0,17.825174825174827,0.0,2.8986013986013988,0 days 00:00:00.352000,26.0,49.0
23,2024,Qatar Grand Prix,1251,9655,150,Lusail,2024-12-01 19:00:00,1,Max Verstappen,VER,max_verstappen,red_bull,1.0,2.0,1,Finished,25.0,0 days 01:31:05.323000,57.0,18.926490066225167,0.0,1.6576158940397352,0 days 00:00:00,429.0,581.0
23,2024,Qatar Grand Prix,1251,9655,150,Lusail,2024-12-01 19:00:00,16,Charles Leclerc,LEC,leclerc,ferrari,2.0,5.0,2,Finished,18.0,0 days 00:00:06.031000,57.0,18.926490066225167,0.0,1.6576158940397352,0 days 00:00:00.332000,341.0,619.0
23,2024,Qatar Grand Prix,1251,9655,150,Lusail,2024-12-01 19:00:00,81,Oscar Piastri,PIA,piastri,mclaren,3.0,4.0,3,Finished,15.0,0 days 00:00:06.819000,57.0,18.926490066225167,0.0,1.6576158940397352,0 days 00:00:00.309000,291.0,640.0
23,2024,Qatar Grand Prix,1251,9655,150,Lusail,2024-12-01 19:00:00,63,George Russell,RUS,russell,mercedes,4.0,1.0,4,Finished,12.0,0 days 00:00:14.104000,57.0,18.926490066225167,0.0,1.6576158940397352,0 days 00:00:00.055000,235.0,446.0
23,2024,Qatar Grand Prix,1251,9655,150,Lusail,2024-12-01 19:00:00,10,Pierre Gasly,GAS,gasly,alpine,5.0,11.0,5,Finished,10.0,0 days 00:00:16.782000,57.0,18.926490066225167,0.0,1.6576158940397352,0 days 00:00:00.917000,36.0,59.0
23,2024,Qatar Grand Prix,1251,9655,150,Lusail,2024-12-01 19:00:00,55,Carlos Sainz,SAI,sainz,ferrari,6.0,7.0,6,Finished,8.0,0 days 00:00:17.476000,57.0,18.926490066225167,0.0,1.6576158940397352,0 days 00:00:00.521000,272.0,619.0
23,2024,Qatar Grand Prix,1251,9655,150,Lusail,2024-12-01 19:00:00,14,Fernando Alonso,ALO,alonso,aston_martin,7.0,8.0,7,Finished,6.0,0 days 00:00:19.867000,57.0,18.926490066225167,0.0,1.6576158940397352,0 days 00:00:00.688000,68.0,92.0
23,2024,Qatar Grand Prix,1251,9655,150,Lusail,2024-12-01 19:00:00,24,Guanyu Zhou,ZHO,zhou,sauber,8.0,12.0,8,Finished,4.0,0 days 00:00:25.360000,57.0,18.926490066225167,0.0,1.6576158940397352,0 days 00:00:00.981000,4.0,4.0
23,2024,Qatar Grand Prix,1251,9655,150,Lusail,2024-12-01 19:00:00,20,Kevin Magnussen,MAG,kevin_magnussen,haas,9.0,10.0,9,Finished,2.0,0 days 00:00:32.177000,57.0,18.926490066225167,0.0,1.6576158940397352,0 days 00:00:00.867000,16.0,54.0
23,2024,Qatar Grand Prix,1251,9655,150,Lusail,2024-12-01 19:00:00,4,Lando Norris,NOR,norris,mclaren,10.0,3.0,10,Finished,2.0,0 days 00:00:35.762000,57.0,18.926490066225167,0.0,1.6576158940397352,0 days 00:00:00.252000,349.0,640.0
23,2024,Qatar Grand Prix,1251,9655,150,Lusail,2024-12-01 19:00:00,77,Valtteri Bottas,BOT,bottas,sauber,11.0,13.0,11,Finished,0.0,0 days 00:00:50.243000,57.0,18.926490066225167,0.0,1.6576158940397352,0 days 00:00:01.211000,0.0,4.0
23,2024,Qatar Grand Prix,1251,9655,150,Lusail,2024-12-01 19:00:00,44,Lewis Hamilton,HAM,hamilton,mercedes,12.0,6.0,12,Finished,0.0,0 days 00:00:56.122000,57.0,18.926490066225167,0.0,1.6576158940397352,0 days 00:00:00.491000,211.0,446.0
23,2024,Qatar Grand Prix,1251,9655,150,Lusail,2024-12-01 19:00:00,22,Yuki Tsunoda,TSU,tsunoda,rb,13.0,14.0,13,Finished,0.0,0 days 00:01:01.100000,57.0,18.926490066225167,0.0,1.6576158940397352,0 days 00:00:01.251000,30.0,46.0
23,2024,Qatar Grand Prix,1251,9655,150,Lusail,2024-12-01 19:00:00,30,Liam Lawson,LAW,lawson,rb,14.0,17.0,14,Finished,0.0,0 days 00:01:02.656000,57.0,18.926490066225167,0.0,1.6576158940397352,0 days 00:00:01.891000,4.0,46.0
23,2024,Qatar Grand Prix,1251,9655,150,Lusail,2024-12-01 19:00:00,23,Alexander Albon,ALB,albon,williams,15.0,16.0,15,Lapped,0.0,0 days 00:00:12.969000,56.0,18.926490066225167,0.0,1.6576158940397352,0 days 00:00:01.870000,12.0,17.0
23,2024,Qatar Grand Prix,1251,9655,150,Lusail,2024-12-01 19:00:00,27,Nico Hulkenberg,HUL,hulkenberg,haas,16.0,18.0,R,Retired,0.0,0 days 02:46:00,39.0,18.926490066225167,0.0,1.6576158940397352,0 days 00:00:01.922000,37.0,54.0
23,2024,Qatar Grand Prix,1251,9655,150,Lusail,2024-12-01 19:00:00,11,Sergio Perez,PER,perez,red_bull,17.0,9.0,R,Retired,0.0,0 days 02:46:00,38.0,18.926490066225167,0.0,1.6576158940397352,0 days 00:00:00.905000,152.0,581.0
23,2024,Qatar Grand Prix,1251,9655,150,Lusail,2024-12-01 19:00:00,18,Lance Stroll,STR,stroll,aston_martin,18.0,15.0,R,Retired,0.0,0 days 02:46:00,8.0,18.926490066225167,0.0,1.6576158940397352,0 days 00:00:01.391000,24.0,92.0
23,2024,Qatar Grand Prix,1251,9655,150,Lusail,2024-12-01 19:00:00,43,Franco Colapinto,COL,colapinto,williams,19.0,19.0,R,Retired,0.0,0 days 02:46:00,0.0,18.926490066225167,0.0,1.6576158940397352,0 days 00:00:02.074000,5.0,17.0
23,2024,Qatar Grand Prix,1251,9655,150,Lusail,2024-12-01 19:00:00,31,Esteban Ocon,OCO,ocon,alpine,20.0,20.0,R,Retired,0.0,0 days 02:46:00,0.0,18.926490066225167,0.0,1.6576158940397352,0 days 00:00:02.194000,23.0,59.0
24,2024,Abu Dhabi Grand Prix,1252,9662,70,Yas Marina Circuit,2024-12-08 17:00:00,4,Lando Norris,NOR,norris,mclaren,1.0,1.0,1,Finished,25.0,0 days 01:26:33.291000,58.0,26.76824324324324,0.0,1.9006756756756755,0 days 00:00:00,374.0,666.0
24,2024,Abu Dhabi Grand Prix,1252,9662,70,Yas Marina Circuit,2024-12-08 17:00:00,55,Carlos Sainz,SAI,sainz,ferrari,2.0,3.0,2,Finished,18.0,0 days 00:00:05.832000,58.0,26.76824324324324,0.0,1.9006756756756755,0 days 00:00:00.229000,290.0,652.0
24,2024,Abu Dhabi Grand Prix,1252,9662,70,Yas Marina Circuit,2024-12-08 17:00:00,16,Charles Leclerc,LEC,leclerc,ferrari,3.0,19.0,3,Finished,15.0,0 days 00:00:31.928000,58.0,26.76824324324324,0.0,1.9006756756756755,0 days 00:00:00.707000,356.0,652.0
24,2024,Abu Dhabi Grand Prix,1252,9662,70,Yas Marina Circuit,2024-12-08 17:00:00,44,Lewis Hamilton,HAM,hamilton,mercedes,4.0,16.0,4,Finished,12.0,0 days 00:00:36.483000,58.0,26.76824324324324,0.0,1.9006756756756755,0 days 00:00:01.292000,223.0,468.0
24,2024,Abu Dhabi Grand Prix,1252,9662,70,Yas Marina Circuit,2024-12-08 17:00:00,63,George Russell,RUS,russell,mercedes,5.0,6.0,5,Finished,10.0,0 days 00:00:37.538000,58.0,26.76824324324324,0.0,1.9006756756756755,0 days 00:00:00.537000,245.0,468.0
24,2024,Abu Dhabi Grand Prix,1252,9662,70,Yas Marina Circuit,2024-12-08 17:00:00,1,Max Verstappen,VER,max_verstappen,red_bull,6.0,4.0,6,Finished,8.0,0 days 00:00:49.847000,58.0,26.76824324324324,0.0,1.9006756756756755,0 days 00:00:00.350000,437.0,589.0
24,2024,Abu Dhabi Grand Prix,1252,9662,70,Yas Marina Circuit,2024-12-08 17:00:00,10,Pierre Gasly,GAS,gasly,alpine,7.0,5.0,7,Finished,6.0,0 days 00:01:12.560000,58.0,26.76824324324324,0.0,1.9006756756756755,0 days 00:00:00.389000,42.0,65.0
24,2024,Abu Dhabi Grand Prix,1252,9662,70,Yas Marina Circuit,2024-12-08 17:00:00,27,Nico Hulkenberg,HUL,hulkenberg,haas,8.0,7.0,8,Finished,4.0,0 days 00:01:15.554000,58.0,26.76824324324324,0.0,1.9006756756756755,0 days 00:00:00.291000,41.0,58.0
24,2024,Abu Dhabi Grand Prix,1252,9662,70,Yas Marina Circuit,2024-12-08 17:00:00,14,Fernando Alonso,ALO,alonso,aston_martin,9.0,8.0,9,Finished,2.0,0 days 00:01:22.373000,58.0,26.76824324324324,0.0,1.9006756756756755,0 days 00:00:00.601000,70.0,94.0
24,2024,Abu Dhabi Grand Prix,1252,9662,70,Yas Marina Circuit,2024-12-08 17:00:00,81,Oscar Piastri,PIA,piastri,mclaren,10.0,2.0,10,Finished,1.0,0 days 00:01:23.821000,58.0,26.76824324324324,0.0,1.9006756756756755,0 days 00:00:00.209000,292.0,666.0
24,2024,Abu Dhabi Grand Prix,1252,9662,70,Yas Marina Circuit,2024-12-08 17:00:00,23,Alexander Albon,ALB,albon,williams,11.0,18.0,11,Lapped,0.0,0 days 00:00:11.251000,57.0,26.76824324324324,0.0,1.9006756756756755,0 days 00:00:01.226000,12.0,17.0
24,2024,Abu Dhabi Grand Prix,1252,9662,70,Yas Marina Circuit,2024-12-08 17:00:00,22,Yuki Tsunoda,TSU,tsunoda,rb,12.0,11.0,12,Lapped,0.0,0 days 00:00:14.738000,57.0,26.76824324324324,0.0,1.9006756756756755,0 days 00:00:00.824000,30.0,46.0
24,2024,Abu Dhabi Grand Prix,1252,9662,70,Yas Marina Circuit,2024-12-08 17:00:00,24,Guanyu Zhou,ZHO,zhou,sauber,13.0,15.0,13,Lapped,0.0,0 days 00:00:17.304000,57.0,26.76824324324324,0.0,1.9006756756756755,0 days 00:00:01.285000,4.0,4.0
24,2024,Abu Dhabi Grand Prix,1252,9662,70,Yas Marina Circuit,2024-12-08 17:00:00,18,Lance Stroll,STR,stroll,aston_martin,14.0,13.0,14,Lapped,0.0,0 days 00:00:18.473000,57.0,26.76824324324324,0.0,1.9006756756756755,0 days 00:00:01.134000,24.0,94.0
24,2024,Abu Dhabi Grand Prix,1252,9662,70,Yas Marina Circuit,2024-12-08 17:00:00,61,Jack Doohan,DOO,doohan,alpine,15.0,17.0,15,Lapped,0.0,0 days 00:00:26.555000,57.0,26.76824324324324,0.0,1.9006756756756755,0 days 00:00:01.510000,0.0,65.0
24,2024,Abu Dhabi Grand Prix,1252,9662,70,Yas Marina Circuit,2024-12-08 17:00:00,20,Kevin Magnussen,MAG,kevin_magnussen,haas,16.0,14.0,16,Lapped,0.0,0 days 00:01:17.597000,57.0,26.76824324324324,0.0,1.9006756756756755,0 days 00:00:01.037000,16.0,58.0
24,2024,Abu Dhabi Grand Prix,1252,9662,70,Yas Marina Circuit,2024-12-08 17:00:00,30,Liam Lawson,LAW,lawson,rb,17.0,12.0,17,Retired,0.0,0 days 02:46:00,55.0,26.76824324324324,0.0,1.9006756756756755,0 days 00:00:00.877000,4.0,46.0
24,2024,Abu Dhabi Grand Prix,1252,9662,70,Yas Marina Circuit,2024-12-08 17:00:00,77,Valtteri Bottas,BOT,bottas,sauber,18.0,9.0,R,Retired,0.0,0 days 02:46:00,30.0,26.76824324324324,0.0,1.9006756756756755,0 days 00:00:00.609000,0.0,4.0
24,2024,Abu Dhabi Grand Prix,1252,9662,70,Yas Marina Circuit,2024-12-08 17:00:00,43,Franco Colapinto,COL,colapinto,williams,19.0,20.0,R,Retired,0.0,0 days 02:46:00,26.0,26.76824324324324,0.0,1.9006756756756755,0 days 00:00:01.317000,5.0,17.0
24,2024,Abu Dhabi Grand Prix,1252,9662,70,Yas Marina Circuit,2024-12-08 17:00:00,11,Sergio Perez,PER,perez,red_bull,20.0,10.0,R,Retired,0.0,0 days 02:46:00,0.0,26.76824324324324,0.0,1.9006756756756755,0 days 00:00:00.669000,152.0,589.0
1,2025,Australian Grand Prix,1254,9693,10,Melbourne,2025-03-16 15:00:00,4,Lando Norris,NOR,norris,mclaren,1.0,1.0,1,Finished,25.0,0 days 01:42:06.304000,57.0,15.707865168539326,0.3258426966292135,3.475280898876405,0 days 00:00:00,25.0,27.0
1,2025,Australian Grand Prix,1254,9693,10,Melbourne,2025-03-16 15:00:00,1,Max Verstappen,VER,max_verstappen,red_bull,2.0,3.0,2,Finished,18.0,0 days 00:00:00.895000,57.0,15.707865168539326,0.3258426966292135,3.475280898876405,0 days 00:00:00.385000,18.0,18.0
1,2025,Australian Grand Prix,1254,9693,10,Melbourne,2025-03-16 15:00:00,63,George Russell,RUS,russell,mercedes,3.0,4.0,3,Finished,15.0,0 days 00:00:08.481000,57.0,15.707865168539326,0.3258426966292135,3.475280898876405,0 days 00:00:00.450000,15.0,27.0
1,2025,Australian Grand Prix,1254,9693,10,Melbourne,2025-03-16 15:00:00,12,Andrea Kimi Antonelli,ANT,antonelli,mercedes,4.0,16.0,4,Finished,12.0,0 days 00:00:10.135000,57.0,15.707865168539326,0.3258426966292135,3.475280898876405,0 days 00:00:01.429000,12.0,27.0
1,2025,Australian Grand Prix,1254,9693,10,Melbourne,2025-03-16 15:00:00,23,Alexander Albon,ALB,albon,williams,5.0,6.0,5,Finished,10.0,0 days 00:00:12.773000,57.0,15.707865168539326,0.3258426966292135,3.475280898876405,0 days 00:00:00.641000,10.0,10.0
1,2025,Australian Grand Prix,1254,9693,10,Melbourne,2025-03-16 15:00:00,18,Lance Stroll,STR,stroll,aston_martin,6.0,13.0,6,Finished,8.0,0 days 00:00:17.413000,57.0,15.707865168539326,0.3258426966292135,3.475280898876405,0 days 00:00:01.273000,8.0,8.0
1,2025,Australian Grand Prix,1254,9693,10,Melbourne,2025-03-16 15:00:00,27,Nico Hulkenberg,HUL,hulkenberg,sauber,7.0,17.0,7,Finished,6.0,0 days 00:00:18.423000,57.0,15.707865168539326,0.3258426966292135,3.475280898876405,0 days 00:00:01.483000,6.0,6.0
1,2025,Australian Grand Prix,1254,9693,10,Melbourne,2025-03-16 15:00:00,16,Charles Leclerc,LEC,leclerc,ferrari,8.0,7.0,8,Finished,4.0,0 days 00:00:19.826000,57.0,15.707865168539326,0.3258426966292135,3.475280898876405,0 days 00:00:00.659000,4.0,5.0
1,2025,Australian Grand Prix,1254,9693,10,Melbourne,2025-03-16 15:00:00,81,Oscar Piastri,PIA,piastri,mclaren,9.0,2.0,9,Finished,2.0,0 days 00:00:20.448000,57.0,15.707865168539326,0.3258426966292135,3.475280898876405,0 days 00:00:00.084000,2.0,27.0
1,2025,Australian Grand Prix,1254,9693,10,Melbourne,2025-03-16 15:00:00,44,Lewis Hamilton,HAM,hamilton,ferrari,10.0,8.0,10,Finished,1.0,0 days 00:00:22.473000,57.0,15.707865168539326,0.3258426966292135,3.475280898876405,0 days 00:00:00.823000,1.0,5.0
1,2025,Australian Grand Prix,1254,9693,10,Melbourne,2025-03-16 15:00:00,10,Pierre Gasly,GAS,gasly,alpine,11.0,9.0,11,Finished,0.0,0 days 00:00:26.502000,57.0,15.707865168539326,0.3258426966292135,3.475280898876405,0 days 00:00:00.884000,0.0,0.0
1,2025,Australian Grand Prix,1254,9693,10,Melbourne,2025-03-16 15:00:00,22,Yuki Tsunoda,TSU,tsunoda,rb,12.0,5.0,12,Finished,0.0,0 days 00:00:29.884000,57.0,15.707865168539326,0.3258426966292135,3.475280898876405,0 days 00:00:00.574000,0.0,0.0
1,2025,Australian Grand Prix,1254,9693,10,Melbourne,2025-03-16 15:00:00,31,Esteban Ocon,OCO,ocon,haas,13.0,19.0,13,Finished,0.0,0 days 00:00:33.161000,57.0,15.707865168539326,0.3258426966292135,3.475280898876405,0 days 00:00:02.051000,0.0,0.0
1,2025,Australian Grand Prix,1254,9693,10,Melbourne,2025-03-16 15:00:00,87,Oliver Bearman,BEA,bearman,haas,14.0,20.0,14,Finished,0.0,0 days 00:00:40.351000,57.0,15.707865168539326,0.3258426966292135,3.475280898876405,0 days 02:46:00,0.0,0.0
1,2025,Australian Grand Prix,1254,9693,10,Melbourne,2025-03-16 15:00:00,30,Liam Lawson,LAW,lawson,red_bull,15.0,18.0,R,Retired,0.0,0 days 02:46:00,46.0,15.707865168539326,0.3258426966292135,3.475280898876405,0 days 00:00:01.998000,0.0,18.0
1,2025,Australian Grand Prix,1254,9693,10,Melbourne,2025-03-16 15:00:00,5,Gabriel Bortoleto,BOR,bortoleto,sauber,16.0,15.0,R,Retired,0.0,0 days 02:46:00,45.0,15.707865168539326,0.3258426966292135,3.475280898876405,0 days 00:00:01.420000,0.0,6.0
1,2025,Australian Grand Prix,1254,9693,10,Melbourne,2025-03-16 15:00:00,14,Fernando Alonso,ALO,alonso,aston_martin,17.0,12.0,R,Retired,0.0,0 days 02:46:00,32.0,15.707865168539326,0.3258426966292135,3.475280898876405,0 days 00:00:01.192000,0.0,8.0
1,2025,Australian Grand Prix,1254,9693,10,Melbourne,2025-03-16 15:00:00,55,Carlos Sainz,SAI,sainz,williams,18.0,10.0,R,Retired,0.0,0 days 02:46:00,0.0,15.707865168539326,0.3258426966292135,3.475280898876405,0 days 00:00:00.835000,0.0,10.0
1,2025,Australian Grand Prix,1254,9693,10,Melbourne,2025-03-16 15:00:00,7,Jack Doohan,DOO,doohan,alpine,19.0,14.0,R,Retired,0.0,0 days 02:46:00,0.0,15.707865168539326,0.3258426966292135,3.475280898876405,0 days 00:00:01.219000,0.0,0.0
1,2025,Australian Grand Prix,1254,9693,10,Melbourne,2025-03-16 15:00:00,6,Isack Hadjar,HAD,hadjar,rb,20.0,11.0,R,Retired,0.0,0 days 02:46:00,0.0,15.707865168539326,0.3258426966292135,3.475280898876405,0 days 00:00:01.079000,0.0,0.0
2,2025,Chinese Grand Prix,1255,9998,49,Shanghai,2025-03-23 15:00:00,81,Oscar Piastri,PIA,piastri,mclaren,1.0,1.0,1,Finished,25.0,0 days 01:30:55.026000,56.0,27.215584415584413,0.0,2.188311688311688,0 days 00:00:00,34.0,78.0
2,2025,Chinese Grand Prix,1255,9998,49,Shanghai,2025-03-23 15:00:00,4,Lando Norris,NOR,norris,mclaren,2.0,3.0,2,Finished,18.0,0 days 00:00:09.748000,56.0,27.215584415584413,0.0,2.188311688311688,0 days 00:00:00.146000,44.0,78.0
2,2025,Chinese Grand Prix,1255,9998,49,Shanghai,2025-03-23 15:00:00,63,George Russell,RUS,russell,mercedes,3.0,2.0,3,Finished,15.0,0 days 00:00:11.097000,56.0,27.215584415584413,0.0,2.188311688311688,0 days 00:00:00.082000,35.0,57.0
2,2025,Chinese Grand Prix,1255,9998,49,Shanghai,2025-03-23 15:00:00,1,Max Verstappen,VER,max_verstappen,red_bull,4.0,4.0,4,Finished,12.0,0 days 00:00:16.656000,56.0,27.215584415584413,0.0,2.188311688311688,0 days 00:00:00.176000,36.0,36.0
2,2025,Chinese Grand Prix,1255,9998,49,Shanghai,2025-03-23 15:00:00,31,Esteban Ocon,OCO,ocon,haas,5.0,11.0,5,Finished,10.0,0 days 00:00:49.969000,56.0,27.215584415584413,0.0,2.188311688311688,0 days 00:00:00.984000,10.0,14.0
2,2025,Chinese Grand Prix,1255,9998,49,Shanghai,2025-03-23 15:00:00,12,Kimi Antonelli,ANT,antonelli,mercedes,6.0,8.0,6,Finished,8.0,0 days 00:00:53.748000,56.0,27.215584415584413,0.0,2.188311688311688,0 days 00:00:00.462000,22.0,57.0
2,2025,Chinese Grand Prix,1255,9998,49,Shanghai,2025-03-23 15:00:00,23,Alexander Albon,ALB,albon,williams,7.0,10.0,7,Finished,6.0,0 days 00:00:56.321000,56.0,27.215584415584413,0.0,2.188311688311688,0 days 00:00:00.862000,16.0,17.0
2,2025,Chinese Grand Prix,1255,9998,49,Shanghai,2025-03-23 15:00:00,87,Oliver Bearman,BEA,bearman,haas,8.0,17.0,8,Finished,4.0,0 days 00:01:01.303000,56.0,27.215584415584413,0.0,2.188311688311688,0 days 00:00:01.377000,4.0,14.0
2,2025,Chinese Grand Prix,1255,9998,49,Shanghai,2025-03-23 15:00:00,18,Lance Stroll,STR,stroll,aston_martin,9.0,14.0,9,Finished,2.0,0 days 00:01:10.204000,56.0,27.215584415584413,0.0,2.188311688311688,0 days 00:00:01.132000,10.0,10.0
2,2025,Chinese Grand Prix,1255,9998,49,Shanghai,2025-03-23 15:00:00,55,Carlos Sainz,SAI,sainz,williams,10.0,15.0,10,Finished,1.0,0 days 00:01:16.387000,56.0,27.215584415584413,0.0,2.188311688311688,0 days 00:00:00.987000,1.0,17.0
2,2025,Chinese Grand Prix,1255,9998,49,Shanghai,2025-03-23 15:00:00,6,Isack Hadjar,HAD,hadjar,rb,11.0,7.0,11,Finished,0.0,0 days 00:01:18.875000,56.0,27.215584415584413,0.0,2.188311688311688,0 days 00:00:00.438000,0.0,3.0
2,2025,Chinese Grand Prix,1255,9998,49,Shanghai,2025-03-23 15:00:00,30,Liam Lawson,LAW,lawson,red_bull,12.0,20.0,12,Finished,0.0,0 days 00:01:21.147000,56.0,27.215584415584413,0.0,2.188311688311688,0 days 00:00:01.533000,0.0,36.0
2,2025,Chinese Grand Prix,1255,9998,49,Shanghai,2025-03-23 15:00:00,7,Jack Doohan,DOO,doohan,alpine,13.0,18.0,13,Finished,0.0,0 days 00:01:28.401000,56.0,27.215584415584413,0.0,2.188311688311688,0 days 00:00:01.451000,0.0,0.0
2,2025,Chinese Grand Prix,1255,9998,49,Shanghai,2025-03-23 15:00:00,5,Gabriel Bortoleto,BOR,bortoleto,sauber,14.0,19.0,14,Lapped,0.0,0 days 00:00:10.756000,55.0,27.215584415584413,0.0,2.188311688311688,0 days 00:00:01.500000,0.0,6.0
2,2025,Chinese Grand Prix,1255,9998,49,Shanghai,2025-03-23 15:00:00,27,Nico Hulkenberg,HUL,hulkenberg,sauber,15.0,12.0,15,Lapped,0.0,0 days 00:00:20.226000,55.0,27.215584415584413,0.0,2.188311688311688,0 days 00:00:00.991000,6.0,6.0
2,2025,Chinese Grand Prix,1255,9998,49,Shanghai,2025-03-23 15:00:00,22,Yuki Tsunoda,TSU,tsunoda,rb,16.0,9.0,16,Lapped,0.0,0 days 00:00:23.511000,55.0,27.215584415584413,0.0,2.188311688311688,0 days 00:00:00.597000,3.0,3.0
2,2025,Chinese Grand Prix,1255,9998,49,Shanghai,2025-03-23 15:00:00,14,Fernando Alonso,ALO,alonso,aston_martin,17.0,13.0,R,Retired,0.0,0 days 02:46:00,4.0,27.215584415584413,0.0,2.188311688311688,0 days 00:00:01.047000,0.0,10.0
2,2025,Chinese Grand Prix,1255,9998,49,Shanghai,2025-03-23 15:00:00,16,Charles Leclerc,LEC,leclerc,ferrari,18.0,6.0,D,Disqualified,0.0,0 days 02:46:00,0.0,27.215584415584413,0.0,2.188311688311688,0 days 00:00:00.380000,8.0,17.0
2,2025,Chinese Grand Prix,1255,9998,49,Shanghai,2025-03-23 15:00:00,44,Lewis Hamilton,HAM,hamilton,ferrari,19.0,5.0,D,Disqualified,0.0,0 days 02:46:00,0.0,27.215584415584413,0.0,2.188311688311688,0 days 00:00:00.286000,9.0,17.0
2,2025,Chinese Grand Prix,1255,9998,49,Shanghai,2025-03-23 15:00:00,10,Pierre Gasly,GAS,gasly,alpine,20.0,16.0,D,Disqualified,0.0,0 days 02:46:00,0.0,27.215584415584413,0.0,2.188311688311688,0 days 00:00:01.351000,0.0,0.0
3,2025,Japanese Grand Prix,1256,10006,46,Suzuka,2025-04-06 14:00:00,1,Max Verstappen,VER,max_verstappen,red_bull,1.0,1.0,1,Finished,25.0,0 days 01:22:06.983000,53.0,14.43,0.0,1.2021428571428572,0 days 00:00:00,61.0,61.0
3,2025,Japanese Grand Prix,1256,10006,46,Suzuka,2025-04-06 14:00:00,4,Lando Norris,NOR,norris,mclaren,2.0,2.0,2,Finished,18.0,0 days 00:00:01.423000,53.0,14.43,0.0,1.2021428571428572,0 days 00:00:00.012000,62.0,111.0
3,2025,Japanese Grand Prix,1256,10006,46,Suzuka,2025-04-06 14:00:00,81,Oscar Piastri,PIA,piastri,mclaren,3.0,3.0,3,Finished,15.0,0 days 00:00:02.129000,53.0,14.43,0.0,1.2021428571428572,0 days 00:00:00.044000,49.0,111.0
3,2025,Japanese Grand Prix,1256,10006,46,Suzuka,2025-04-06 14:00:00,16,Charles Leclerc,LEC,leclerc,ferrari,4.0,4.0,4,Finished,12.0,0 days 00:00:16.097000,53.0,14.43,0.0,1.2021428571428572,0 days 00:00:00.316000,20.0,35.0
3,2025,Japanese Grand Prix,1256,10006,46,Suzuka,2025-04-06 14:00:00,63,George Russell,RUS,russell,mercedes,5.0,5.0,5,Finished,10.0,0 days 00:00:17.362000,53.0,14.43,0.0,1.2021428571428572,0 days 00:00:00.335000,45.0,75.0
3,2025,Japanese Grand Prix,1256,10006,46,Suzuka,2025-04-06 14:00:00,12,Kimi Antonelli,ANT,antonelli,mercedes,6.0,6.0,6,Finished,8.0,0 days 00:00:18.671000,53.0,14.43,0.0,1.2021428571428572,0 days 00:00:00.572000,30.0,75.0
3,2025,Japanese Grand Prix,1256,10006,46,Suzuka,2025-04-06 14:00:00,44,Lewis Hamilton,HAM,hamilton,ferrari,7.0,8.0,7,Finished,6.0,0 days 00:00:29.182000,53.0,14.43,0.0,1.2021428571428572,0 days 00:00:00.627000,15.0,35.0
3,2025,Japanese Grand Prix,1256,10006,46,Suzuka,2025-04-06 14:00:00,6,Isack Hadjar,HAD,hadjar,rb,8.0,7.0,8,Finished,4.0,0 days 00:00:37.134000,53.0,14.43,0.0,1.2021428571428572,0 days 00:00:00.586000,4.0,7.0
3,2025,Japanese Grand Prix,1256,10006,46,Suzuka,2025-04-06 14:00:00,23,Alexander Albon,ALB,albon,williams,9.0,9.0,9,Finished,2.0,0 days 00:00:40.367000,53.0,14.43,0.0,1.2021428571428572,0 days 00:00:00.632000,18.0,19.0
3,2025,Japanese Grand Prix,1256,10006,46,Suzuka,2025-04-06 14:00:00,87,Oliver Bearman,BEA,bearman,haas,10.0,10.0,10,Finished,1.0,0 days 00:00:54.529000,53.0,14.43,0.0,1.2021428571428572,0 days 00:00:00.728000,5.0,15.0
3,2025,Japanese Grand Prix,1256,10006,46,Suzuka,2025-04-06 14:00:00,14,Fernando Alonso,ALO,alonso,aston_martin,11.0,12.0,11,Finished,0.0,0 days 00:00:57.333000,53.0,14.43,0.0,1.2021428571428572,0 days 00:00:00.914000,0.0,10.0
3,2025,Japanese Grand Prix,1256,10006,46,Suzuka,2025-04-06 14:00:00,22,Yuki Tsunoda,TSU,tsunoda,red_bull,12.0,14.0,12,Finished,0.0,0 days 00:00:58.401000,53.0,14.43,0.0,1.2021428571428572,0 days 00:00:00.984000,3.0,61.0
3,2025,Japanese Grand Prix,1256,10006,46,Suzuka,2025-04-06 14:00:00,10,Pierre Gasly,GAS,gasly,alpine,13.0,11.0,13,Finished,0.0,0 days 00:01:02.122000,53.0,14.43,0.0,1.2021428571428572,0 days 00:00:00.839000,0.0,0.0
3,2025,Japanese Grand Prix,1256,10006,46,Suzuka,2025-04-06 14:00:00,55,Carlos Sainz,SAI,sainz,williams,14.0,15.0,14,Finished,0.0,0 days 00:01:14.129000,53.0,14.43,0.0,1.2021428571428572,0 days 00:00:00.853000,1.0,19.0
3,2025,Japanese Grand Prix,1256,10006,46,Suzuka,2025-04-06 14:00:00,7,Jack Doohan,DOO,doohan,alpine,15.0,19.0,15,Finished,0.0,0 days 00:01:21.314000,53.0,14.43,0.0,1.2021428571428572,0 days 00:00:01.894000,0.0,0.0
3,2025,Japanese Grand Prix,1256,10006,46,Suzuka,2025-04-06 14:00:00,27,Nico Hulkenberg,HUL,hulkenberg,sauber,16.0,16.0,16,Finished,0.0,0 days 00:01:21.957000,53.0,14.43,0.0,1.2021428571428572,0 days 00:00:01.587000,6.0,6.0
3,2025,Japanese Grand Prix,1256,10006,46,Suzuka,2025-04-06 14:00:00,30,Liam Lawson,LAW,lawson,rb,17.0,13.0,17,Finished,0.0,0 days 00:01:22.734000,53.0,14.43,0.0,1.2021428571428572,0 days 00:00:00.923000,0.0,7.0
3,2025,Japanese Grand Prix,1256,10006,46,Suzuka,2025-04-06 14:00:00,31,Esteban Ocon,OCO,ocon,haas,18.0,18.0,18,Finished,0.0,0 days 00:01:23.438000,53.0,14.43,0.0,1.2021428571428572,0 days 00:00:01.713000,10.0,15.0
3,2025,Japanese Grand Prix,1256,10006,46,Suzuka,2025-04-06 14:00:00,5,Gabriel Bortoleto,BOR,bortoleto,sauber,19.0,17.0,19,Finished,0.0,0 days 00:01:23.897000,53.0,14.43,0.0,1.2021428571428572,0 days 00:00:01.639000,0.0,6.0
3,2025,Japanese Grand Prix,1256,10006,46,Suzuka,2025-04-06 14:00:00,18,Lance Stroll,STR,stroll,aston_martin,20.0,20.0,20,Lapped,0.0,0 days 00:00:12.929000,52.0,14.43,0.0,1.2021428571428572,0 days 00:00:02.288000,10.0,10.0
4,2025,Bahrain Grand Prix,1257,10014,63,Sakhir,2025-04-13 18:00:00,81,Oscar Piastri,PIA,piastri,mclaren,1.0,1.0,1,Finished,25.0,0 days 01:35:39.435000,57.0,27.052531645569623,0.0,2.1056962025316457,0 days 00:00:00,74.0,151.0
4,2025,Bahrain Grand Prix,1257,10014,63,Sakhir,2025-04-13 18:00:00,63,George Russell,RUS,russell,mercedes,2.0,3.0,2,Finished,18.0,0 days 00:00:15.499000,57.0,27.052531645569623,0.0,2.1056962025316457,0 days 00:00:00.168000,63.0,93.0
4,2025,Bahrain Grand Prix,1257,10014,63,Sakhir,2025-04-13 18:00:00,4,Lando Norris,NOR,norris,mclaren,3.0,6.0,3,Finished,15.0,0 days 00:00:16.273000,57.0,27.052531645569623,0.0,2.1056962025316457,0 days 00:00:00.426000,77.0,151.0
4,2025,Bahrain Grand Prix,1257,10014,63,Sakhir,2025-04-13 18:00:00,16,Charles Leclerc,LEC,leclerc,ferrari,4.0,2.0,4,Finished,12.0,0 days 00:00:19.679000,57.0,27.052531645569623,0.0,2.1056962025316457,0 days 00:00:00.334000,32.0,57.0
4,2025,Bahrain Grand Prix,1257,10014,63,Sakhir,2025-04-13 18:00:00,44,Lewis Hamilton,HAM,hamilton,ferrari,5.0,9.0,5,Finished,10.0,0 days 00:00:27.993000,57.0,27.052531645569623,0.0,2.1056962025316457,0 days 00:00:00.931000,25.0,57.0
4,2025,Bahrain Grand Prix,1257,10014,63,Sakhir,2025-04-13 18:00:00,1,Max Verstappen,VER,max_verstappen,red_bull,6.0,7.0,6,Finished,8.0,0 days 00:00:34.395000,57.0,27.052531645569623,0.0,2.1056962025316457,0 days 00:00:00.582000,69.0,71.0
4,2025,Bahrain Grand Prix,1257,10014,63,Sakhir,2025-04-13 18:00:00,10,Pierre Gasly,GAS,gasly,alpine,7.0,4.0,7,Finished,6.0,0 days 00:00:36.002000,57.0,27.052531645569623,0.0,2.1056962025316457,0 days 00:00:00.375000,6.0,6.0
4,2025,Bahrain Grand Prix,1257,10014,63,Sakhir,2025-04-13 18:00:00,31,Esteban Ocon,OCO,ocon,haas,8.0,14.0,8,Finished,4.0,0 days 00:00:44.244000,57.0,27.052531645569623,0.0,2.1056962025316457,0 days 00:00:01.753000,14.0,20.0
4,2025,Bahrain Grand Prix,1257,10014,63,Sakhir,2025-04-13 18:00:00,22,Yuki Tsunoda,TSU,tsunoda,red_bull,9.0,10.0,9,Finished,2.0,0 days 00:00:45.061000,57.0,27.052531645569623,0.0,2.1056962025316457,0 days 00:00:01.387000,5.0,71.0
4,2025,Bahrain Grand Prix,1257,10014,63,Sakhir,2025-04-13 18:00:00,87,Oliver Bearman,BEA,bearman,haas,10.0,20.0,10,Finished,1.0,0 days 00:00:47.594000,57.0,27.052531645569623,0.0,2.1056962025316457,0 days 00:00:02.532000,6.0,20.0
4,2025,Bahrain Grand Prix,1257,10014,63,Sakhir,2025-04-13 18:00:00,12,Kimi Antonelli,ANT,antonelli,mercedes,11.0,5.0,11,Finished,0.0,0 days 00:00:48.016000,57.0,27.052531645569623,0.0,2.1056962025316457,0 days 00:00:00.372000,30.0,93.0
4,2025,Bahrain Grand Prix,1257,10014,63,Sakhir,2025-04-13 18:00:00,23,Alexander Albon,ALB,albon,williams,12.0,15.0,12,Finished,0.0,0 days 00:00:48.839000,57.0,27.052531645569623,0.0,2.1056962025316457,0 days 00:00:02.199000,18.0,19.0
4,2025,Bahrain Grand Prix,1257,10014,63,Sakhir,2025-04-13 18:00:00,6,Isack Hadjar,HAD,hadjar,rb,13.0,12.0,13,Finished,0.0,0 days 00:00:56.314000,57.0,27.052531645569623,0.0,2.1056962025316457,0 days 00:00:01.430000,4.0,7.0
4,2025,Bahrain Grand Prix,1257,10014,63,Sakhir,2025-04-13 18:00:00,7,Jack Doohan,DOO,doohan,alpine,14.0,11.0,14,Finished,0.0,0 days 00:00:57.806000,57.0,27.052531645569623,0.0,2.1056962025316457,0 days 00:00:01.404000,0.0,6.0
4,2025,Bahrain Grand Prix,1257,10014,63,Sakhir,2025-04-13 18:00:00,14,Fernando Alonso,ALO,alonso,aston_martin,15.0,13.0,15,Finished,0.0,0 days 00:01:00.340000,57.0,27.052531645569623,0.0,2.1056962025316457,0 days 00:00:01.793000,0.0,10.0
4,2025,Bahrain Grand Prix,1257,10014,63,Sakhir,2025-04-13 18:00:00,30,Liam Lawson,LAW,lawson,rb,16.0,17.0,16,Finished,0.0,0 days 00:01:04.435000,57.0,27.052531645569623,0.0,2.1056962025316457,0 days 00:00:02.324000,0.0,7.0
4,2025,Bahrain Grand Prix,1257,10014,63,Sakhir,2025-04-13 18:00:00,18,Lance Stroll,STR,stroll,aston_martin,17.0,19.0,17,Finished,0.0,0 days 00:01:05.489000,57.0,27.052531645569623,0.0,2.1056962025316457,0 days 00:00:02.442000,10.0,10.0
4,2025,Bahrain Grand Prix,1257,10014,63,Sakhir,2025-04-13 18:00:00,5,Gabriel Bortoleto,BOR,bortoleto,sauber,18.0,18.0,18,Finished,0.0,0 days 00:01:06.872000,57.0,27.052531645569623,0.0,2.1056962025316457,0 days 00:00:02.345000,0.0,6.0
4,2025,Bahrain Grand Prix,1257,10014,63,Sakhir,2025-04-13 18:00:00,55,Carlos Sainz,SAI,sainz,williams,19.0,8.0,R,Retired,0.0,0 days 02:46:00,45.0,27.052531645569623,0.0,2.1056962025316457,0 days 00:00:00.839000,1.0,19.0
4,2025,Bahrain Grand Prix,1257,10014,63,Sakhir,2025-04-13 18:00:00,27,Nico Hulkenberg,HUL,hulkenberg,sauber,20.0,16.0,D,Disqualified,0.0,0 days 02:46:00,0.0,27.052531645569623,0.0,2.1056962025316457,0 days 00:00:02.226000,6.0,6.0
5,2025,Saudi Arabian Grand Prix,1258,10022,149,Jeddah,2025-04-20 20:00:00,81,Oscar Piastri,PIA,piastri,mclaren,1.0,2.0,1,Finished,25.0,0 days 01:21:06.758000,50.0,29.48380281690141,0.0,1.0260563380281689,0 days 00:00:00.010000,99.0,188.0
5,2025,Saudi Arabian Grand Prix,1258,10022,149,Jeddah,2025-04-20 20:00:00,1,Max Verstappen,VER,max_verstappen,red_bull,2.0,1.0,2,Finished,18.0,0 days 00:00:02.843000,50.0,29.48380281690141,0.0,1.0260563380281689,0 days 00:00:00,87.0,89.0
5,2025,Saudi Arabian Grand Prix,1258,10022,149,Jeddah,2025-04-20 20:00:00,16,Charles Leclerc,LEC,leclerc,ferrari,3.0,4.0,3,Finished,15.0,0 days 00:00:08.104000,50.0,29.48380281690141,0.0,1.0260563380281689,0 days 00:00:00.376000,47.0,78.0
5,2025,Saudi Arabian Grand Prix,1258,10022,149,Jeddah,2025-04-20 20:00:00,4,Lando Norris,NOR,norris,mclaren,4.0,10.0,4,Finished,12.0,0 days 00:00:09.196000,50.0,29.48380281690141,0.0,1.0260563380281689,0 days 00:00:00.187000,89.0,188.0
5,2025,Saudi Arabian Grand Prix,1258,10022,149,Jeddah,2025-04-20 20:00:00,63,George Russell,RUS,russell,mercedes,5.0,3.0,5,Finished,10.0,0 days 00:00:27.236000,50.0,29.48380281690141,0.0,1.0260563380281689,0 days 00:00:00.113000,73.0,111.0
5,2025,Saudi Arabian Grand Prix,1258,10022,149,Jeddah,2025-04-20 20:00:00,12,Kimi Antonelli,ANT,antonelli,mercedes,6.0,5.0,6,Finished,8.0,0 days 00:00:34.688000,50.0,29.48380281690141,0.0,1.0260563380281689,0 days 00:00:00.504000,38.0,111.0
5,2025,Saudi Arabian Grand Prix,1258,10022,149,Jeddah,2025-04-20 20:00:00,44,Lewis Hamilton,HAM,hamilton,ferrari,7.0,7.0,7,Finished,6.0,0 days 00:00:39.073000,50.0,29.48380281690141,0.0,1.0260563380281689,0 days 00:00:00.808000,31.0,78.0
5,2025,Saudi Arabian Grand Prix,1258,10022,149,Jeddah,2025-04-20 20:00:00,55,Carlos Sainz,SAI,sainz,williams,8.0,6.0,8,Finished,4.0,0 days 00:01:04.630000,50.0,29.48380281690141,0.0,1.0260563380281689,0 days 00:00:00.730000,5.0,25.0
5,2025,Saudi Arabian Grand Prix,1258,10022,149,Jeddah,2025-04-20 20:00:00,23,Alexander Albon,ALB,albon,williams,9.0,11.0,9,Finished,2.0,0 days 00:01:06.515000,50.0,29.48380281690141,0.0,1.0260563380281689,0 days 00:00:00.815000,20.0,25.0
5,2025,Saudi Arabian Grand Prix,1258,10022,149,Jeddah,2025-04-20 20:00:00,6,Isack Hadjar,HAD,hadjar,rb,10.0,14.0,10,Finished,1.0,0 days 00:01:07.091000,50.0,29.48380281690141,0.0,1.0260563380281689,0 days 00:00:01.124000,5.0,8.0
5,2025,Saudi Arabian Grand Prix,1258,10022,149,Jeddah,2025-04-20 20:00:00,14,Fernando Alonso,ALO,alonso,aston_martin,11.0,13.0,11,Finished,0.0,0 days 00:01:15.917000,50.0,29.48380281690141,0.0,1.0260563380281689,0 days 00:00:01.009000,0.0,10.0
5,2025,Saudi Arabian Grand Prix,1258,10022,149,Jeddah,2025-04-20 20:00:00,30,Liam Lawson,LAW,lawson,rb,12.0,12.0,12,Finished,0.0,0 days 00:01:18.451000,50.0,29.48380281690141,0.0,1.0260563380281689,0 days 00:00:00.897000,0.0,8.0
5,2025,Saudi Arabian Grand Prix,1258,10022,149,Jeddah,2025-04-20 20:00:00,87,Oliver Bearman,BEA,bearman,haas,13.0,15.0,13,Finished,0.0,0 days 00:01:19.194000,50.0,29.48380281690141,0.0,1.0260563380281689,0 days 00:00:01.242000,6.0,20.0
5,2025,Saudi Arabian Grand Prix,1258,10022,149,Jeddah,2025-04-20 20:00:00,31,Esteban Ocon,OCO,ocon,haas,14.0,19.0,14,Finished,0.0,0 days 00:01:39.723000,50.0,29.48380281690141,0.0,1.0260563380281689,0 days 00:00:01.798000,14.0,20.0
5,2025,Saudi Arabian Grand Prix,1258,10022,149,Jeddah,2025-04-20 20:00:00,27,Nico Hulkenberg,HUL,hulkenberg,sauber,15.0,18.0,15,Lapped,0.0,0 days 00:00:04.609000,49.0,29.48380281690141,0.0,1.0260563380281689,0 days 00:00:01.488000,6.0,6.0
5,2025,Saudi Arabian Grand Prix,1258,10022,149,Jeddah,2025-04-20 20:00:00,18,Lance Stroll,STR,stroll,aston_martin,16.0,16.0,16,Lapped,0.0,0 days 00:00:05.527000,49.0,29.48380281690141,0.0,1.0260563380281689,0 days 00:00:01.351000,10.0,10.0
5,2025,Saudi Arabian Grand Prix,1258,10022,149,Jeddah,2025-04-20 20:00:00,7,Jack Doohan,DOO,doohan,alpine,17.0,17.0,17,Lapped,0.0,0 days 00:00:19.264000,49.0,29.48380281690141,0.0,1.0260563380281689,0 days 00:00:01.445000,0.0,6.0
5,2025,Saudi Arabian Grand Prix,1258,10022,149,Jeddah,2025-04-20 20:00:00,5,Gabriel Bortoleto,BOR,bortoleto,sauber,18.0,20.0,18,Lapped,0.0,0 days 00:00:19.306000,49.0,29.48380281690141,0.0,1.0260563380281689,0 days 00:00:02.168000,0.0,6.0
5,2025,Saudi Arabian Grand Prix,1258,10022,149,Jeddah,2025-04-20 20:00:00,22,Yuki Tsunoda,TSU,tsunoda,red_bull,19.0,8.0,R,Retired,0.0,0 days 02:46:00,1.0,29.48380281690141,0.0,1.0260563380281689,0 days 00:00:00.696000,5.0,89.0
5,2025,Saudi Arabian Grand Prix,1258,10022,149,Jeddah,2025-04-20 20:00:00,10,Pierre Gasly,GAS,gasly,alpine,20.0,9.0,R,Retired,0.0,0 days 02:46:00,0.0,29.48380281690141,0.0,1.0260563380281689,0 days 00:00:00.731000,6.0,6.0
6,2025,Miami Grand Prix,1259,10033,151,Miami,2025-05-04 16:00:00,81,Oscar Piastri,PIA,piastri,mclaren,1.0,4.0,1,Finished,25.0,0 days 01:28:51.587000,57.0,26.57315436241611,0.0335570469798657,1.046979865771812,0 days 02:46:00,131.0,246.0
6,2025,Miami Grand Prix,1259,10033,151,Miami,2025-05-04 16:00:00,4,Lando Norris,NOR,norris,mclaren,2.0,2.0,2,Finished,18.0,0 days 00:00:04.630000,57.0,26.57315436241611,0.0335570469798657,1.046979865771812,0 days 02:46:00,115.0,246.0
6,2025,Miami Grand Prix,1259,10033,151,Miami,2025-05-04 16:00:00,63,George Russell,RUS,russell,mercedes,3.0,5.0,3,Finished,15.0,0 days 00:00:37.644000,57.0,26.57315436241611,0.0335570469798657,1.046979865771812,0 days 02:46:00,93.0,141.0
6,2025,Miami Grand Prix,1259,10033,151,Miami,2025-05-04 16:00:00,1,Max Verstappen,VER,max_verstappen,red_bull,4.0,1.0,4,Finished,12.0,0 days 00:00:39.956000,57.0,26.57315436241611,0.0335570469798657,1.046979865771812,0 days 02:46:00,99.0,105.0
6,2025,Miami Grand Prix,1259,10033,151,Miami,2025-05-04 16:00:00,23,Alexander Albon,ALB,albon,williams,5.0,7.0,5,Finished,10.0,0 days 00:00:48.067000,57.0,26.57315436241611,0.0335570469798657,1.046979865771812,0 days 02:46:00,30.0,37.0
6,2025,Miami Grand Prix,1259,10033,151,Miami,2025-05-04 16:00:00,12,Kimi Antonelli,ANT,antonelli,mercedes,6.0,3.0,6,Finished,8.0,0 days 00:00:55.502000,57.0,26.57315436241611,0.0335570469798657,1.046979865771812,0 days 02:46:00,48.0,141.0
6,2025,Miami Grand Prix,1259,10033,151,Miami,2025-05-04 16:00:00,16,Charles Leclerc,LEC,leclerc,ferrari,7.0,8.0,7,Finished,6.0,0 days 00:00:57.036000,57.0,26.57315436241611,0.0335570469798657,1.046979865771812,0 days 02:46:00,53.0,94.0
6,2025,Miami Grand Prix,1259,10033,151,Miami,2025-05-04 16:00:00,44,Lewis Hamilton,HAM,hamilton,ferrari,8.0,12.0,8,Finished,4.0,0 days 00:01:00.186000,57.0,26.57315436241611,0.0335570469798657,1.046979865771812,0 days 02:46:00,41.0,94.0
6,2025,Miami Grand Prix,1259,10033,151,Miami,2025-05-04 16:00:00,55,Carlos Sainz,SAI,sainz,williams,9.0,6.0,9,Finished,2.0,0 days 00:01:00.577000,57.0,26.57315436241611,0.0335570469798657,1.046979865771812,0 days 02:46:00,7.0,37.0
6,2025,Miami Grand Prix,1259,10033,151,Miami,2025-05-04 16:00:00,22,Yuki Tsunoda,TSU,tsunoda,red_bull,10.0,10.0,10,Finished,1.0,0 days 00:01:14.434000,57.0,26.57315436241611,0.0335570469798657,1.046979865771812,0 days 02:46:00,9.0,105.0
6,2025,Miami Grand Prix,1259,10033,151,Miami,2025-05-04 16:00:00,6,Isack Hadjar,HAD,hadjar,rb,11.0,11.0,11,Finished,0.0,0 days 00:01:14.602000,57.0,26.57315436241611,0.0335570469798657,1.046979865771812,0 days 02:46:00,5.0,8.0
6,2025,Miami Grand Prix,1259,10033,151,Miami,2025-05-04 16:00:00,31,Esteban Ocon,OCO,ocon,haas,12.0,9.0,12,Finished,0.0,0 days 00:01:22.006000,57.0,26.57315436241611,0.0335570469798657,1.046979865771812,0 days 02:46:00,14.0,20.0
6,2025,Miami Grand Prix,1259,10033,151,Miami,2025-05-04 16:00:00,10,Pierre Gasly,GAS,gasly,alpine,13.0,20.0,13,Finished,0.0,0 days 00:01:30.445000,57.0,26.57315436241611,0.0335570469798657,1.046979865771812,0 days 02:46:00,7.0,7.0
6,2025,Miami Grand Prix,1259,10033,151,Miami,2025-05-04 16:00:00,27,Nico Hulkenberg,HUL,hulkenberg,sauber,14.0,16.0,14,Lapped,0.0,0 days 00:00:01.155000,56.0,26.57315436241611,0.0335570469798657,1.046979865771812,0 days 02:46:00,6.0,6.0
6,2025,Miami Grand Prix,1259,10033,151,Miami,2025-05-04 16:00:00,14,Fernando Alonso,ALO,alonso,aston_martin,15.0,17.0,15,Lapped,0.0,0 days 00:00:20.979000,56.0,26.57315436241611,0.0335570469798657,1.046979865771812,0 days 02:46:00,0.0,14.0
6,2025,Miami Grand Prix,1259,10033,151,Miami,2025-05-04 16:00:00,18,Lance Stroll,STR,stroll,aston_martin,16.0,18.0,16,Lapped,0.0,0 days 00:00:25.162000,56.0,26.57315436241611,0.0335570469798657,1.046979865771812,0 days 02:46:00,14.0,14.0
6,2025,Miami Grand Prix,1259,10033,151,Miami,2025-05-04 16:00:00,30,Liam Lawson,LAW,lawson,rb,17.0,15.0,R,Retired,0.0,0 days 02:46:00,36.0,26.57315436241611,0.0335570469798657,1.046979865771812,0 days 02:46:00,0.0,8.0
6,2025,Miami Grand Prix,1259,10033,151,Miami,2025-05-04 16:00:00,5,Gabriel Bortoleto,BOR,bortoleto,sauber,18.0,13.0,R,Retired,0.0,0 days 02:46:00,30.0,26.57315436241611,0.0335570469798657,1.046979865771812,0 days 02:46:00,0.0,6.0
6,2025,Miami Grand Prix,1259,10033,151,Miami,2025-05-04 16:00:00,87,Oliver Bearman,BEA,bearman,haas,19.0,19.0,R,Retired,0.0,0 days 02:46:00,27.0,26.57315436241611,0.0335570469798657,1.046979865771812,0 days 02:46:00,6.0,20.0
6,2025,Miami Grand Prix,1259,10033,151,Miami,2025-05-04 16:00:00,7,Jack Doohan,DOO,doohan,alpine,20.0,14.0,R,Retired,0.0,0 days 02:46:00,0.0,26.57315436241611,0.0335570469798657,1.046979865771812,0 days 02:46:00,0.0,7.0
7,2025,Emilia Romagna Grand Prix,1260,9987,6,Imola,2025-05-18 15:00:00,1,Max Verstappen,VER,max_verstappen,red_bull,1.0,2.0,1,Finished,25.0,0 days 01:31:33.199000,63.0,23.964666666666663,0.0,3.248,0 days 00:00:00.034000,124.0,131.0
7,2025,Emilia Romagna Grand Prix,1260,9987,6,Imola,2025-05-18 15:00:00,4,Lando Norris,NOR,norris,mclaren,2.0,4.0,2,Finished,18.0,0 days 00:00:06.109000,63.0,23.964666666666663,0.0,3.248,0 days 00:00:00.292000,133.0,279.0
7,2025,Emilia Romagna Grand Prix,1260,9987,6,Imola,2025-05-18 15:00:00,81,Oscar Piastri,PIA,piastri,mclaren,3.0,1.0,3,Finished,15.0,0 days 00:00:12.956000,63.0,23.964666666666663,0.0,3.248,0 days 00:00:00,146.0,279.0
7,2025,Emilia Romagna Grand Prix,1260,9987,6,Imola,2025-05-18 15:00:00,44,Lewis Hamilton,HAM,hamilton,ferrari,4.0,12.0,4,Finished,12.0,0 days 00:00:14.356000,63.0,23.964666666666663,0.0,3.248,0 days 00:00:01.095000,53.0,114.0
7,2025,Emilia Romagna Grand Prix,1260,9987,6,Imola,2025-05-18 15:00:00,23,Alexander Albon,ALB,albon,williams,5.0,7.0,5,Finished,10.0,0 days 00:00:17.945000,63.0,23.964666666666663,0.0,3.248,0 days 00:00:00.803000,40.0,51.0
7,2025,Emilia Romagna Grand Prix,1260,9987,6,Imola,2025-05-18 15:00:00,16,Charles Leclerc,LEC,leclerc,ferrari,6.0,11.0,6,Finished,8.0,0 days 00:00:20.774000,63.0,23.964666666666663,0.0,3.248,0 days 00:00:00.934000,61.0,114.0
7,2025,Emilia Romagna Grand Prix,1260,9987,6,Imola,2025-05-18 15:00:00,63,George Russell,RUS,russell,mercedes,7.0,3.0,7,Finished,6.0,0 days 00:00:22.034000,63.0,23.964666666666663,0.0,3.248,0 days 00:00:00.137000,99.0,147.0
7,2025,Emilia Romagna Grand Prix,1260,9987,6,Imola,2025-05-18 15:00:00,55,Carlos Sainz,SAI,sainz,williams,8.0,6.0,8,Finished,4.0,0 days 00:00:22.898000,63.0,23.964666666666663,0.0,3.248,0 days 00:00:00.528000,11.0,51.0
7,2025,Emilia Romagna Grand Prix,1260,9987,6,Imola,2025-05-18 15:00:00,6,Isack Hadjar,HAD,hadjar,rb,9.0,9.0,9,Finished,2.0,0 days 00:00:23.586000,63.0,23.964666666666663,0.0,3.248,0 days 00:00:00.840000,7.0,10.0
7,2025,Emilia Romagna Grand Prix,1260,9987,6,Imola,2025-05-18 15:00:00,22,Yuki Tsunoda,TSU,tsunoda,red_bull,10.0,20.0,10,Finished,1.0,0 days 00:00:26.446000,63.0,23.964666666666663,0.0,3.248,0 days 02:46:00,10.0,131.0
7,2025,Emilia Romagna Grand Prix,1260,9987,6,Imola,2025-05-18 15:00:00,14,Fernando Alonso,ALO,alonso,aston_martin,11.0,5.0,11,Finished,0.0,0 days 00:00:27.250000,63.0,23.964666666666663,0.0,3.248,0 days 00:00:00.761000,0.0,14.0
7,2025,Emilia Romagna Grand Prix,1260,9987,6,Imola,2025-05-18 15:00:00,27,Nico Hulkenberg,HUL,hulkenberg,sauber,12.0,17.0,12,Finished,0.0,0 days 00:00:30.296000,63.0,23.964666666666663,0.0,3.248,0 days 00:00:01.848000,6.0,6.0
7,2025,Emilia Romagna Grand Prix,1260,9987,6,Imola,2025-05-18 15:00:00,10,Pierre Gasly,GAS,gasly,alpine,13.0,10.0,13,Finished,0.0,0 days 00:00:31.424000,63.0,23.964666666666663,0.0,3.248,0 days 00:00:00.835000,7.0,7.0
7,2025,Emilia Romagna Grand Prix,1260,9987,6,Imola,2025-05-18 15:00:00,30,Liam Lawson,LAW,lawson,rb,14.0,15.0,14,Finished,0.0,0 days 00:00:32.511000,63.0,23.964666666666663,0.0,3.248,0 days 00:00:01.709000,0.0,10.0
7,2025,Emilia Romagna Grand Prix,1260,9987,6,Imola,2025-05-18 15:00:00,18,Lance Stroll,STR,stroll,aston_martin,15.0,8.0,15,Finished,0.0,0 days 00:00:32.993000,63.0,23.964666666666663,0.0,3.248,0 days 00:00:00.827000,14.0,14.0
7,2025,Emilia Romagna Grand Prix,1260,9987,6,Imola,2025-05-18 15:00:00,43,Franco Colapinto,COL,colapinto,alpine,16.0,16.0,16,Finished,0.0,0 days 00:00:33.411000,63.0,23.964666666666663,0.0,3.248,0 days 00:00:01.586000,0.0,7.0
7,2025,Emilia Romagna Grand Prix,1260,9987,6,Imola,2025-05-18 15:00:00,87,Oliver Bearman,BEA,bearman,haas,17.0,19.0,17,Finished,0.0,0 days 00:00:33.808000,63.0,23.964666666666663,0.0,3.248,0 days 00:00:02.248000,6.0,20.0
7,2025,Emilia Romagna Grand Prix,1260,9987,6,Imola,2025-05-18 15:00:00,5,Gabriel Bortoleto,BOR,bortoleto,sauber,18.0,14.0,18,Finished,0.0,0 days 00:00:38.572000,63.0,23.964666666666663,0.0,3.248,0 days 00:00:01.590000,0.0,6.0
7,2025,Emilia Romagna Grand Prix,1260,9987,6,Imola,2025-05-18 15:00:00,12,Kimi Antonelli,ANT,antonelli,mercedes,19.0,13.0,R,Retired,0.0,0 days 02:46:00,44.0,23.964666666666663,0.0,3.248,0 days 00:00:01.102000,48.0,147.0
7,2025,Emilia Romagna Grand Prix,1260,9987,6,Imola,2025-05-18 15:00:00,31,Esteban Ocon,OCO,ocon,haas,20.0,18.0,R,Retired,0.0,0 days 02:46:00,27.0,23.964666666666663,0.0,3.248,0 days 00:00:01.943000,14.0,20.0
8,2025,Monaco Grand Prix,1261,9979,22,Monte Carlo,2025-05-25 15:00:00,4,Lando Norris,NOR,norris,mclaren,1.0,1.0,1,Finished,25.0,0 days 01:40:33.843000,78.0,22.209375,0.0,0.979375,0 days 00:00:00,158.0,319.0
8,2025,Monaco Grand Prix,1261,9979,22,Monte Carlo,2025-05-25 15:00:00,16,Charles Leclerc,LEC,leclerc,ferrari,2.0,2.0,2,Finished,18.0,0 days 00:00:03.131000,78.0,22.209375,0.0,0.979375,0 days 00:00:00.109000,79.0,142.0
8,2025,Monaco Grand Prix,1261,9979,22,Monte Carlo,2025-05-25 15:00:00,81,Oscar Piastri,PIA,piastri,mclaren,3.0,3.0,3,Finished,15.0,0 days 00:00:03.658000,78.0,22.209375,0.0,0.979375,0 days 00:00:00.175000,161.0,319.0
8,2025,Monaco Grand Prix,1261,9979,22,Monte Carlo,2025-05-25 15:00:00,1,Max Verstappen,VER,max_verstappen,red_bull,4.0,4.0,4,Finished,12.0,0 days 00:00:20.572000,78.0,22.209375,0.0,0.979375,0 days 00:00:00.715000,136.0,143.0
8,2025,Monaco Grand Prix,1261,9979,22,Monte Carlo,2025-05-25 15:00:00,44,Lewis Hamilton,HAM,hamilton,ferrari,5.0,7.0,5,Finished,10.0,0 days 00:00:51.387000,78.0,22.209375,0.0,0.979375,0 days 00:00:00.428000,63.0,142.0
8,2025,Monaco Grand Prix,1261,9979,22,Monte Carlo,2025-05-25 15:00:00,6,Isack Hadjar,HAD,hadjar,rb,6.0,5.0,6,Lapped,8.0,0 days 00:01:05.082000,77.0,22.209375,0.0,0.979375,0 days 00:00:00.969000,15.0,22.0
8,2025,Monaco Grand Prix,1261,9979,22,Monte Carlo,2025-05-25 15:00:00,31,Esteban Ocon,OCO,ocon,haas,7.0,8.0,7,Lapped,6.0,0 days 00:01:06.029000,77.0,22.209375,0.0,0.979375,0 days 00:00:00.988000,20.0,26.0
8,2025,Monaco Grand Prix,1261,9979,22,Monte Carlo,2025-05-25 15:00:00,30,Liam Lawson,LAW,lawson,rb,8.0,9.0,8,Lapped,4.0,0 days 00:01:06.746000,77.0,22.209375,0.0,0.979375,0 days 00:00:01.175000,4.0,22.0
8,2025,Monaco Grand Prix,1261,9979,22,Monte Carlo,2025-05-25 15:00:00,23,Alexander Albon,ALB,albon,williams,9.0,10.0,9,Lapped,2.0,0 days 00:00:11.869000,76.0,22.209375,0.0,0.979375,0 days 00:00:00.778000,42.0,54.0
8,2025,Monaco Grand Prix,1261,9979,22,Monte Carlo,2025-05-25 15:00:00,55,Carlos Sainz,SAI,sainz,williams,10.0,11.0,10,Lapped,1.0,0 days 00:00:15.232000,76.0,22.209375,0.0,0.979375,0 days 00:00:01.408000,12.0,54.0
8,2025,Monaco Grand Prix,1261,9979,22,Monte Carlo,2025-05-25 15:00:00,63,George Russell,RUS,russell,mercedes,11.0,14.0,11,Lapped,0.0,0 days 00:00:33.844000,76.0,22.209375,0.0,0.979375,0 days 00:00:01.553000,99.0,147.0
8,2025,Monaco Grand Prix,1261,9979,22,Monte Carlo,2025-05-25 15:00:00,87,Oliver Bearman,BEA,bearman,haas,12.0,20.0,12,Lapped,0.0,0 days 00:00:54.693000,76.0,22.209375,0.0,0.979375,0 days 00:00:02.025000,6.0,26.0
8,2025,Monaco Grand Prix,1261,9979,22,Monte Carlo,2025-05-25 15:00:00,43,Franco Colapinto,COL,colapinto,alpine,13.0,18.0,13,Lapped,0.0,0 days 00:00:57.114000,76.0,22.209375,0.0,0.979375,0 days 00:00:02.643000,0.0,7.0
8,2025,Monaco Grand Prix,1261,9979,22,Monte Carlo,2025-05-25 15:00:00,5,Gabriel Bortoleto,BOR,bortoleto,sauber,14.0,16.0,14,Lapped,0.0,0 days 00:01:08.424000,76.0,22.209375,0.0,0.979375,0 days 00:00:01.948000,0.0,6.0
8,2025,Monaco Grand Prix,1261,9979,22,Monte Carlo,2025-05-25 15:00:00,18,Lance Stroll,STR,stroll,aston_martin,15.0,19.0,15,Lapped,0.0,0 days 00:01:10.395000,76.0,22.209375,0.0,0.979375,0 days 00:00:02.609000,14.0,14.0
8,2025,Monaco Grand Prix,1261,9979,22,Monte Carlo,2025-05-25 15:00:00,27,Nico Hulkenberg,HUL,hulkenberg,sauber,16.0,13.0,16,Lapped,0.0,0 days 00:01:11.544000,76.0,22.209375,0.0,0.979375,0 days 00:00:01.642000,6.0,6.0
8,2025,Monaco Grand Prix,1261,9979,22,Monte Carlo,2025-05-25 15:00:00,22,Yuki Tsunoda,TSU,tsunoda,red_bull,17.0,12.0,17,Lapped,0.0,0 days 00:01:11.849000,76.0,22.209375,0.0,0.979375,0 days 00:00:01.461000,10.0,143.0
8,2025,Monaco Grand Prix,1261,9979,22,Monte Carlo,2025-05-25 15:00:00,12,Kimi Antonelli,ANT,antonelli,mercedes,18.0,15.0,18,Lapped,0.0,0 days 00:00:08.409000,75.0,22.209375,0.0,0.979375,0 days 00:00:01.926000,48.0,147.0
8,2025,Monaco Grand Prix,1261,9979,22,Monte Carlo,2025-05-25 15:00:00,14,Fernando Alonso,ALO,alonso,aston_martin,19.0,6.0,R,Retired,0.0,0 days 02:46:00,36.0,22.209375,0.0,0.979375,0 days 00:00:00.970000,0.0,14.0
8,2025,Monaco Grand Prix,1261,9979,22,Monte Carlo,2025-05-25 15:00:00,10,Pierre Gasly,GAS,gasly,alpine,20.0,17.0,R,Retired,0.0,0 days 02:46:00,7.0,22.209375,0.0,0.979375,0 days 00:00:02.040000,7.0,7.0
9,2025,Spanish Grand Prix,1262,9971,15,Catalunya,2025-06-01 15:00:00,81,Oscar Piastri,PIA,piastri,mclaren,1.0,1.0,1,Finished,25.0,0 days 01:32:57.375000,66.0,29.12,0.0,1.6329032258064515,0 days 00:00:00,186.0,362.0
9,2025,Spanish Grand Prix,1262,9971,15,Catalunya,2025-06-01 15:00:00,4,Lando Norris,NOR,norris,mclaren,2.0,2.0,2,Finished,18.0,0 days 00:00:02.471000,66.0,29.12,0.0,1.6329032258064515,0 days 00:00:00.209000,176.0,362.0
9,2025,Spanish Grand Prix,1262,9971,15,Catalunya,2025-06-01 15:00:00,16,Charles Leclerc,LEC,leclerc,ferrari,3.0,7.0,3,Finished,15.0,0 days 00:00:10.455000,66.0,29.12,0.0,1.6329032258064515,0 days 00:00:00.585000,94.0,165.0
9,2025,Spanish Grand Prix,1262,9971,15,Catalunya,2025-06-01 15:00:00,63,George Russell,RUS,russell,mercedes,4.0,4.0,4,Finished,12.0,0 days 00:00:11.359000,66.0,29.12,0.0,1.6329032258064515,0 days 00:00:00.302000,111.0,159.0
9,2025,Spanish Grand Prix,1262,9971,15,Catalunya,2025-06-01 15:00:00,27,Nico Hulkenberg,HUL,hulkenberg,sauber,5.0,15.0,5,Finished,10.0,0 days 00:00:13.648000,66.0,29.12,0.0,1.6329032258064515,0 days 00:00:01.644000,16.0,16.0
9,2025,Spanish Grand Prix,1262,9971,15,Catalunya,2025-06-01 15:00:00,44,Lewis Hamilton,HAM,hamilton,ferrari,6.0,5.0,6,Finished,8.0,0 days 00:00:15.508000,66.0,29.12,0.0,1.6329032258064515,0 days 00:00:00.499000,71.0,165.0
9,2025,Spanish Grand Prix,1262,9971,15,Catalunya,2025-06-01 15:00:00,6,Isack Hadjar,HAD,hadjar,rb,7.0,9.0,7,Finished,6.0,0 days 00:00:16.022000,66.0,29.12,0.0,1.6329032258064515,0 days 00:00:00.706000,21.0,28.0
9,2025,Spanish Grand Prix,1262,9971,15,Catalunya,2025-06-01 15:00:00,10,Pierre Gasly,GAS,gasly,alpine,8.0,8.0,8,Finished,4.0,0 days 00:00:17.882000,66.0,29.12,0.0,1.6329032258064515,0 days 00:00:00.653000,11.0,11.0
9,2025,Spanish Grand Prix,1262,9971,15,Catalunya,2025-06-01 15:00:00,14,Fernando Alonso,ALO,alonso,aston_martin,9.0,10.0,9,Finished,2.0,0 days 00:00:21.564000,66.0,29.12,0.0,1.6329032258064515,0 days 00:00:00.738000,2.0,16.0
9,2025,Spanish Grand Prix,1262,9971,15,Catalunya,2025-06-01 15:00:00,1,Max Verstappen,VER,max_verstappen,red_bull,10.0,3.0,10,Finished,1.0,0 days 00:00:21.826000,66.0,29.12,0.0,1.6329032258064515,0 days 00:00:00.302000,137.0,144.0
9,2025,Spanish Grand Prix,1262,9971,15,Catalunya,2025-06-01 15:00:00,30,Liam Lawson,LAW,lawson,rb,11.0,13.0,11,Finished,0.0,0 days 00:00:25.532000,66.0,29.12,0.0,1.6329032258064515,0 days 00:00:01.217000,4.0,28.0
9,2025,Spanish Grand Prix,1262,9971,15,Catalunya,2025-06-01 15:00:00,5,Gabriel Bortoleto,BOR,bortoleto,sauber,12.0,12.0,12,Finished,0.0,0 days 00:00:25.996000,66.0,29.12,0.0,1.6329032258064515,0 days 00:00:01.210000,0.0,16.0
9,2025,Spanish Grand Prix,1262,9971,15,Catalunya,2025-06-01 15:00:00,22,Yuki Tsunoda,TSU,tsunoda,red_bull,13.0,19.0,13,Finished,0.0,0 days 00:00:28.822000,66.0,29.12,0.0,1.6329032258064515,0 days 00:00:01.839000,10.0,144.0
9,2025,Spanish Grand Prix,1262,9971,15,Catalunya,2025-06-01 15:00:00,55,Carlos Sainz,SAI,sainz,williams,14.0,17.0,14,Finished,0.0,0 days 00:00:29.309000,66.0,29.12,0.0,1.6329032258064515,0 days 00:00:01.657000,12.0,54.0
9,2025,Spanish Grand Prix,1262,9971,15,Catalunya,2025-06-01 15:00:00,43,Franco Colapinto,COL,colapinto,alpine,15.0,18.0,15,Finished,0.0,0 days 00:00:31.381000,66.0,29.12,0.0,1.6329032258064515,0 days 00:00:01.788000,0.0,11.0
9,2025,Spanish Grand Prix,1262,9971,15,Catalunya,2025-06-01 15:00:00,31,Esteban Ocon,OCO,ocon,haas,16.0,16.0,16,Finished,0.0,0 days 00:00:32.197000,66.0,29.12,0.0,1.6329032258064515,0 days 00:00:01.655000,20.0,26.0
9,2025,Spanish Grand Prix,1262,9971,15,Catalunya,2025-06-01 15:00:00,87,Oliver Bearman,BEA,bearman,haas,17.0,14.0,17,Finished,0.0,0 days 00:00:37.065000,66.0,29.12,0.0,1.6329032258064515,0 days 00:00:01.528000,6.0,26.0
9,2025,Spanish Grand Prix,1262,9971,15,Catalunya,2025-06-01 15:00:00,12,Kimi Antonelli,ANT,antonelli,mercedes,18.0,6.0,R,Retired,0.0,0 days 02:46:00,53.0,29.12,0.0,1.6329032258064515,0 days 00:00:00.565000,48.0,159.0
9,2025,Spanish Grand Prix,1262,9971,15,Catalunya,2025-06-01 15:00:00,23,Alexander Albon,ALB,albon,williams,19.0,11.0,R,Retired,0.0,0 days 02:46:00,27.0,29.12,0.0,1.6329032258064515,0 days 00:00:01.095000,42.0,54.0
10,2025,Canadian Grand Prix,1263,9963,23,Montreal,2025-06-15 14:00:00,63,George Russell,RUS,russell,mercedes,1.0,1.0,1,Finished,25.0,0 days 01:31:52.688000,70.0,24.036526946107784,0.0059880239520958,1.0377245508982036,0 days 00:00:00,136.0,199.0
10,2025,Canadian Grand Prix,1263,9963,23,Montreal,2025-06-15 14:00:00,1,Max Verstappen,VER,max_verstappen,red_bull,2.0,2.0,2,Finished,18.0,0 days 00:00:00.228000,70.0,24.036526946107784,0.0059880239520958,1.0377245508982036,0 days 00:00:00.160000,155.0,162.0
10,2025,Canadian Grand Prix,1263,9963,23,Montreal,2025-06-15 14:00:00,12,Kimi Antonelli,ANT,antonelli,mercedes,3.0,4.0,3,Finished,15.0,0 days 00:00:01.014000,70.0,24.036526946107784,0.0059880239520958,1.0377245508982036,0 days 00:00:00.492000,63.0,199.0
10,2025,Canadian Grand Prix,1263,9963,23,Montreal,2025-06-15 14:00:00,81,Oscar Piastri,PIA,piastri,mclaren,4.0,3.0,4,Finished,12.0,0 days 00:00:02.109000,70.0,24.036526946107784,0.0059880239520958,1.0377245508982036,0 days 00:00:00.221000,198.0,374.0
10,2025,Canadian Grand Prix,1263,9963,23,Montreal,2025-06-15 14:00:00,16,Charles Leclerc,LEC,leclerc,ferrari,5.0,8.0,5,Finished,10.0,0 days 00:00:03.442000,70.0,24.036526946107784,0.0059880239520958,1.0377245508982036,0 days 00:00:00.727000,104.0,183.0
10,2025,Canadian Grand Prix,1263,9963,23,Montreal,2025-06-15 14:00:00,44,Lewis Hamilton,HAM,hamilton,ferrari,6.0,5.0,6,Finished,8.0,0 days 00:00:10.713000,70.0,24.036526946107784,0.0059880239520958,1.0377245508982036,0 days 00:00:00.627000,79.0,183.0
10,2025,Canadian Grand Prix,1263,9963,23,Montreal,2025-06-15 14:00:00,14,Fernando Alonso,ALO,alonso,aston_martin,7.0,6.0,7,Finished,6.0,0 days 00:00:10.972000,70.0,24.036526946107784,0.0059880239520958,1.0377245508982036,0 days 00:00:00.687000,8.0,22.0
10,2025,Canadian Grand Prix,1263,9963,23,Montreal,2025-06-15 14:00:00,27,Nico Hulkenberg,HUL,hulkenberg,sauber,8.0,11.0,8,Finished,4.0,0 days 00:00:15.364000,70.0,24.036526946107784,0.0059880239520958,1.0377245508982036,0 days 00:00:01.284000,20.0,20.0
10,2025,Canadian Grand Prix,1263,9963,23,Montreal,2025-06-15 14:00:00,31,Esteban Ocon,OCO,ocon,haas,9.0,14.0,9,Lapped,2.0,0 days 00:00:01.473000,69.0,24.036526946107784,0.0059880239520958,1.0377245508982036,0 days 00:00:01.479000,22.0,28.0
10,2025,Canadian Grand Prix,1263,9963,23,Montreal,2025-06-15 14:00:00,55,Carlos Sainz,SAI,sainz,williams,10.0,16.0,10,Lapped,1.0,0 days 00:00:01.886000,69.0,24.036526946107784,0.0059880239520958,1.0377245508982036,0 days 00:00:01.499000,13.0,55.0
10,2025,Canadian Grand Prix,1263,9963,23,Montreal,2025-06-15 14:00:00,87,Oliver Bearman,BEA,bearman,haas,11.0,13.0,11,Lapped,0.0,0 days 00:00:03.717000,69.0,24.036526946107784,0.0059880239520958,1.0377245508982036,0 days 00:00:01.407000,6.0,28.0
10,2025,Canadian Grand Prix,1263,9963,23,Montreal,2025-06-15 14:00:00,22,Yuki Tsunoda,TSU,tsunoda,red_bull,12.0,18.0,12,Lapped,0.0,0 days 00:00:05.456000,69.0,24.036526946107784,0.0059880239520958,1.0377245508982036,0 days 00:00:01.203000,10.0,162.0
10,2025,Canadian Grand Prix,1263,9963,23,Montreal,2025-06-15 14:00:00,43,Franco Colapinto,COL,colapinto,alpine,13.0,10.0,13,Lapped,0.0,0 days 00:00:07.018000,69.0,24.036526946107784,0.0059880239520958,1.0377245508982036,0 days 00:00:01.243000,0.0,11.0
10,2025,Canadian Grand Prix,1263,9963,23,Montreal,2025-06-15 14:00:00,5,Gabriel Bortoleto,BOR,bortoleto,sauber,14.0,15.0,14,Lapped,0.0,0 days 00:00:07.879000,69.0,24.036526946107784,0.0059880239520958,1.0377245508982036,0 days 00:00:01.486000,0.0,20.0
10,2025,Canadian Grand Prix,1263,9963,23,Montreal,2025-06-15 14:00:00,10,Pierre Gasly,GAS,gasly,alpine,15.0,20.0,15,Lapped,0.0,0 days 00:00:07.950000,69.0,24.036526946107784,0.0059880239520958,1.0377245508982036,0 days 00:00:01.768000,11.0,11.0
10,2025,Canadian Grand Prix,1263,9963,23,Montreal,2025-06-15 14:00:00,6,Isack Hadjar,HAD,hadjar,rb,16.0,12.0,16,Lapped,0.0,0 days 00:00:08.737000,69.0,24.036526946107784,0.0059880239520958,1.0377245508982036,0 days 00:00:00.968000,21.0,28.0
10,2025,Canadian Grand Prix,1263,9963,23,Montreal,2025-06-15 14:00:00,18,Lance Stroll,STR,stroll,aston_martin,17.0,17.0,17,Lapped,0.0,0 days 00:00:09.063000,69.0,24.036526946107784,0.0059880239520958,1.0377245508982036,0 days 00:00:01.618000,14.0,22.0
10,2025,Canadian Grand Prix,1263,9963,23,Montreal,2025-06-15 14:00:00,4,Lando Norris,NOR,norris,mclaren,18.0,7.0,18,Retired,0.0,0 days 02:46:00,66.0,24.036526946107784,0.0059880239520958,1.0377245508982036,0 days 00:00:00.700000,176.0,374.0
10,2025,Canadian Grand Prix,1263,9963,23,Montreal,2025-06-15 14:00:00,30,Liam Lawson,LAW,lawson,rb,19.0,19.0,R,Retired,0.0,0 days 02:46:00,53.0,24.036526946107784,0.0059880239520958,1.0377245508982036,0 days 00:00:01.626000,4.0,28.0
10,2025,Canadian Grand Prix,1263,9963,23,Montreal,2025-06-15 14:00:00,23,Alexander Albon,ALB,albon,williams,20.0,9.0,R,Retired,0.0,0 days 02:46:00,46.0,24.036526946107784,0.0059880239520958,1.0377245508982036,0 days 00:00:00.993000,42.0,55.0
11,2025,Austrian Grand Prix,1264,9955,19,Spielberg,2025-06-29 15:00:00,4,Lando Norris,NOR,norris,mclaren,1.0,1.0,1,Finished,25.0,0 days 01:23:47.693000,70.0,30.347826086956523,0.0,1.6180124223602483,0 days 00:00:00,201.0,417.0
11,2025,Austrian Grand Prix,1264,9955,19,Spielberg,2025-06-29 15:00:00,81,Oscar Piastri,PIA,piastri,mclaren,2.0,3.0,2,Finished,18.0,0 days 00:00:02.695000,70.0,30.347826086956523,0.0,1.6180124223602483,0 days 00:00:00.583000,216.0,417.0
11,2025,Austrian Grand Prix,1264,9955,19,Spielberg,2025-06-29 15:00:00,16,Charles Leclerc,LEC,leclerc,ferrari,3.0,2.0,3,Finished,15.0,0 days 00:00:19.820000,70.0,30.347826086956523,0.0,1.6180124223602483,0 days 00:00:00.521000,119.0,210.0
11,2025,Austrian Grand Prix,1264,9955,19,Spielberg,2025-06-29 15:00:00,44,Lewis Hamilton,HAM,hamilton,ferrari,4.0,4.0,4,Finished,12.0,0 days 00:00:29.020000,70.0,30.347826086956523,0.0,1.6180124223602483,0 days 00:00:00.611000,91.0,210.0
11,2025,Austrian Grand Prix,1264,9955,19,Spielberg,2025-06-29 15:00:00,63,George Russell,RUS,russell,mercedes,5.0,5.0,5,Finished,10.0,0 days 00:01:02.396000,70.0,30.347826086956523,0.0,1.6180124223602483,0 days 00:00:00.792000,146.0,209.0
11,2025,Austrian Grand Prix,1264,9955,19,Spielberg,2025-06-29 15:00:00,30,Liam Lawson,LAW,lawson,rb,6.0,6.0,6,Finished,8.0,0 days 00:01:07.754000,70.0,30.347826086956523,0.0,1.6180124223602483,0 days 00:00:00.955000,12.0,36.0
11,2025,Austrian Grand Prix,1264,9955,19,Spielberg,2025-06-29 15:00:00,14,Fernando Alonso,ALO,alonso,aston_martin,7.0,11.0,7,Lapped,6.0,0 days 00:00:01.437000,69.0,30.347826086956523,0.0,1.6180124223602483,0 days 00:00:01.157000,14.0,28.0
11,2025,Austrian Grand Prix,1264,9955,19,Spielberg,2025-06-29 15:00:00,5,Gabriel Bortoleto,BOR,bortoleto,sauber,8.0,8.0,8,Lapped,4.0,0 days 00:00:01.952000,69.0,30.347826086956523,0.0,1.6180124223602483,0 days 00:00:00.875000,4.0,26.0
11,2025,Austrian Grand Prix,1264,9955,19,Spielberg,2025-06-29 15:00:00,27,Nico Hulkenberg,HUL,hulkenberg,sauber,9.0,20.0,9,Lapped,2.0,0 days 00:00:07.720000,69.0,30.347826086956523,0.0,1.6180124223602483,0 days 00:00:01.635000,22.0,26.0
11,2025,Austrian Grand Prix,1264,9955,19,Spielberg,2025-06-29 15:00:00,31,Esteban Ocon,OCO,ocon,haas,10.0,17.0,10,Lapped,1.0,0 days 00:00:09.986000,69.0,30.347826086956523,0.0,1.6180124223602483,0 days 00:00:01.393000,23.0,29.0
11,2025,Austrian Grand Prix,1264,9955,19,Spielberg,2025-06-29 15:00:00,87,Oliver Bearman,BEA,bearman,haas,11.0,15.0,11,Lapped,0.0,0 days 00:00:24.854000,69.0,30.347826086956523,0.0,1.6180124223602483,0 days 00:00:01.247000,6.0,29.0
11,2025,Austrian Grand Prix,1264,9955,19,Spielberg,2025-06-29 15:00:00,6,Isack Hadjar,HAD,hadjar,rb,12.0,13.0,12,Lapped,0.0,0 days 00:00:27.957000,69.0,30.347826086956523,0.0,1.6180124223602483,0 days 00:00:01.092000,21.0,36.0
11,2025,Austrian Grand Prix,1264,9955,19,Spielberg,2025-06-29 15:00:00,10,Pierre Gasly,GAS,gasly,alpine,13.0,10.0,13,Lapped,0.0,0 days 00:00:33.055000,69.0,30.347826086956523,0.0,1.6180124223602483,0 days 00:00:00.875000,11.0,11.0
11,2025,Austrian Grand Prix,1264,9955,19,Spielberg,2025-06-29 15:00:00,18,Lance Stroll,STR,stroll,aston_martin,14.0,16.0,14,Lapped,0.0,0 days 00:00:34.462000,69.0,30.347826086956523,0.0,1.6180124223602483,0 days 00:00:01.358000,14.0,28.0
11,2025,Austrian Grand Prix,1264,9955,19,Spielberg,2025-06-29 15:00:00,43,Franco Colapinto,COL,colapinto,alpine,15.0,14.0,15,Lapped,0.0,0 days 00:00:42.692000,69.0,30.347826086956523,0.0,1.6180124223602483,0 days 00:00:01.307000,0.0,11.0
11,2025,Austrian Grand Prix,1264,9955,19,Spielberg,2025-06-29 15:00:00,22,Yuki Tsunoda,TSU,tsunoda,red_bull,16.0,18.0,16,Lapped,0.0,0 days 00:00:02.979000,68.0,30.347826086956523,0.0,1.6180124223602483,0 days 00:00:01.398000,10.0,162.0
11,2025,Austrian Grand Prix,1264,9955,19,Spielberg,2025-06-29 15:00:00,23,Alexander Albon,ALB,albon,williams,17.0,12.0,R,Retired,0.0,0 days 02:46:00,15.0,30.347826086956523,0.0,1.6180124223602483,0 days 00:00:01.172000,42.0,55.0
11,2025,Austrian Grand Prix,1264,9955,19,Spielberg,2025-06-29 15:00:00,1,Max Verstappen,VER,max_verstappen,red_bull,18.0,7.0,R,Retired,0.0,0 days 02:46:00,0.0,30.347826086956523,0.0,1.6180124223602483,0 days 00:00:00.865000,155.0,162.0
11,2025,Austrian Grand Prix,1264,9955,19,Spielberg,2025-06-29 15:00:00,12,Kimi Antonelli,ANT,antonelli,mercedes,19.0,9.0,R,Retired,0.0,0 days 02:46:00,0.0,30.347826086956523,0.0,1.6180124223602483,0 days 00:00:01.081000,63.0,209.0
11,2025,Austrian Grand Prix,1264,9955,19,Spielberg,2025-06-29 15:00:00,55,Carlos Sainz,SAI,sainz,williams,20.0,19.0,W,Did not start,0.0,0 days 02:46:00,0.0,30.347826086956523,0.0,1.6180124223602483,0 days 00:00:01.611000,13.0,55.0
12,2025,British Grand Prix,1277,9947,2,Silverstone,2025-07-06 15:00:00,4,Lando Norris,NOR,norris,mclaren,1.0,3.0,1,Finished,25.0,0 days 01:37:15.735000,52.0,17.91741935483871,0.1806451612903225,1.4832258064516128,0 days 00:00:00.118000,226.0,460.0
12,2025,British Grand Prix,1277,9947,2,Silverstone,2025-07-06 15:00:00,81,Oscar Piastri,PIA,piastri,mclaren,2.0,2.0,2,Finished,18.0,0 days 00:00:06.812000,52.0,17.91741935483871,0.1806451612903225,1.4832258064516128,0 days 00:00:00.103000,234.0,460.0
12,2025,British Grand Prix,1277,9947,2,Silverstone,2025-07-06 15:00:00,27,Nico Hulkenberg,HUL,hulkenberg,sauber,3.0,19.0,3,Finished,15.0,0 days 00:00:34.742000,52.0,17.91741935483871,0.1806451612903225,1.4832258064516128,0 days 00:00:01.682000,37.0,41.0
12,2025,British Grand Prix,1277,9947,2,Silverstone,2025-07-06 15:00:00,44,Lewis Hamilton,HAM,hamilton,ferrari,4.0,5.0,4,Finished,12.0,0 days 00:00:39.812000,52.0,17.91741935483871,0.1806451612903225,1.4832258064516128,0 days 00:00:00.192000,103.0,222.0
12,2025,British Grand Prix,1277,9947,2,Silverstone,2025-07-06 15:00:00,1,Max Verstappen,VER,max_verstappen,red_bull,5.0,1.0,5,Finished,10.0,0 days 00:00:56.781000,52.0,17.91741935483871,0.1806451612903225,1.4832258064516128,0 days 00:00:00,165.0,172.0
12,2025,British Grand Prix,1277,9947,2,Silverstone,2025-07-06 15:00:00,10,Pierre Gasly,GAS,gasly,alpine,6.0,8.0,6,Finished,8.0,0 days 00:00:59.857000,52.0,17.91741935483871,0.1806451612903225,1.4832258064516128,0 days 00:00:00.819000,19.0,19.0
12,2025,British Grand Prix,1277,9947,2,Silverstone,2025-07-06 15:00:00,18,Lance Stroll,STR,stroll,aston_martin,7.0,17.0,7,Finished,6.0,0 days 00:01:00.603000,52.0,17.91741935483871,0.1806451612903225,1.4832258064516128,0 days 00:00:01.612000,20.0,36.0
12,2025,British Grand Prix,1277,9947,2,Silverstone,2025-07-06 15:00:00,23,Alexander Albon,ALB,albon,williams,8.0,13.0,8,Finished,4.0,0 days 00:01:04.135000,52.0,17.91741935483871,0.1806451612903225,1.4832258064516128,0 days 00:00:00.997000,46.0,59.0
12,2025,British Grand Prix,1277,9947,2,Silverstone,2025-07-06 15:00:00,14,Fernando Alonso,ALO,alonso,aston_martin,9.0,7.0,9,Finished,2.0,0 days 00:01:05.858000,52.0,17.91741935483871,0.1806451612903225,1.4832258064516128,0 days 00:00:00.701000,16.0,36.0
12,2025,British Grand Prix,1277,9947,2,Silverstone,2025-07-06 15:00:00,63,George Russell,RUS,russell,mercedes,10.0,4.0,10,Finished,1.0,0 days 00:01:10.674000,52.0,17.91741935483871,0.1806451612903225,1.4832258064516128,0 days 00:00:00.137000,147.0,210.0
12,2025,British Grand Prix,1277,9947,2,Silverstone,2025-07-06 15:00:00,87,Oliver Bearman,BEA,bearman,haas,11.0,18.0,11,Finished,0.0,0 days 00:01:12.095000,52.0,17.91741935483871,0.1806451612903225,1.4832258064516128,0 days 00:00:00.579000,6.0,29.0
12,2025,British Grand Prix,1277,9947,2,Silverstone,2025-07-06 15:00:00,55,Carlos Sainz,SAI,sainz,williams,12.0,9.0,12,Finished,0.0,0 days 00:01:16.592000,52.0,17.91741935483871,0.1806451612903225,1.4832258064516128,0 days 00:00:00.854000,13.0,59.0
12,2025,British Grand Prix,1277,9947,2,Silverstone,2025-07-06 15:00:00,31,Esteban Ocon,OCO,ocon,haas,13.0,14.0,13,Finished,0.0,0 days 00:01:17.301000,52.0,17.91741935483871,0.1806451612903225,1.4832258064516128,0 days 00:00:01.058000,23.0,29.0
12,2025,British Grand Prix,1277,9947,2,Silverstone,2025-07-06 15:00:00,16,Charles Leclerc,LEC,leclerc,ferrari,14.0,6.0,14,Finished,0.0,0 days 00:01:24.477000,52.0,17.91741935483871,0.1806451612903225,1.4832258064516128,0 days 00:00:00.229000,119.0,222.0
12,2025,British Grand Prix,1277,9947,2,Silverstone,2025-07-06 15:00:00,22,Yuki Tsunoda,TSU,tsunoda,red_bull,15.0,11.0,15,Lapped,0.0,0 days 00:00:32.250000,51.0,17.91741935483871,0.1806451612903225,1.4832258064516128,0 days 00:00:00.934000,10.0,172.0
12,2025,British Grand Prix,1277,9947,2,Silverstone,2025-07-06 15:00:00,12,Kimi Antonelli,ANT,antonelli,mercedes,16.0,10.0,R,Retired,0.0,0 days 02:46:00,23.0,17.91741935483871,0.1806451612903225,1.4832258064516128,0 days 00:00:00.482000,63.0,210.0
12,2025,British Grand Prix,1277,9947,2,Silverstone,2025-07-06 15:00:00,6,Isack Hadjar,HAD,hadjar,rb,17.0,12.0,R,Retired,0.0,0 days 02:46:00,17.0,17.91741935483871,0.1806451612903225,1.4832258064516128,0 days 00:00:00.972000,21.0,36.0
12,2025,British Grand Prix,1277,9947,2,Silverstone,2025-07-06 15:00:00,5,Gabriel Bortoleto,BOR,bortoleto,sauber,18.0,16.0,R,Retired,0.0,0 days 02:46:00,3.0,17.91741935483871,0.1806451612903225,1.4832258064516128,0 days 00:00:01.554000,4.0,41.0
12,2025,British Grand Prix,1277,9947,2,Silverstone,2025-07-06 15:00:00,30,Liam Lawson,LAW,lawson,rb,19.0,15.0,R,Retired,0.0,0 days 02:46:00,0.0,17.91741935483871,0.1806451612903225,1.4832258064516128,0 days 00:00:01.548000,12.0,36.0
12,2025,British Grand Prix,1277,9947,2,Silverstone,2025-07-06 15:00:00,43,Franco Colapinto,COL,colapinto,alpine,20.0,20.0,W,Did not start,0.0,0 days 02:46:00,0.0,17.91741935483871,0.1806451612903225,1.4832258064516128,0 days 00:00:02.168000,0.0,19.0
13,2025,Belgian Grand Prix,1265,9939,7,Spa-Francorchamps,2025-07-27 15:00:00,81,Oscar Piastri,PIA,piastri,mclaren,1.0,2.0,1,Finished,25.0,0 days 01:25:22.601000,44.0,17.03004484304933,0.4573991031390134,1.446188340807175,0 days 00:00:00.064000,266.0,516.0
13,2025,Belgian Grand Prix,1265,9939,7,Spa-Francorchamps,2025-07-27 15:00:00,4,Lando Norris,NOR,norris,mclaren,2.0,1.0,2,Finished,18.0,0 days 00:00:03.415000,44.0,17.03004484304933,0.4573991031390134,1.446188340807175,0 days 00:00:00,250.0,516.0
13,2025,Belgian Grand Prix,1265,9939,7,Spa-Francorchamps,2025-07-27 15:00:00,16,Charles Leclerc,LEC,leclerc,ferrari,3.0,3.0,3,Finished,15.0,0 days 00:00:20.185000,44.0,17.03004484304933,0.4573991031390134,1.446188340807175,0 days 00:00:00.338000,139.0,248.0
13,2025,Belgian Grand Prix,1265,9939,7,Spa-Francorchamps,2025-07-27 15:00:00,1,Max Verstappen,VER,max_verstappen,red_bull,4.0,4.0,4,Finished,12.0,0 days 00:00:21.731000,44.0,17.03004484304933,0.4573991031390134,1.446188340807175,0 days 00:00:00.341000,185.0,192.0
13,2025,Belgian Grand Prix,1265,9939,7,Spa-Francorchamps,2025-07-27 15:00:00,63,George Russell,RUS,russell,mercedes,5.0,6.0,5,Finished,10.0,0 days 00:00:34.863000,44.0,17.03004484304933,0.4573991031390134,1.446188340807175,0 days 00:00:00.692000,157.0,220.0
13,2025,Belgian Grand Prix,1265,9939,7,Spa-Francorchamps,2025-07-27 15:00:00,23,Alexander Albon,ALB,albon,williams,6.0,5.0,6,Finished,8.0,0 days 00:00:39.926000,44.0,17.03004484304933,0.4573991031390134,1.446188340807175,0 days 00:00:00.639000,54.0,70.0
13,2025,Belgian Grand Prix,1265,9939,7,Spa-Francorchamps,2025-07-27 15:00:00,44,Lewis Hamilton,HAM,hamilton,ferrari,7.0,18.0,7,Finished,6.0,0 days 00:00:40.679000,44.0,17.03004484304933,0.4573991031390134,1.446188340807175,0 days 00:00:01.377000,109.0,248.0
13,2025,Belgian Grand Prix,1265,9939,7,Spa-Francorchamps,2025-07-27 15:00:00,30,Liam Lawson,LAW,lawson,rb,8.0,9.0,8,Finished,4.0,0 days 00:00:52.033000,44.0,17.03004484304933,0.4573991031390134,1.446188340807175,0 days 00:00:00.735000,16.0,41.0
13,2025,Belgian Grand Prix,1265,9939,7,Spa-Francorchamps,2025-07-27 15:00:00,5,Gabriel Bortoleto,BOR,bortoleto,sauber,9.0,10.0,9,Finished,2.0,0 days 00:00:56.434000,44.0,17.03004484304933,0.4573991031390134,1.446188340807175,0 days 00:00:00.774000,6.0,43.0
13,2025,Belgian Grand Prix,1265,9939,7,Spa-Francorchamps,2025-07-27 15:00:00,10,Pierre Gasly,GAS,gasly,alpine,10.0,13.0,10,Finished,1.0,0 days 00:01:12.714000,44.0,17.03004484304933,0.4573991031390134,1.446188340807175,0 days 00:00:01.071000,20.0,20.0
13,2025,Belgian Grand Prix,1265,9939,7,Spa-Francorchamps,2025-07-27 15:00:00,87,Oliver Bearman,BEA,bearman,haas,11.0,12.0,11,Finished,0.0,0 days 00:01:13.145000,44.0,17.03004484304933,0.4573991031390134,1.446188340807175,0 days 00:00:01.055000,8.0,35.0
13,2025,Belgian Grand Prix,1265,9939,7,Spa-Francorchamps,2025-07-27 15:00:00,27,Nico Hulkenberg,HUL,hulkenberg,sauber,12.0,14.0,12,Finished,0.0,0 days 00:01:13.628000,44.0,17.03004484304933,0.4573991031390134,1.446188340807175,0 days 00:00:01.145000,37.0,43.0
13,2025,Belgian Grand Prix,1265,9939,7,Spa-Francorchamps,2025-07-27 15:00:00,22,Yuki Tsunoda,TSU,tsunoda,red_bull,13.0,7.0,13,Finished,0.0,0 days 00:01:15.395000,44.0,17.03004484304933,0.4573991031390134,1.446188340807175,0 days 00:00:00.683000,10.0,192.0
13,2025,Belgian Grand Prix,1265,9939,7,Spa-Francorchamps,2025-07-27 15:00:00,18,Lance Stroll,STR,stroll,aston_martin,14.0,16.0,14,Finished,0.0,0 days 00:01:19.831000,44.0,17.03004484304933,0.4573991031390134,1.446188340807175,0 days 00:00:01.940000,20.0,36.0
13,2025,Belgian Grand Prix,1265,9939,7,Spa-Francorchamps,2025-07-27 15:00:00,31,Esteban Ocon,OCO,ocon,haas,15.0,11.0,15,Finished,0.0,0 days 00:01:26.063000,44.0,17.03004484304933,0.4573991031390134,1.446188340807175,0 days 00:00:00.963000,27.0,35.0
13,2025,Belgian Grand Prix,1265,9939,7,Spa-Francorchamps,2025-07-27 15:00:00,12,Kimi Antonelli,ANT,antonelli,mercedes,16.0,19.0,16,Finished,0.0,0 days 00:01:26.721000,44.0,17.03004484304933,0.4573991031390134,1.446188340807175,0 days 00:00:01.577000,63.0,220.0
13,2025,Belgian Grand Prix,1265,9939,7,Spa-Francorchamps,2025-07-27 15:00:00,14,Fernando Alonso,ALO,alonso,aston_martin,17.0,20.0,17,Finished,0.0,0 days 00:01:27.924000,44.0,17.03004484304933,0.4573991031390134,1.446188340807175,0 days 00:00:01.823000,16.0,36.0
13,2025,Belgian Grand Prix,1265,9939,7,Spa-Francorchamps,2025-07-27 15:00:00,55,Carlos Sainz,SAI,sainz,williams,18.0,17.0,18,Finished,0.0,0 days 00:01:32.024000,44.0,17.03004484304933,0.4573991031390134,1.446188340807175,0 days 00:00:01.129000,16.0,70.0
13,2025,Belgian Grand Prix,1265,9939,7,Spa-Francorchamps,2025-07-27 15:00:00,43,Franco Colapinto,COL,colapinto,alpine,19.0,15.0,19,Finished,0.0,0 days 00:01:35.250000,44.0,17.03004484304933,0.4573991031390134,1.446188340807175,0 days 00:00:01.460000,0.0,20.0
13,2025,Belgian Grand Prix,1265,9939,7,Spa-Francorchamps,2025-07-27 15:00:00,6,Isack Hadjar,HAD,hadjar,rb,20.0,8.0,20,Lapped,0.0,0 days 00:00:12.942000,43.0,17.03004484304933,0.4573991031390134,1.446188340807175,0 days 00:00:00.719000,22.0,41.0
14,2025,Hungarian Grand Prix,1266,9928,4,Hungaroring,2025-08-03 15:00:00,4,Lando Norris,NOR,norris,mclaren,1.0,3.0,1,Finished,25.0,0 days 01:35:21.231000,70.0,22.082165605095543,0.0,2.150955414012739,0 days 00:00:00,275.0,559.0
14,2025,Hungarian Grand Prix,1266,9928,4,Hungaroring,2025-08-03 15:00:00,81,Oscar Piastri,PIA,piastri,mclaren,2.0,2.0,2,Finished,18.0,0 days 00:00:00.698000,70.0,22.082165605095543,0.0,2.150955414012739,0 days 00:00:00.051000,284.0,559.0
14,2025,Hungarian Grand Prix,1266,9928,4,Hungaroring,2025-08-03 15:00:00,63,George Russell,RUS,russell,mercedes,3.0,4.0,3,Finished,15.0,0 days 00:00:21.916000,70.0,22.082165605095543,0.0,2.150955414012739,0 days 00:00:00.311000,172.0,236.0
14,2025,Hungarian Grand Prix,1266,9928,4,Hungaroring,2025-08-03 15:00:00,16,Charles Leclerc,LEC,leclerc,ferrari,4.0,1.0,4,Finished,12.0,0 days 00:00:42.560000,70.0,22.082165605095543,0.0,2.150955414012739,0 days 00:00:00.482000,151.0,260.0
14,2025,Hungarian Grand Prix,1266,9928,4,Hungaroring,2025-08-03 15:00:00,14,Fernando Alonso,ALO,alonso,aston_martin,5.0,5.0,5,Finished,10.0,0 days 00:00:59.040000,70.0,22.082165605095543,0.0,2.150955414012739,0 days 00:00:00.391000,26.0,52.0
14,2025,Hungarian Grand Prix,1266,9928,4,Hungaroring,2025-08-03 15:00:00,5,Gabriel Bortoleto,BOR,bortoleto,sauber,6.0,7.0,6,Finished,8.0,0 days 00:01:06.169000,70.0,22.082165605095543,0.0,2.150955414012739,0 days 00:00:00.696000,14.0,51.0
14,2025,Hungarian Grand Prix,1266,9928,4,Hungaroring,2025-08-03 15:00:00,18,Lance Stroll,STR,stroll,aston_martin,7.0,6.0,7,Finished,6.0,0 days 00:01:08.174000,70.0,22.082165605095543,0.0,2.150955414012739,0 days 00:00:00.239000,26.0,52.0
14,2025,Hungarian Grand Prix,1266,9928,4,Hungaroring,2025-08-03 15:00:00,30,Liam Lawson,LAW,lawson,rb,8.0,9.0,8,Finished,4.0,0 days 00:01:09.451000,70.0,22.082165605095543,0.0,2.150955414012739,0 days 00:00:00.740000,20.0,45.0
14,2025,Hungarian Grand Prix,1266,9928,4,Hungaroring,2025-08-03 15:00:00,1,Max Verstappen,VER,max_verstappen,red_bull,9.0,8.0,9,Finished,2.0,0 days 00:01:12.645000,70.0,22.082165605095543,0.0,2.150955414012739,0 days 00:00:00.657000,187.0,194.0
14,2025,Hungarian Grand Prix,1266,9928,4,Hungaroring,2025-08-03 15:00:00,12,Kimi Antonelli,ANT,antonelli,mercedes,10.0,15.0,10,Lapped,1.0,0 days 00:00:07.649000,69.0,22.082165605095543,0.0,2.150955414012739,0 days 00:00:00.892000,64.0,236.0
14,2025,Hungarian Grand Prix,1266,9928,4,Hungaroring,2025-08-03 15:00:00,6,Isack Hadjar,HAD,hadjar,rb,11.0,10.0,11,Lapped,0.0,0 days 00:00:08.500000,69.0,22.082165605095543,0.0,2.150955414012739,0 days 00:00:00.579000,22.0,45.0
14,2025,Hungarian Grand Prix,1266,9928,4,Hungaroring,2025-08-03 15:00:00,44,Lewis Hamilton,HAM,hamilton,ferrari,12.0,12.0,12,Lapped,0.0,0 days 00:00:09.861000,69.0,22.082165605095543,0.0,2.150955414012739,0 days 00:00:00.812000,109.0,260.0
14,2025,Hungarian Grand Prix,1266,9928,4,Hungaroring,2025-08-03 15:00:00,27,Nico Hulkenberg,HUL,hulkenberg,sauber,13.0,18.0,13,Lapped,0.0,0 days 00:00:31.268000,69.0,22.082165605095543,0.0,2.150955414012739,0 days 00:00:01.191000,37.0,51.0
14,2025,Hungarian Grand Prix,1266,9928,4,Hungaroring,2025-08-03 15:00:00,55,Carlos Sainz,SAI,sainz,williams,14.0,13.0,14,Lapped,0.0,0 days 00:00:33.326000,69.0,22.082165605095543,0.0,2.150955414012739,0 days 00:00:00.762000,16.0,70.0
14,2025,Hungarian Grand Prix,1266,9928,4,Hungaroring,2025-08-03 15:00:00,23,Alexander Albon,ALB,albon,williams,15.0,19.0,15,Lapped,0.0,0 days 00:00:38.111000,69.0,22.082165605095543,0.0,2.150955414012739,0 days 00:00:01.333000,54.0,70.0
14,2025,Hungarian Grand Prix,1266,9928,4,Hungaroring,2025-08-03 15:00:00,31,Esteban Ocon,OCO,ocon,haas,16.0,17.0,16,Lapped,0.0,0 days 00:00:45.258000,69.0,22.082165605095543,0.0,2.150955414012739,0 days 00:00:01.133000,27.0,35.0
14,2025,Hungarian Grand Prix,1266,9928,4,Hungaroring,2025-08-03 15:00:00,22,Yuki Tsunoda,TSU,tsunoda,red_bull,17.0,20.0,17,Lapped,0.0,0 days 00:00:46.943000,69.0,22.082165605095543,0.0,2.150955414012739,0 days 00:00:01.009000,10.0,194.0
14,2025,Hungarian Grand Prix,1266,9928,4,Hungaroring,2025-08-03 15:00:00,43,Franco Colapinto,COL,colapinto,alpine,18.0,14.0,18,Lapped,0.0,0 days 00:00:47.370000,69.0,22.082165605095543,0.0,2.150955414012739,0 days 00:00:00.985000,0.0,20.0
14,2025,Hungarian Grand Prix,1266,9928,4,Hungaroring,2025-08-03 15:00:00,10,Pierre Gasly,GAS,gasly,alpine,19.0,16.0,19,Lapped,0.0,0 days 00:00:56.344000,69.0,22.082165605095543,0.0,2.150955414012739,0 days 00:00:01.076000,20.0,20.0
14,2025,Hungarian Grand Prix,1266,9928,4,Hungaroring,2025-08-03 15:00:00,87,Oliver Bearman,BEA,bearman,haas,20.0,11.0,R,Retired,0.0,0 days 02:46:00,48.0,22.082165605095543,0.0,2.150955414012739,0 days 00:00:00.804000,8.0,35.0
15,2025,Dutch Grand Prix,1267,9920,55,Zandvoort,2025-08-31 15:00:00,81,Oscar Piastri,PIA,piastri,mclaren,1.0,1.0,1,Finished,25.0,0 days 01:38:29.849000,72.0,20.07735849056604,0.0,2.170440251572327,0 days 00:00:00,309.0,584.0
15,2025,Dutch Grand Prix,1267,9920,55,Zandvoort,2025-08-31 15:00:00,1,Max Verstappen,VER,max_verstappen,red_bull,2.0,3.0,2,Finished,18.0,0 days 00:00:01.271000,72.0,20.07735849056604,0.0,2.170440251572327,0 days 00:00:00.263000,205.0,214.0
15,2025,Dutch Grand Prix,1267,9920,55,Zandvoort,2025-08-31 15:00:00,6,Isack Hadjar,HAD,hadjar,rb,3.0,4.0,3,Finished,15.0,0 days 00:00:03.233000,72.0,20.07735849056604,0.0,2.170440251572327,0 days 00:00:00.546000,37.0,60.0
15,2025,Dutch Grand Prix,1267,9920,55,Zandvoort,2025-08-31 15:00:00,63,George Russell,RUS,russell,mercedes,4.0,5.0,4,Finished,12.0,0 days 00:00:05.654000,72.0,20.07735849056604,0.0,2.170440251572327,0 days 00:00:00.593000,184.0,248.0
15,2025,Dutch Grand Prix,1267,9920,55,Zandvoort,2025-08-31 15:00:00,23,Alexander Albon,ALB,albon,williams,5.0,15.0,5,Finished,10.0,0 days 00:00:06.327000,72.0,20.07735849056604,0.0,2.170440251572327,0 days 00:00:00.990000,64.0,80.0
15,2025,Dutch Grand Prix,1267,9920,55,Zandvoort,2025-08-31 15:00:00,87,Oliver Bearman,BEA,bearman,haas,6.0,20.0,6,Finished,8.0,0 days 00:00:09.044000,72.0,20.07735849056604,0.0,2.170440251572327,0 days 00:00:01.600000,16.0,44.0
15,2025,Dutch Grand Prix,1267,9920,55,Zandvoort,2025-08-31 15:00:00,18,Lance Stroll,STR,stroll,aston_martin,7.0,19.0,7,Finished,6.0,0 days 00:00:09.497000,72.0,20.07735849056604,0.0,2.170440251572327,0 days 02:46:00,32.0,62.0
15,2025,Dutch Grand Prix,1267,9920,55,Zandvoort,2025-08-31 15:00:00,14,Fernando Alonso,ALO,alonso,aston_martin,8.0,10.0,8,Finished,4.0,0 days 00:00:11.709000,72.0,20.07735849056604,0.0,2.170440251572327,0 days 00:00:00.704000,30.0,62.0
15,2025,Dutch Grand Prix,1267,9920,55,Zandvoort,2025-08-31 15:00:00,22,Yuki Tsunoda,TSU,tsunoda,red_bull,9.0,12.0,9,Finished,2.0,0 days 00:00:13.597000,72.0,20.07735849056604,0.0,2.170440251572327,0 days 00:00:00.960000,12.0,214.0
15,2025,Dutch Grand Prix,1267,9920,55,Zandvoort,2025-08-31 15:00:00,31,Esteban Ocon,OCO,ocon,haas,10.0,18.0,10,Finished,1.0,0 days 00:00:14.063000,72.0,20.07735849056604,0.0,2.170440251572327,0 days 00:00:01.535000,28.0,44.0
15,2025,Dutch Grand Prix,1267,9920,55,Zandvoort,2025-08-31 15:00:00,43,Franco Colapinto,COL,colapinto,alpine,11.0,16.0,11,Finished,0.0,0 days 00:00:14.511000,72.0,20.07735849056604,0.0,2.170440251572327,0 days 00:00:01.442000,0.0,20.0
15,2025,Dutch Grand Prix,1267,9920,55,Zandvoort,2025-08-31 15:00:00,30,Liam Lawson,LAW,lawson,rb,12.0,8.0,12,Finished,0.0,0 days 00:00:17.063000,72.0,20.07735849056604,0.0,2.170440251572327,0 days 00:00:00.721000,20.0,60.0
15,2025,Dutch Grand Prix,1267,9920,55,Zandvoort,2025-08-31 15:00:00,55,Carlos Sainz,SAI,sainz,williams,13.0,9.0,13,Finished,0.0,0 days 00:00:17.376000,72.0,20.07735849056604,0.0,2.170440251572327,0 days 00:00:00.810000,16.0,80.0
15,2025,Dutch Grand Prix,1267,9920,55,Zandvoort,2025-08-31 15:00:00,27,Nico Hulkenberg,HUL,hulkenberg,sauber,14.0,17.0,14,Finished,0.0,0 days 00:00:19.725000,72.0,20.07735849056604,0.0,2.170440251572327,0 days 00:00:01.533000,37.0,51.0
15,2025,Dutch Grand Prix,1267,9920,55,Zandvoort,2025-08-31 15:00:00,5,Gabriel Bortoleto,BOR,bortoleto,sauber,15.0,13.0,15,Finished,0.0,0 days 00:00:21.565000,72.0,20.07735849056604,0.0,2.170440251572327,0 days 00:00:00.960000,14.0,51.0
15,2025,Dutch Grand Prix,1267,9920,55,Zandvoort,2025-08-31 15:00:00,12,Kimi Antonelli,ANT,antonelli,mercedes,16.0,11.0,16,Finished,0.0,0 days 00:00:22.029000,72.0,20.07735849056604,0.0,2.170440251572327,0 days 00:00:00.831000,64.0,248.0
15,2025,Dutch Grand Prix,1267,9920,55,Zandvoort,2025-08-31 15:00:00,10,Pierre Gasly,GAS,gasly,alpine,17.0,14.0,17,Finished,0.0,0 days 00:00:23.629000,72.0,20.07735849056604,0.0,2.170440251572327,0 days 00:00:00.975000,20.0,20.0
15,2025,Dutch Grand Prix,1267,9920,55,Zandvoort,2025-08-31 15:00:00,4,Lando Norris,NOR,norris,mclaren,18.0,2.0,18,Retired,0.0,0 days 02:46:00,64.0,20.07735849056604,0.0,2.170440251572327,0 days 00:00:00.012000,275.0,584.0
15,2025,Dutch Grand Prix,1267,9920,55,Zandvoort,2025-08-31 15:00:00,16,Charles Leclerc,LEC,leclerc,ferrari,19.0,6.0,R,Retired,0.0,0 days 02:46:00,52.0,20.07735849056604,0.0,2.170440251572327,0 days 00:00:00.642000,151.0,260.0
15,2025,Dutch Grand Prix,1267,9920,55,Zandvoort,2025-08-31 15:00:00,44,Lewis Hamilton,HAM,hamilton,ferrari,20.0,7.0,R,Retired,0.0,0 days 02:46:00,22.0,20.07735849056604,0.0,2.170440251572327,0 days 00:00:00.599000,109.0,260.0
16,2025,Italian Grand Prix,1268,9912,39,Monza,2025-09-07 15:00:00,1,Max Verstappen,VER,max_verstappen,red_bull,1.0,1.0,1,Finished,25.0,0 days 01:13:24.325000,53.0,26.76111111111111,0.0,1.9604166666666667,0 days 00:00:00,230.0,239.0
16,2025,Italian Grand Prix,1268,9912,39,Monza,2025-09-07 15:00:00,4,Lando Norris,NOR,norris,mclaren,2.0,2.0,2,Finished,18.0,0 days 00:00:19.207000,53.0,26.76111111111111,0.0,1.9604166666666667,0 days 00:00:00.077000,293.0,617.0
16,2025,Italian Grand Prix,1268,9912,39,Monza,2025-09-07 15:00:00,81,Oscar Piastri,PIA,piastri,mclaren,3.0,3.0,3,Finished,15.0,0 days 00:00:21.351000,53.0,26.76111111111111,0.0,1.9604166666666667,0 days 00:00:00.190000,324.0,617.0
16,2025,Italian Grand Prix,1268,9912,39,Monza,2025-09-07 15:00:00,16,Charles Leclerc,LEC,leclerc,ferrari,4.0,4.0,4,Finished,12.0,0 days 00:00:25.624000,53.0,26.76111111111111,0.0,1.9604166666666667,0 days 00:00:00.215000,163.0,280.0
16,2025,Italian Grand Prix,1268,9912,39,Monza,2025-09-07 15:00:00,63,George Russell,RUS,russell,mercedes,5.0,5.0,5,Finished,10.0,0 days 00:00:32.881000,53.0,26.76111111111111,0.0,1.9604166666666667,0 days 00:00:00.365000,194.0,260.0
16,2025,Italian Grand Prix,1268,9912,39,Monza,2025-09-07 15:00:00,44,Lewis Hamilton,HAM,hamilton,ferrari,6.0,10.0,6,Finished,8.0,0 days 00:00:37.449000,53.0,26.76111111111111,0.0,1.9604166666666667,0 days 00:00:00.332000,117.0,280.0
16,2025,Italian Grand Prix,1268,9912,39,Monza,2025-09-07 15:00:00,23,Alexander Albon,ALB,albon,williams,7.0,14.0,7,Finished,6.0,0 days 00:00:50.537000,53.0,26.76111111111111,0.0,1.9604166666666667,0 days 00:00:00.791000,70.0,86.0
16,2025,Italian Grand Prix,1268,9912,39,Monza,2025-09-07 15:00:00,5,Gabriel Bortoleto,BOR,bortoleto,sauber,8.0,7.0,8,Finished,4.0,0 days 00:00:58.484000,53.0,26.76111111111111,0.0,1.9604166666666667,0 days 00:00:00.531000,18.0,55.0
16,2025,Italian Grand Prix,1268,9912,39,Monza,2025-09-07 15:00:00,12,Kimi Antonelli,ANT,antonelli,mercedes,9.0,6.0,9,Finished,2.0,0 days 00:00:59.762000,53.0,26.76111111111111,0.0,1.9604166666666667,0 days 00:00:00.408000,66.0,260.0
16,2025,Italian Grand Prix,1268,9912,39,Monza,2025-09-07 15:00:00,6,Isack Hadjar,HAD,hadjar,rb,10.0,19.0,10,Finished,1.0,0 days 00:01:03.891000,53.0,26.76111111111111,0.0,1.9604166666666667,0 days 00:00:01.125000,38.0,61.0
16,2025,Italian Grand Prix,1268,9912,39,Monza,2025-09-07 15:00:00,55,Carlos Sainz,SAI,sainz,williams,11.0,13.0,11,Finished,0.0,0 days 00:01:04.469000,53.0,26.76111111111111,0.0,1.9604166666666667,0 days 00:00:00.736000,16.0,86.0
16,2025,Italian Grand Prix,1268,9912,39,Monza,2025-09-07 15:00:00,87,Oliver Bearman,BEA,bearman,haas,12.0,11.0,12,Finished,0.0,0 days 00:01:19.288000,53.0,26.76111111111111,0.0,1.9604166666666667,0 days 00:00:00.654000,16.0,44.0
16,2025,Italian Grand Prix,1268,9912,39,Monza,2025-09-07 15:00:00,22,Yuki Tsunoda,TSU,tsunoda,red_bull,13.0,9.0,13,Finished,0.0,0 days 00:01:20.701000,53.0,26.76111111111111,0.0,1.9604166666666667,0 days 00:00:00.641000,12.0,239.0
16,2025,Italian Grand Prix,1268,9912,39,Monza,2025-09-07 15:00:00,30,Liam Lawson,LAW,lawson,rb,14.0,18.0,14,Finished,0.0,0 days 00:01:22.351000,53.0,26.76111111111111,0.0,1.9604166666666667,0 days 00:00:01.487000,20.0,61.0
16,2025,Italian Grand Prix,1268,9912,39,Monza,2025-09-07 15:00:00,31,Esteban Ocon,OCO,ocon,haas,15.0,15.0,15,Lapped,0.0,0 days 00:00:02.135000,52.0,26.76111111111111,0.0,1.9604166666666667,0 days 00:00:00.915000,28.0,44.0
16,2025,Italian Grand Prix,1268,9912,39,Monza,2025-09-07 15:00:00,10,Pierre Gasly,GAS,gasly,alpine,16.0,20.0,16,Lapped,0.0,0 days 00:00:05.837000,52.0,26.76111111111111,0.0,1.9604166666666667,0 days 00:00:01.311000,20.0,20.0
16,2025,Italian Grand Prix,1268,9912,39,Monza,2025-09-07 15:00:00,43,Franco Colapinto,COL,colapinto,alpine,17.0,17.0,17,Lapped,0.0,0 days 00:00:07.448000,52.0,26.76111111111111,0.0,1.9604166666666667,0 days 00:00:01.200000,0.0,20.0
16,2025,Italian Grand Prix,1268,9912,39,Monza,2025-09-07 15:00:00,18,Lance Stroll,STR,stroll,aston_martin,18.0,16.0,18,Lapped,0.0,0 days 00:00:09.301000,52.0,26.76111111111111,0.0,1.9604166666666667,0 days 00:00:01.156000,32.0,62.0
16,2025,Italian Grand Prix,1268,9912,39,Monza,2025-09-07 15:00:00,14,Fernando Alonso,ALO,alonso,aston_martin,19.0,8.0,R,Retired,0.0,0 days 02:46:00,24.0,26.76111111111111,0.0,1.9604166666666667,0 days 00:00:00.570000,30.0,62.0
16,2025,Italian Grand Prix,1268,9912,39,Monza,2025-09-07 15:00:00,27,Nico Hulkenberg,HUL,hulkenberg,sauber,20.0,12.0,W,Did not start,0.0,0 days 02:46:00,0.0,26.76111111111111,0.0,1.9604166666666667,0 days 00:00:00.706000,37.0,55.0
17,2025,Azerbaijan Grand Prix,1269,9904,144,Baku,2025-09-21 15:00:00,1,Max Verstappen,VER,max_verstappen,red_bull,1.0,1.0,1,Finished,25.0,0 days 01:33:26.408000,51.0,20.55192307692308,0.0,1.507051282051282,0 days 00:00:00,255.0,272.0
17,2025,Azerbaijan Grand Prix,1269,9904,144,Baku,2025-09-21 15:00:00,63,George Russell,RUS,russell,mercedes,2.0,5.0,2,Finished,18.0,0 days 00:00:14.609000,51.0,20.55192307692308,0.0,1.507051282051282,0 days 00:00:00.338000,212.0,290.0
17,2025,Azerbaijan Grand Prix,1269,9904,144,Baku,2025-09-21 15:00:00,55,Carlos Sainz,SAI,sainz,williams,3.0,2.0,3,Finished,15.0,0 days 00:00:19.199000,51.0,20.55192307692308,0.0,1.507051282051282,0 days 00:00:00.478000,31.0,101.0
17,2025,Azerbaijan Grand Prix,1269,9904,144,Baku,2025-09-21 15:00:00,12,Kimi Antonelli,ANT,antonelli,mercedes,4.0,4.0,4,Finished,12.0,0 days 00:00:21.760000,51.0,20.55192307692308,0.0,1.507051282051282,0 days 00:00:00.347000,78.0,290.0
17,2025,Azerbaijan Grand Prix,1269,9904,144,Baku,2025-09-21 15:00:00,30,Liam Lawson,LAW,lawson,rb,5.0,3.0,5,Finished,10.0,0 days 00:00:33.290000,51.0,20.55192307692308,0.0,1.507051282051282,0 days 00:00:00.420000,30.0,72.0
17,2025,Azerbaijan Grand Prix,1269,9904,144,Baku,2025-09-21 15:00:00,22,Yuki Tsunoda,TSU,tsunoda,red_bull,6.0,6.0,6,Finished,8.0,0 days 00:00:33.808000,51.0,20.55192307692308,0.0,1.507051282051282,0 days 00:00:00.671000,20.0,272.0
17,2025,Azerbaijan Grand Prix,1269,9904,144,Baku,2025-09-21 15:00:00,4,Lando Norris,NOR,norris,mclaren,7.0,7.0,7,Finished,6.0,0 days 00:00:34.227000,51.0,20.55192307692308,0.0,1.507051282051282,0 days 00:00:00.205000,299.0,623.0
17,2025,Azerbaijan Grand Prix,1269,9904,144,Baku,2025-09-21 15:00:00,44,Lewis Hamilton,HAM,hamilton,ferrari,8.0,12.0,8,Finished,4.0,0 days 00:00:36.310000,51.0,20.55192307692308,0.0,1.507051282051282,0 days 00:00:00.704000,121.0,286.0
17,2025,Azerbaijan Grand Prix,1269,9904,144,Baku,2025-09-21 15:00:00,16,Charles Leclerc,LEC,leclerc,ferrari,9.0,10.0,9,Finished,2.0,0 days 00:00:36.774000,51.0,20.55192307692308,0.0,1.507051282051282,0 days 00:00:00.341000,165.0,286.0
17,2025,Azerbaijan Grand Prix,1269,9904,144,Baku,2025-09-21 15:00:00,6,Isack Hadjar,HAD,hadjar,rb,10.0,8.0,10,Finished,1.0,0 days 00:00:38.982000,51.0,20.55192307692308,0.0,1.507051282051282,0 days 00:00:00.530000,39.0,72.0
17,2025,Azerbaijan Grand Prix,1269,9904,144,Baku,2025-09-21 15:00:00,5,Gabriel Bortoleto,BOR,bortoleto,sauber,11.0,13.0,11,Finished,0.0,0 days 00:01:07.606000,51.0,20.55192307692308,0.0,1.507051282051282,0 days 00:00:01.160000,18.0,55.0
17,2025,Azerbaijan Grand Prix,1269,9904,144,Baku,2025-09-21 15:00:00,87,Oliver Bearman,BEA,bearman,haas,12.0,15.0,12,Finished,0.0,0 days 00:01:08.262000,51.0,20.55192307692308,0.0,1.507051282051282,0 days 00:00:01.549000,16.0,44.0
17,2025,Azerbaijan Grand Prix,1269,9904,144,Baku,2025-09-21 15:00:00,23,Alexander Albon,ALB,albon,williams,13.0,19.0,13,Finished,0.0,0 days 00:01:12.870000,51.0,20.55192307692308,0.0,1.507051282051282,0 days 00:00:02.661000,70.0,101.0
17,2025,Azerbaijan Grand Prix,1269,9904,144,Baku,2025-09-21 15:00:00,31,Esteban Ocon,OCO,ocon,haas,14.0,20.0,14,Finished,0.0,0 days 00:01:17.580000,51.0,20.55192307692308,0.0,1.507051282051282,0 days 02:46:00,28.0,44.0
17,2025,Azerbaijan Grand Prix,1269,9904,144,Baku,2025-09-21 15:00:00,14,Fernando Alonso,ALO,alonso,aston_martin,15.0,11.0,15,Finished,0.0,0 days 00:01:18.707000,51.0,20.55192307692308,0.0,1.507051282051282,0 days 00:00:00.740000,30.0,62.0
17,2025,Azerbaijan Grand Prix,1269,9904,144,Baku,2025-09-21 15:00:00,27,Nico Hulkenberg,HUL,hulkenberg,sauber,16.0,17.0,16,Finished,0.0,0 days 00:01:20.237000,51.0,20.55192307692308,0.0,1.507051282051282,0 days 00:00:01.799000,37.0,55.0
17,2025,Azerbaijan Grand Prix,1269,9904,144,Baku,2025-09-21 15:00:00,18,Lance Stroll,STR,stroll,aston_martin,17.0,14.0,17,Finished,0.0,0 days 00:01:36.392000,51.0,20.55192307692308,0.0,1.507051282051282,0 days 00:00:00.984000,32.0,62.0
17,2025,Azerbaijan Grand Prix,1269,9904,144,Baku,2025-09-21 15:00:00,10,Pierre Gasly,GAS,gasly,alpine,18.0,18.0,18,Lapped,0.0,0 days 00:00:03.865000,50.0,20.55192307692308,0.0,1.507051282051282,0 days 00:00:02.022000,20.0,20.0
17,2025,Azerbaijan Grand Prix,1269,9904,144,Baku,2025-09-21 15:00:00,43,Franco Colapinto,COL,colapinto,alpine,19.0,16.0,19,Lapped,0.0,0 days 00:00:06.325000,50.0,20.55192307692308,0.0,1.507051282051282,0 days 00:00:01.662000,0.0,20.0
17,2025,Azerbaijan Grand Prix,1269,9904,144,Baku,2025-09-21 15:00:00,81,Oscar Piastri,PIA,piastri,mclaren,20.0,9.0,R,Retired,0.0,0 days 02:46:00,0.0,20.55192307692308,0.0,1.507051282051282,0 days 00:00:00.297000,324.0,623.0
18,2025,Singapore Grand Prix,1270,9896,61,Singapore,2025-10-05 20:00:00,63,George Russell,RUS,russell,mercedes,1.0,1.0,1,Finished,25.0,0 days 01:40:22.367000,62.0,29.072049689440995,0.0372670807453416,1.1111801242236026,0 days 00:00:00,237.0,325.0
18,2025,Singapore Grand Prix,1270,9896,61,Singapore,2025-10-05 20:00:00,1,Max Verstappen,VER,max_verstappen,red_bull,2.0,2.0,2,Finished,18.0,0 days 00:00:05.430000,62.0,29.072049689440995,0.0372670807453416,1.1111801242236026,0 days 00:00:00.182000,273.0,290.0
18,2025,Singapore Grand Prix,1270,9896,61,Singapore,2025-10-05 20:00:00,4,Lando Norris,NOR,norris,mclaren,3.0,5.0,3,Finished,15.0,0 days 00:00:06.066000,62.0,29.072049689440995,0.0372670807453416,1.1111801242236026,0 days 00:00:00.428000,314.0,650.0
18,2025,Singapore Grand Prix,1270,9896,61,Singapore,2025-10-05 20:00:00,81,Oscar Piastri,PIA,piastri,mclaren,4.0,3.0,4,Finished,12.0,0 days 00:00:08.146000,62.0,29.072049689440995,0.0372670807453416,1.1111801242236026,0 days 00:00:00.366000,336.0,650.0
18,2025,Singapore Grand Prix,1270,9896,61,Singapore,2025-10-05 20:00:00,12,Kimi Antonelli,ANT,antonelli,mercedes,5.0,4.0,5,Finished,10.0,0 days 00:00:33.681000,62.0,29.072049689440995,0.0372670807453416,1.1111801242236026,0 days 00:00:00.379000,88.0,325.0
18,2025,Singapore Grand Prix,1270,9896,61,Singapore,2025-10-05 20:00:00,16,Charles Leclerc,LEC,leclerc,ferrari,6.0,7.0,6,Finished,8.0,0 days 00:00:45.996000,62.0,29.072049689440995,0.0372670807453416,1.1111801242236026,0 days 00:00:00.626000,173.0,298.0
18,2025,Singapore Grand Prix,1270,9896,61,Singapore,2025-10-05 20:00:00,14,Fernando Alonso,ALO,alonso,aston_martin,7.0,10.0,7,Finished,6.0,0 days 00:01:20.667000,62.0,29.072049689440995,0.0372670807453416,1.1111801242236026,0 days 00:00:00.797000,36.0,68.0
18,2025,Singapore Grand Prix,1270,9896,61,Singapore,2025-10-05 20:00:00,44,Lewis Hamilton,HAM,hamilton,ferrari,8.0,6.0,8,Finished,4.0,0 days 00:01:25.251000,62.0,29.072049689440995,0.0372670807453416,1.1111801242236026,0 days 00:00:00.530000,125.0,298.0
18,2025,Singapore Grand Prix,1270,9896,61,Singapore,2025-10-05 20:00:00,87,Oliver Bearman,BEA,bearman,haas,9.0,9.0,9,Finished,2.0,0 days 00:01:33.527000,62.0,29.072049689440995,0.0372670807453416,1.1111801242236026,0 days 00:00:00.710000,18.0,46.0
18,2025,Singapore Grand Prix,1270,9896,61,Singapore,2025-10-05 20:00:00,55,Carlos Sainz,SAI,sainz,williams,10.0,18.0,10,Lapped,1.0,0 days 00:00:10.754000,61.0,29.072049689440995,0.0372670807453416,1.1111801242236026,0 days 02:46:00,32.0,102.0
18,2025,Singapore Grand Prix,1270,9896,61,Singapore,2025-10-05 20:00:00,6,Isack Hadjar,HAD,hadjar,rb,11.0,8.0,11,Lapped,0.0,0 days 00:00:17.335000,61.0,29.072049689440995,0.0372670807453416,1.1111801242236026,0 days 00:00:00.688000,39.0,72.0
18,2025,Singapore Grand Prix,1270,9896,61,Singapore,2025-10-05 20:00:00,22,Yuki Tsunoda,TSU,tsunoda,red_bull,12.0,13.0,12,Lapped,0.0,0 days 00:00:19.269000,61.0,29.072049689440995,0.0372670807453416,1.1111801242236026,0 days 00:00:01.195000,20.0,290.0
18,2025,Singapore Grand Prix,1270,9896,61,Singapore,2025-10-05 20:00:00,18,Lance Stroll,STR,stroll,aston_martin,13.0,15.0,13,Lapped,0.0,0 days 00:00:24.490000,61.0,29.072049689440995,0.0372670807453416,1.1111801242236026,0 days 00:00:01.791000,32.0,68.0
18,2025,Singapore Grand Prix,1270,9896,61,Singapore,2025-10-05 20:00:00,23,Alexander Albon,ALB,albon,williams,14.0,20.0,14,Lapped,0.0,0 days 00:00:25.320000,61.0,29.072049689440995,0.0372670807453416,1.1111801242236026,0 days 02:46:00,70.0,102.0
18,2025,Singapore Grand Prix,1270,9896,61,Singapore,2025-10-05 20:00:00,30,Liam Lawson,LAW,lawson,rb,15.0,12.0,15,Lapped,0.0,0 days 00:00:27.145000,61.0,29.072049689440995,0.0372670807453416,1.1111801242236026,0 days 00:00:01.162000,30.0,72.0
18,2025,Singapore Grand Prix,1270,9896,61,Singapore,2025-10-05 20:00:00,43,Franco Colapinto,COL,colapinto,alpine,16.0,16.0,16,Lapped,0.0,0 days 00:00:42.890000,61.0,29.072049689440995,0.0372670807453416,1.1111801242236026,0 days 00:00:01.824000,0.0,20.0
18,2025,Singapore Grand Prix,1270,9896,61,Singapore,2025-10-05 20:00:00,5,Gabriel Bortoleto,BOR,bortoleto,sauber,17.0,14.0,17,Lapped,0.0,0 days 00:00:46.753000,61.0,29.072049689440995,0.0372670807453416,1.1111801242236026,0 days 00:00:01.662000,18.0,55.0
18,2025,Singapore Grand Prix,1270,9896,61,Singapore,2025-10-05 20:00:00,31,Esteban Ocon,OCO,ocon,haas,18.0,17.0,18,Lapped,0.0,0 days 00:00:47.133000,61.0,29.072049689440995,0.0372670807453416,1.1111801242236026,0 days 00:00:01.831000,28.0,46.0
18,2025,Singapore Grand Prix,1270,9896,61,Singapore,2025-10-05 20:00:00,10,Pierre Gasly,GAS,gasly,alpine,19.0,19.0,19,Lapped,0.0,0 days 00:00:47.461000,61.0,29.072049689440995,0.0372670807453416,1.1111801242236026,0 days 00:00:02.103000,20.0,20.0
18,2025,Singapore Grand Prix,1270,9896,61,Singapore,2025-10-05 20:00:00,27,Nico Hulkenberg,HUL,hulkenberg,sauber,20.0,11.0,20,Lapped,0.0,0 days 00:00:49.040000,61.0,29.072049689440995,0.0372670807453416,1.1111801242236026,0 days 00:00:00.983000,37.0,55.0
19,2025,United States Grand Prix,1271,9888,9,Austin,2025-10-19 14:00:00,1,Max Verstappen,VER,max_verstappen,red_bull,1.0,1.0,1,Finished,25.0,0 days 01:34:00.161000,56.0,28.267532467532465,0.0,2.0824675324675326,0 days 00:00:00,306.0,331.0
19,2025,United States Grand Prix,1271,9888,9,Austin,2025-10-19 14:00:00,4,Lando Norris,NOR,norris,mclaren,2.0,2.0,2,Finished,18.0,0 days 00:00:07.959000,56.0,28.267532467532465,0.0,2.0824675324675326,0 days 00:00:00.291000,332.0,678.0
19,2025,United States Grand Prix,1271,9888,9,Austin,2025-10-19 14:00:00,16,Charles Leclerc,LEC,leclerc,ferrari,3.0,3.0,3,Finished,15.0,0 days 00:00:15.373000,56.0,28.267532467532465,0.0,2.0824675324675326,0 days 00:00:00.297000,192.0,334.0
19,2025,United States Grand Prix,1271,9888,9,Austin,2025-10-19 14:00:00,44,Lewis Hamilton,HAM,hamilton,ferrari,4.0,5.0,4,Finished,12.0,0 days 00:00:28.536000,56.0,28.267532467532465,0.0,2.0824675324675326,0 days 00:00:00.402000,142.0,334.0
19,2025,United States Grand Prix,1271,9888,9,Austin,2025-10-19 14:00:00,81,Oscar Piastri,PIA,piastri,mclaren,5.0,6.0,5,Finished,10.0,0 days 00:00:29.678000,56.0,28.267532467532465,0.0,2.0824675324675326,0 days 00:00:00.574000,346.0,678.0
19,2025,United States Grand Prix,1271,9888,9,Austin,2025-10-19 14:00:00,63,George Russell,RUS,russell,mercedes,6.0,4.0,6,Finished,8.0,0 days 00:00:33.456000,56.0,28.267532467532465,0.0,2.0824675324675326,0 days 00:00:00.316000,252.0,341.0
19,2025,United States Grand Prix,1271,9888,9,Austin,2025-10-19 14:00:00,22,Yuki Tsunoda,TSU,tsunoda,red_bull,7.0,13.0,7,Finished,6.0,0 days 00:00:52.714000,56.0,28.267532467532465,0.0,2.0824675324675326,0 days 00:00:00.956000,28.0,331.0
19,2025,United States Grand Prix,1271,9888,9,Austin,2025-10-19 14:00:00,27,Nico Hulkenberg,HUL,hulkenberg,sauber,8.0,11.0,8,Finished,4.0,0 days 00:00:57.249000,56.0,28.267532467532465,0.0,2.0824675324675326,0 days 00:00:00.824000,41.0,59.0
19,2025,United States Grand Prix,1271,9888,9,Austin,2025-10-19 14:00:00,87,Oliver Bearman,BEA,bearman,haas,9.0,8.0,9,Finished,2.0,0 days 00:01:04.722000,56.0,28.267532467532465,0.0,2.0824675324675326,0 days 00:00:00.629000,20.0,48.0
19,2025,United States Grand Prix,1271,9888,9,Austin,2025-10-19 14:00:00,14,Fernando Alonso,ALO,alonso,aston_martin,10.0,10.0,10,Finished,1.0,0 days 00:01:10.001000,56.0,28.267532467532465,0.0,2.0824675324675326,0 days 00:00:00.650000,37.0,69.0
19,2025,United States Grand Prix,1271,9888,9,Austin,2025-10-19 14:00:00,30,Liam Lawson,LAW,lawson,rb,11.0,12.0,11,Finished,0.0,0 days 00:01:13.209000,56.0,28.267532467532465,0.0,2.0824675324675326,0 days 00:00:00.850000,30.0,72.0
19,2025,United States Grand Prix,1271,9888,9,Austin,2025-10-19 14:00:00,18,Lance Stroll,STR,stroll,aston_martin,12.0,19.0,12,Finished,0.0,0 days 00:01:14.778000,56.0,28.267532467532465,0.0,2.0824675324675326,0 days 00:00:02.030000,32.0,69.0
19,2025,United States Grand Prix,1271,9888,9,Austin,2025-10-19 14:00:00,12,Kimi Antonelli,ANT,antonelli,mercedes,13.0,7.0,13,Finished,0.0,0 days 00:01:15.746000,56.0,28.267532467532465,0.0,2.0824675324675326,0 days 00:00:00.534000,89.0,341.0
19,2025,United States Grand Prix,1271,9888,9,Austin,2025-10-19 14:00:00,23,Alexander Albon,ALB,albon,williams,14.0,18.0,14,Finished,0.0,0 days 00:01:20,56.0,28.267532467532465,0.0,2.0824675324675326,0 days 00:00:02.180000,73.0,111.0
19,2025,United States Grand Prix,1271,9888,9,Austin,2025-10-19 14:00:00,31,Esteban Ocon,OCO,ocon,haas,15.0,17.0,15,Finished,0.0,0 days 00:01:23.043000,56.0,28.267532467532465,0.0,2.0824675324675326,0 days 00:00:01.626000,28.0,48.0
19,2025,United States Grand Prix,1271,9888,9,Austin,2025-10-19 14:00:00,6,Isack Hadjar,HAD,hadjar,rb,16.0,20.0,16,Finished,0.0,0 days 00:01:32.807000,56.0,28.267532467532465,0.0,2.0824675324675326,0 days 02:46:00,39.0,72.0
19,2025,United States Grand Prix,1271,9888,9,Austin,2025-10-19 14:00:00,43,Franco Colapinto,COL,colapinto,alpine,17.0,15.0,17,Lapped,0.0,0 days 00:00:02.307000,55.0,28.267532467532465,0.0,2.0824675324675326,0 days 00:00:01.529000,0.0,20.0
19,2025,United States Grand Prix,1271,9888,9,Austin,2025-10-19 14:00:00,5,Gabriel Bortoleto,BOR,bortoleto,sauber,18.0,16.0,18,Lapped,0.0,0 days 00:00:03.557000,55.0,28.267532467532465,0.0,2.0824675324675326,0 days 00:00:01.615000,18.0,59.0
19,2025,United States Grand Prix,1271,9888,9,Austin,2025-10-19 14:00:00,10,Pierre Gasly,GAS,gasly,alpine,19.0,14.0,19,Lapped,0.0,0 days 00:00:06.155000,55.0,28.267532467532465,0.0,2.0824675324675326,0 days 00:00:01.089000,20.0,20.0
19,2025,United States Grand Prix,1271,9888,9,Austin,2025-10-19 14:00:00,55,Carlos Sainz,SAI,sainz,williams,20.0,9.0,R,Retired,0.0,0 days 02:46:00,5.0,28.267532467532465,0.0,2.0824675324675326,0 days 00:00:00.614000,38.0,111.0
20,2025,Mexico City Grand Prix,1272,9877,65,Mexico City,2025-10-26 14:00:00,4,Lando Norris,NOR,norris,mclaren,1.0,1.0,1,Finished,25.0,0 days 01:37:58.574000,71.0,26.405555555555555,0.0,1.847530864197531,0 days 00:00:00,357.0,713.0
20,2025,Mexico City Grand Prix,1272,9877,65,Mexico City,2025-10-26 14:00:00,16,Charles Leclerc,LEC,leclerc,ferrari,2.0,2.0,2,Finished,18.0,0 days 00:00:30.324000,71.0,26.405555555555555,0.0,1.847530864197531,0 days 00:00:00.262000,210.0,356.0
20,2025,Mexico City Grand Prix,1272,9877,65,Mexico City,2025-10-26 14:00:00,1,Max Verstappen,VER,max_verstappen,red_bull,3.0,5.0,3,Finished,15.0,0 days 00:00:31.049000,71.0,26.405555555555555,0.0,1.847530864197531,0 days 00:00:00.484000,321.0,346.0
20,2025,Mexico City Grand Prix,1272,9877,65,Mexico City,2025-10-26 14:00:00,87,Oliver Bearman,BEA,bearman,haas,4.0,9.0,4,Finished,12.0,0 days 00:00:40.955000,71.0,26.405555555555555,0.0,1.847530864197531,0 days 00:00:00.874000,32.0,62.0
20,2025,Mexico City Grand Prix,1272,9877,65,Mexico City,2025-10-26 14:00:00,81,Oscar Piastri,PIA,piastri,mclaren,5.0,7.0,5,Finished,10.0,0 days 00:00:42.065000,71.0,26.405555555555555,0.0,1.847530864197531,0 days 00:00:00.588000,356.0,713.0
20,2025,Mexico City Grand Prix,1272,9877,65,Mexico City,2025-10-26 14:00:00,12,Kimi Antonelli,ANT,antonelli,mercedes,6.0,6.0,6,Finished,8.0,0 days 00:00:47.837000,71.0,26.405555555555555,0.0,1.847530864197531,0 days 00:00:00.532000,97.0,355.0
20,2025,Mexico City Grand Prix,1272,9877,65,Mexico City,2025-10-26 14:00:00,63,George Russell,RUS,russell,mercedes,7.0,4.0,7,Finished,6.0,0 days 00:00:50.287000,71.0,26.405555555555555,0.0,1.847530864197531,0 days 00:00:00.448000,258.0,355.0
20,2025,Mexico City Grand Prix,1272,9877,65,Mexico City,2025-10-26 14:00:00,44,Lewis Hamilton,HAM,hamilton,ferrari,8.0,3.0,8,Finished,4.0,0 days 00:00:56.446000,71.0,26.405555555555555,0.0,1.847530864197531,0 days 00:00:00.352000,146.0,356.0
20,2025,Mexico City Grand Prix,1272,9877,65,Mexico City,2025-10-26 14:00:00,31,Esteban Ocon,OCO,ocon,haas,9.0,11.0,9,Finished,2.0,0 days 00:01:15.464000,71.0,26.405555555555555,0.0,1.847530864197531,0 days 00:00:01.251000,30.0,62.0
20,2025,Mexico City Grand Prix,1272,9877,65,Mexico City,2025-10-26 14:00:00,5,Gabriel Bortoleto,BOR,bortoleto,sauber,10.0,16.0,10,Finished,1.0,0 days 00:01:16.863000,71.0,26.405555555555555,0.0,1.847530864197531,0 days 00:00:01.826000,19.0,60.0
20,2025,Mexico City Grand Prix,1272,9877,65,Mexico City,2025-10-26 14:00:00,22,Yuki Tsunoda,TSU,tsunoda,red_bull,11.0,10.0,11,Finished,0.0,0 days 00:01:19.048000,71.0,26.405555555555555,0.0,1.847530864197531,0 days 00:00:01.230000,28.0,346.0
20,2025,Mexico City Grand Prix,1272,9877,65,Mexico City,2025-10-26 14:00:00,23,Alexander Albon,ALB,albon,williams,12.0,17.0,12,Lapped,0.0,0 days 00:00:02.450000,70.0,26.405555555555555,0.0,1.847530864197531,0 days 00:00:01.904000,73.0,111.0
20,2025,Mexico City Grand Prix,1272,9877,65,Mexico City,2025-10-26 14:00:00,6,Isack Hadjar,HAD,hadjar,rb,13.0,8.0,13,Lapped,0.0,0 days 00:00:06.656000,70.0,26.405555555555555,0.0,1.847530864197531,0 days 00:00:00.666000,39.0,72.0
20,2025,Mexico City Grand Prix,1272,9877,65,Mexico City,2025-10-26 14:00:00,18,Lance Stroll,STR,stroll,aston_martin,14.0,19.0,14,Lapped,0.0,0 days 00:00:07.035000,70.0,26.405555555555555,0.0,1.847530864197531,0 days 00:00:02.020000,32.0,69.0
20,2025,Mexico City Grand Prix,1272,9877,65,Mexico City,2025-10-26 14:00:00,10,Pierre Gasly,GAS,gasly,alpine,15.0,18.0,15,Lapped,0.0,0 days 00:00:44.080000,70.0,26.405555555555555,0.0,1.847530864197531,0 days 00:00:01.960000,20.0,20.0
20,2025,Mexico City Grand Prix,1272,9877,65,Mexico City,2025-10-26 14:00:00,43,Franco Colapinto,COL,colapinto,alpine,16.0,20.0,16,Lapped,0.0,0 days 00:00:44.376000,70.0,26.405555555555555,0.0,1.847530864197531,0 days 00:00:02.084000,0.0,20.0
20,2025,Mexico City Grand Prix,1272,9877,65,Mexico City,2025-10-26 14:00:00,55,Carlos Sainz,SAI,sainz,williams,17.0,12.0,17,Retired,0.0,0 days 02:46:00,67.0,26.405555555555555,0.0,1.847530864197531,0 days 00:00:00.586000,38.0,111.0
20,2025,Mexico City Grand Prix,1272,9877,65,Mexico City,2025-10-26 14:00:00,14,Fernando Alonso,ALO,alonso,aston_martin,18.0,14.0,R,Retired,0.0,0 days 02:46:00,34.0,26.405555555555555,0.0,1.847530864197531,0 days 00:00:01.517000,37.0,69.0
20,2025,Mexico City Grand Prix,1272,9877,65,Mexico City,2025-10-26 14:00:00,27,Nico Hulkenberg,HUL,hulkenberg,sauber,19.0,13.0,R,Retired,0.0,0 days 02:46:00,25.0,26.405555555555555,0.0,1.847530864197531,0 days 00:00:01.430000,41.0,60.0
20,2025,Mexico City Grand Prix,1272,9877,65,Mexico City,2025-10-26 14:00:00,30,Liam Lawson,LAW,lawson,rb,20.0,15.0,R,Retired,0.0,0 days 02:46:00,5.0,26.405555555555555,0.0,1.847530864197531,0 days 00:00:01.375000,30.0,72.0
21,2025,São Paulo Grand Prix,1273,9869,14,Interlagos,2025-11-09 14:00:00,4,Lando Norris,NOR,norris,mclaren,1.0,1.0,1,Finished,25.0,0 days 01:32:01.596000,71.0,17.348026315789475,0.0,1.5098684210526316,0 days 00:00:00,390.0,756.0
21,2025,São Paulo Grand Prix,1273,9869,14,Interlagos,2025-11-09 14:00:00,12,Kimi Antonelli,ANT,antonelli,mercedes,2.0,2.0,2,Finished,18.0,0 days 00:00:10.388000,71.0,17.348026315789475,0.0,1.5098684210526316,0 days 00:00:00.174000,122.0,398.0
21,2025,São Paulo Grand Prix,1273,9869,14,Interlagos,2025-11-09 14:00:00,1,Max Verstappen,VER,max_verstappen,red_bull,3.0,19.0,3,Finished,15.0,0 days 00:00:10.750000,71.0,17.348026315789475,0.0,1.5098684210526316,0 days 00:00:00.892000,341.0,366.0
21,2025,São Paulo Grand Prix,1273,9869,14,Interlagos,2025-11-09 14:00:00,63,George Russell,RUS,russell,mercedes,4.0,6.0,4,Finished,12.0,0 days 00:00:15.267000,71.0,17.348026315789475,0.0,1.5098684210526316,0 days 00:00:00.369000,276.0,398.0
21,2025,São Paulo Grand Prix,1273,9869,14,Interlagos,2025-11-09 14:00:00,81,Oscar Piastri,PIA,piastri,mclaren,5.0,4.0,5,Finished,10.0,0 days 00:00:15.749000,71.0,17.348026315789475,0.0,1.5098684210526316,0 days 00:00:00.324000,366.0,756.0
21,2025,São Paulo Grand Prix,1273,9869,14,Interlagos,2025-11-09 14:00:00,87,Oliver Bearman,BEA,bearman,haas,6.0,8.0,6,Finished,8.0,0 days 00:00:29.630000,71.0,17.348026315789475,0.0,1.5098684210526316,0 days 00:00:00.244000,40.0,70.0
21,2025,São Paulo Grand Prix,1273,9869,14,Interlagos,2025-11-09 14:00:00,30,Liam Lawson,LAW,lawson,rb,7.0,7.0,7,Finished,6.0,0 days 00:00:52.642000,71.0,17.348026315789475,0.0,1.5098684210526316,0 days 00:00:00.439000,36.0,82.0
21,2025,São Paulo Grand Prix,1273,9869,14,Interlagos,2025-11-09 14:00:00,6,Isack Hadjar,HAD,hadjar,rb,8.0,5.0,8,Finished,4.0,0 days 00:00:52.873000,71.0,17.348026315789475,0.0,1.5098684210526316,0 days 00:00:00.420000,43.0,82.0
21,2025,São Paulo Grand Prix,1273,9869,14,Interlagos,2025-11-09 14:00:00,27,Nico Hulkenberg,HUL,hulkenberg,sauber,9.0,10.0,9,Finished,2.0,0 days 00:00:53.324000,71.0,17.348026315789475,0.0,1.5098684210526316,0 days 00:00:00.474000,43.0,62.0
21,2025,São Paulo Grand Prix,1273,9869,14,Interlagos,2025-11-09 14:00:00,10,Pierre Gasly,GAS,gasly,alpine,10.0,9.0,10,Finished,1.0,0 days 00:00:53.914000,71.0,17.348026315789475,0.0,1.5098684210526316,0 days 00:00:00.346000,22.0,22.0
21,2025,São Paulo Grand Prix,1273,9869,14,Interlagos,2025-11-09 14:00:00,23,Alexander Albon,ALB,albon,williams,11.0,12.0,11,Finished,0.0,0 days 00:00:54.184000,71.0,17.348026315789475,0.0,1.5098684210526316,0 days 00:00:00.542000,73.0,111.0
21,2025,São Paulo Grand Prix,1273,9869,14,Interlagos,2025-11-09 14:00:00,31,Esteban Ocon,OCO,ocon,haas,12.0,20.0,12,Finished,0.0,0 days 00:00:54.696000,71.0,17.348026315789475,0.0,1.5098684210526316,0 days 00:00:00.927000,30.0,70.0
21,2025,São Paulo Grand Prix,1273,9869,14,Interlagos,2025-11-09 14:00:00,55,Carlos Sainz,SAI,sainz,williams,13.0,15.0,13,Finished,0.0,0 days 00:00:55.420000,71.0,17.348026315789475,0.0,1.5098684210526316,0 days 00:00:00.673000,38.0,111.0
21,2025,São Paulo Grand Prix,1273,9869,14,Interlagos,2025-11-09 14:00:00,14,Fernando Alonso,ALO,alonso,aston_martin,14.0,11.0,14,Finished,0.0,0 days 00:00:55.766000,71.0,17.348026315789475,0.0,1.5098684210526316,0 days 00:00:00.490000,40.0,72.0
21,2025,São Paulo Grand Prix,1273,9869,14,Interlagos,2025-11-09 14:00:00,43,Franco Colapinto,COL,colapinto,alpine,15.0,16.0,15,Finished,0.0,0 days 00:00:57.777000,71.0,17.348026315789475,0.0,1.5098684210526316,0 days 00:00:01.121000,0.0,22.0
21,2025,São Paulo Grand Prix,1273,9869,14,Interlagos,2025-11-09 14:00:00,18,Lance Stroll,STR,stroll,aston_martin,16.0,14.0,16,Finished,0.0,0 days 00:00:58.247000,71.0,17.348026315789475,0.0,1.5098684210526316,0 days 00:00:00.530000,32.0,72.0
21,2025,São Paulo Grand Prix,1273,9869,14,Interlagos,2025-11-09 14:00:00,22,Yuki Tsunoda,TSU,tsunoda,red_bull,17.0,17.0,17,Finished,0.0,0 days 00:01:09.176000,71.0,17.348026315789475,0.0,1.5098684210526316,0 days 00:00:01.200000,28.0,366.0
21,2025,São Paulo Grand Prix,1273,9869,14,Interlagos,2025-11-09 14:00:00,44,Lewis Hamilton,HAM,hamilton,ferrari,18.0,13.0,R,Retired,0.0,0 days 02:46:00,37.0,17.348026315789475,0.0,1.5098684210526316,0 days 00:00:00.505000,148.0,362.0
21,2025,São Paulo Grand Prix,1273,9869,14,Interlagos,2025-11-09 14:00:00,16,Charles Leclerc,LEC,leclerc,ferrari,19.0,3.0,R,Retired,0.0,0 days 02:46:00,5.0,17.348026315789475,0.0,1.5098684210526316,0 days 00:00:00.290000,214.0,362.0
21,2025,São Paulo Grand Prix,1273,9869,14,Interlagos,2025-11-09 14:00:00,5,Gabriel Bortoleto,BOR,bortoleto,sauber,20.0,18.0,R,Retired,0.0,0 days 02:46:00,0.0,17.348026315789475,0.0,1.5098684210526316,0 days 02:46:00,19.0,62.0
22,2025,Las Vegas Grand Prix,1274,9858,152,Las Vegas,2025-11-22 20:00:00,1,Max Verstappen,VER,max_verstappen,red_bull,1.0,2.0,1,Finished,25.0,0 days 01:21:08.429000,50.0,16.73404255319149,0.0,1.4368794326241134,0 days 00:00:00.323000,366.0,391.0
22,2025,Las Vegas Grand Prix,1274,9858,152,Las Vegas,2025-11-22 20:00:00,63,George Russell,RUS,russell,mercedes,2.0,4.0,2,Finished,18.0,0 days 00:00:23.546000,50.0,16.73404255319149,0.0,1.4368794326241134,0 days 00:00:00.869000,294.0,431.0
22,2025,Las Vegas Grand Prix,1274,9858,152,Las Vegas,2025-11-22 20:00:00,12,Kimi Antonelli,ANT,antonelli,mercedes,3.0,17.0,3,Finished,15.0,0 days 00:00:30.488000,50.0,16.73404255319149,0.0,1.4368794326241134,0 days 00:00:08.380000,137.0,431.0
22,2025,Las Vegas Grand Prix,1274,9858,152,Las Vegas,2025-11-22 20:00:00,16,Charles Leclerc,LEC,leclerc,ferrari,4.0,9.0,4,Finished,12.0,0 days 00:00:30.678000,50.0,16.73404255319149,0.0,1.4368794326241134,0 days 00:00:01.938000,226.0,378.0
22,2025,Las Vegas Grand Prix,1274,9858,152,Las Vegas,2025-11-22 20:00:00,55,Carlos Sainz,SAI,sainz,williams,5.0,3.0,5,Finished,10.0,0 days 00:00:34.924000,50.0,16.73404255319149,0.0,1.4368794326241134,0 days 00:00:00.362000,48.0,121.0
22,2025,Las Vegas Grand Prix,1274,9858,152,Las Vegas,2025-11-22 20:00:00,6,Isack Hadjar,HAD,hadjar,rb,6.0,8.0,6,Finished,8.0,0 days 00:00:45.257000,50.0,16.73404255319149,0.0,1.4368794326241134,0 days 00:00:01.620000,51.0,90.0
22,2025,Las Vegas Grand Prix,1274,9858,152,Las Vegas,2025-11-22 20:00:00,27,Nico Hulkenberg,HUL,hulkenberg,sauber,7.0,11.0,7,Finished,6.0,0 days 00:00:51.134000,50.0,16.73404255319149,0.0,1.4368794326241134,0 days 00:00:04.847000,49.0,68.0
22,2025,Las Vegas Grand Prix,1274,9858,152,Las Vegas,2025-11-22 20:00:00,44,Lewis Hamilton,HAM,hamilton,ferrari,8.0,19.0,8,Finished,4.0,0 days 00:00:59.369000,50.0,16.73404255319149,0.0,1.4368794326241134,0 days 00:00:09.181000,152.0,378.0
22,2025,Las Vegas Grand Prix,1274,9858,152,Las Vegas,2025-11-22 20:00:00,31,Esteban Ocon,OCO,ocon,haas,9.0,13.0,9,Finished,2.0,0 days 00:01:00.635000,50.0,16.73404255319149,0.0,1.4368794326241134,0 days 00:00:05.053000,32.0,73.0
22,2025,Las Vegas Grand Prix,1274,9858,152,Las Vegas,2025-11-22 20:00:00,87,Oliver Bearman,BEA,bearman,haas,10.0,14.0,10,Finished,1.0,0 days 00:01:10.549000,50.0,16.73404255319149,0.0,1.4368794326241134,0 days 00:00:05.160000,41.0,73.0
22,2025,Las Vegas Grand Prix,1274,9858,152,Las Vegas,2025-11-22 20:00:00,14,Fernando Alonso,ALO,alonso,aston_martin,11.0,7.0,11,Finished,0.0,0 days 00:01:25.308000,50.0,16.73404255319149,0.0,1.4368794326241134,0 days 00:00:01.532000,40.0,72.0
22,2025,Las Vegas Grand Prix,1274,9858,152,Las Vegas,2025-11-22 20:00:00,22,Yuki Tsunoda,TSU,tsunoda,red_bull,12.0,20.0,12,Finished,0.0,0 days 00:01:26.974000,50.0,16.73404255319149,0.0,1.4368794326241134,0 days 00:00:08.864000,28.0,391.0
22,2025,Las Vegas Grand Prix,1274,9858,152,Las Vegas,2025-11-22 20:00:00,10,Pierre Gasly,GAS,gasly,alpine,13.0,10.0,13,Finished,0.0,0 days 00:01:31.702000,50.0,16.73404255319149,0.0,1.4368794326241134,0 days 00:00:03.606000,22.0,22.0
22,2025,Las Vegas Grand Prix,1274,9858,152,Las Vegas,2025-11-22 20:00:00,30,Liam Lawson,LAW,lawson,rb,14.0,6.0,14,Lapped,0.0,0 days 00:00:03.291000,49.0,16.73404255319149,0.0,1.4368794326241134,0 days 00:00:01.128000,36.0,90.0
22,2025,Las Vegas Grand Prix,1274,9858,152,Las Vegas,2025-11-22 20:00:00,43,Franco Colapinto,COL,colapinto,alpine,15.0,15.0,15,Lapped,0.0,0 days 00:00:10.459000,49.0,16.73404255319149,0.0,1.4368794326241134,0 days 00:00:05.749000,0.0,22.0
22,2025,Las Vegas Grand Prix,1274,9858,152,Las Vegas,2025-11-22 20:00:00,23,Alexander Albon,ALB,albon,williams,16.0,16.0,R,Retired,0.0,0 days 02:46:00,35.0,16.73404255319149,0.0,1.4368794326241134,0 days 00:00:08.286000,73.0,121.0
22,2025,Las Vegas Grand Prix,1274,9858,152,Las Vegas,2025-11-22 20:00:00,5,Gabriel Bortoleto,BOR,bortoleto,sauber,17.0,18.0,R,Retired,0.0,0 days 02:46:00,2.0,16.73404255319149,0.0,1.4368794326241134,0 days 00:00:08.740000,19.0,68.0
22,2025,Las Vegas Grand Prix,1274,9858,152,Las Vegas,2025-11-22 20:00:00,18,Lance Stroll,STR,stroll,aston_martin,18.0,12.0,R,Retired,0.0,0 days 02:46:00,0.0,16.73404255319149,0.0,1.4368794326241134,0 days 00:00:04.916000,32.0,72.0
22,2025,Las Vegas Grand Prix,1274,9858,152,Las Vegas,2025-11-22 20:00:00,4,Lando Norris,NOR,norris,mclaren,19.0,1.0,D,Disqualified,0.0,0 days 02:46:00,50.0,16.73404255319149,0.0,1.4368794326241134,0 days 00:00:00,390.0,756.0
22,2025,Las Vegas Grand Prix,1274,9858,152,Las Vegas,2025-11-22 20:00:00,81,Oscar Piastri,PIA,piastri,mclaren,20.0,5.0,D,Disqualified,0.0,0 days 02:46:00,50.0,16.73404255319149,0.0,1.4368794326241134,0 days 00:00:01.027000,366.0,756.0
23,2025,Qatar Grand Prix,1275,9850,150,Lusail,2025-11-30 19:00:00,1,Max Verstappen,VER,max_verstappen,red_bull,1.0,3.0,1,Finished,25.0,0 days 01:24:38.241000,57.0,22.599328859060403,0.0,1.251006711409396,0 days 00:00:00.264000,396.0,426.0
23,2025,Qatar Grand Prix,1275,9850,150,Lusail,2025-11-30 19:00:00,81,Oscar Piastri,PIA,piastri,mclaren,2.0,1.0,2,Finished,18.0,0 days 00:00:07.995000,57.0,22.599328859060403,0.0,1.251006711409396,0 days 00:00:00,392.0,800.0
23,2025,Qatar Grand Prix,1275,9850,150,Lusail,2025-11-30 19:00:00,55,Carlos Sainz,SAI,sainz,williams,3.0,7.0,3,Finished,15.0,0 days 00:00:22.665000,57.0,22.599328859060403,0.0,1.251006711409396,0 days 00:00:00.864000,64.0,137.0
23,2025,Qatar Grand Prix,1275,9850,150,Lusail,2025-11-30 19:00:00,4,Lando Norris,NOR,norris,mclaren,4.0,2.0,4,Finished,12.0,0 days 00:00:23.315000,57.0,22.599328859060403,0.0,1.251006711409396,0 days 00:00:00.108000,408.0,800.0
23,2025,Qatar Grand Prix,1275,9850,150,Lusail,2025-11-30 19:00:00,12,Kimi Antonelli,ANT,antonelli,mercedes,5.0,5.0,5,Finished,10.0,0 days 00:00:28.317000,57.0,22.599328859060403,0.0,1.251006711409396,0 days 00:00:00.459000,150.0,459.0
23,2025,Qatar Grand Prix,1275,9850,150,Lusail,2025-11-30 19:00:00,63,George Russell,RUS,russell,mercedes,6.0,4.0,6,Finished,8.0,0 days 00:00:48.599000,57.0,22.599328859060403,0.0,1.251006711409396,0 days 00:00:00.275000,309.0,459.0
23,2025,Qatar Grand Prix,1275,9850,150,Lusail,2025-11-30 19:00:00,14,Fernando Alonso,ALO,alonso,aston_martin,7.0,8.0,7,Finished,6.0,0 days 00:00:54.045000,57.0,22.599328859060403,0.0,1.251006711409396,0 days 00:00:00.832000,48.0,80.0
23,2025,Qatar Grand Prix,1275,9850,150,Lusail,2025-11-30 19:00:00,16,Charles Leclerc,LEC,leclerc,ferrari,8.0,10.0,8,Finished,4.0,0 days 00:00:56.785000,57.0,22.599328859060403,0.0,1.251006711409396,0 days 00:00:00.956000,230.0,382.0
23,2025,Qatar Grand Prix,1275,9850,150,Lusail,2025-11-30 19:00:00,30,Liam Lawson,LAW,lawson,rb,9.0,12.0,9,Finished,2.0,0 days 00:01:00.073000,57.0,22.599328859060403,0.0,1.251006711409396,0 days 00:00:01.046000,38.0,92.0
23,2025,Qatar Grand Prix,1275,9850,150,Lusail,2025-11-30 19:00:00,22,Yuki Tsunoda,TSU,tsunoda,red_bull,10.0,15.0,10,Finished,1.0,0 days 00:01:01.770000,57.0,22.599328859060403,0.0,1.251006711409396,0 days 00:00:01.374000,33.0,426.0
23,2025,Qatar Grand Prix,1275,9850,150,Lusail,2025-11-30 19:00:00,23,Alexander Albon,ALB,albon,williams,11.0,14.0,11,Finished,0.0,0 days 00:01:06.931000,57.0,22.599328859060403,0.0,1.251006711409396,0 days 00:00:01.242000,73.0,137.0
23,2025,Qatar Grand Prix,1275,9850,150,Lusail,2025-11-30 19:00:00,44,Lewis Hamilton,HAM,hamilton,ferrari,12.0,17.0,12,Finished,0.0,0 days 00:01:17.730000,57.0,22.599328859060403,0.0,1.251006711409396,0 days 00:00:01.520000,152.0,382.0
23,2025,Qatar Grand Prix,1275,9850,150,Lusail,2025-11-30 19:00:00,5,Gabriel Bortoleto,BOR,bortoleto,sauber,13.0,19.0,13,Finished,0.0,0 days 00:01:24.812000,57.0,22.599328859060403,0.0,1.251006711409396,0 days 00:00:01.147000,19.0,68.0
23,2025,Qatar Grand Prix,1275,9850,150,Lusail,2025-11-30 19:00:00,43,Franco Colapinto,COL,colapinto,alpine,14.0,20.0,14,Lapped,0.0,0 days 00:00:03.283000,56.0,22.599328859060403,0.0,1.251006711409396,0 days 00:00:01.750000,0.0,22.0
23,2025,Qatar Grand Prix,1275,9850,150,Lusail,2025-11-30 19:00:00,31,Esteban Ocon,OCO,ocon,haas,15.0,16.0,15,Lapped,0.0,0 days 00:00:04.253000,56.0,22.599328859060403,0.0,1.251006711409396,0 days 00:00:01.477000,32.0,73.0
23,2025,Qatar Grand Prix,1275,9850,150,Lusail,2025-11-30 19:00:00,10,Pierre Gasly,GAS,gasly,alpine,16.0,9.0,16,Lapped,0.0,0 days 00:00:04.941000,56.0,22.599328859060403,0.0,1.251006711409396,0 days 00:00:00.937000,22.0,22.0
23,2025,Qatar Grand Prix,1275,9850,150,Lusail,2025-11-30 19:00:00,18,Lance Stroll,STR,stroll,aston_martin,17.0,18.0,17,Retired,0.0,0 days 02:46:00,55.0,22.599328859060403,0.0,1.251006711409396,0 days 00:00:01.671000,32.0,80.0
23,2025,Qatar Grand Prix,1275,9850,150,Lusail,2025-11-30 19:00:00,6,Isack Hadjar,HAD,hadjar,rb,18.0,6.0,18,Retired,0.0,0 days 02:46:00,55.0,22.599328859060403,0.0,1.251006711409396,0 days 00:00:00.727000,51.0,92.0
23,2025,Qatar Grand Prix,1275,9850,150,Lusail,2025-11-30 19:00:00,87,Oliver Bearman,BEA,bearman,haas,19.0,13.0,R,Retired,0.0,0 days 02:46:00,41.0,22.599328859060403,0.0,1.251006711409396,0 days 00:00:01.051000,41.0,73.0
23,2025,Qatar Grand Prix,1275,9850,150,Lusail,2025-11-30 19:00:00,27,Nico Hulkenberg,HUL,hulkenberg,sauber,20.0,11.0,R,Retired,0.0,0 days 02:46:00,6.0,22.599328859060403,0.0,1.251006711409396,0 days 00:00:00.966000,49.0,68.0
24,2025,Abu Dhabi Grand Prix,1276,9839,70,Yas Marina Circuit,2025-12-07 17:00:00,1,Max Verstappen,VER,max_verstappen,red_bull,1.0,1.0,1,Finished,25.0,0 days 01:26:07.469000,58.0,26.674025974025977,0.0,1.5733766233766235,0 days 00:00:00,421.0,451.0
24,2025,Abu Dhabi Grand Prix,1276,9839,70,Yas Marina Circuit,2025-12-07 17:00:00,81,Oscar Piastri,PIA,piastri,mclaren,2.0,3.0,2,Finished,18.0,0 days 00:00:12.594000,58.0,26.674025974025977,0.0,1.5733766233766235,0 days 00:00:00.230000,410.0,833.0
24,2025,Abu Dhabi Grand Prix,1276,9839,70,Yas Marina Circuit,2025-12-07 17:00:00,4,Lando Norris,NOR,norris,mclaren,3.0,2.0,3,Finished,15.0,0 days 00:00:16.572000,58.0,26.674025974025977,0.0,1.5733766233766235,0 days 00:00:00.201000,423.0,833.0
24,2025,Abu Dhabi Grand Prix,1276,9839,70,Yas Marina Circuit,2025-12-07 17:00:00,16,Charles Leclerc,LEC,leclerc,ferrari,4.0,5.0,4,Finished,12.0,0 days 00:00:23.279000,58.0,26.674025974025977,0.0,1.5733766233766235,0 days 00:00:00.523000,242.0,398.0
24,2025,Abu Dhabi Grand Prix,1276,9839,70,Yas Marina Circuit,2025-12-07 17:00:00,63,George Russell,RUS,russell,mercedes,5.0,4.0,5,Finished,10.0,0 days 00:00:48.563000,58.0,26.674025974025977,0.0,1.5733766233766235,0 days 00:00:00.438000,319.0,469.0
24,2025,Abu Dhabi Grand Prix,1276,9839,70,Yas Marina Circuit,2025-12-07 17:00:00,14,Fernando Alonso,ALO,alonso,aston_martin,6.0,6.0,6,Finished,8.0,0 days 00:01:07.562000,58.0,26.674025974025977,0.0,1.5733766233766235,0 days 00:00:00.654000,56.0,89.0
24,2025,Abu Dhabi Grand Prix,1276,9839,70,Yas Marina Circuit,2025-12-07 17:00:00,31,Esteban Ocon,OCO,ocon,haas,7.0,8.0,7,Finished,6.0,0 days 00:01:09.876000,58.0,26.674025974025977,0.0,1.5733766233766235,0 days 00:00:00.706000,38.0,79.0
24,2025,Abu Dhabi Grand Prix,1276,9839,70,Yas Marina Circuit,2025-12-07 17:00:00,44,Lewis Hamilton,HAM,hamilton,ferrari,8.0,16.0,8,Finished,4.0,0 days 00:01:12.670000,58.0,26.674025974025977,0.0,1.5733766233766235,0 days 00:00:01.187000,156.0,398.0
24,2025,Abu Dhabi Grand Prix,1276,9839,70,Yas Marina Circuit,2025-12-07 17:00:00,27,Nico Hulkenberg,HUL,hulkenberg,sauber,9.0,18.0,9,Finished,2.0,0 days 00:01:19.014000,58.0,26.674025974025977,0.0,1.5733766233766235,0 days 00:00:01.243000,51.0,70.0
24,2025,Abu Dhabi Grand Prix,1276,9839,70,Yas Marina Circuit,2025-12-07 17:00:00,18,Lance Stroll,STR,stroll,aston_martin,10.0,15.0,10,Finished,1.0,0 days 00:01:19.523000,58.0,26.674025974025977,0.0,1.5733766233766235,0 days 00:00:00.890000,33.0,89.0
24,2025,Abu Dhabi Grand Prix,1276,9839,70,Yas Marina Circuit,2025-12-07 17:00:00,5,Gabriel Bortoleto,BOR,bortoleto,sauber,11.0,7.0,11,Finished,0.0,0 days 00:01:21.043000,58.0,26.674025974025977,0.0,1.5733766233766235,0 days 00:00:00.667000,19.0,70.0
24,2025,Abu Dhabi Grand Prix,1276,9839,70,Yas Marina Circuit,2025-12-07 17:00:00,87,Oliver Bearman,BEA,bearman,haas,12.0,11.0,12,Finished,0.0,0 days 00:01:21.166000,58.0,26.674025974025977,0.0,1.5733766233766235,0 days 00:00:00.834000,41.0,79.0
24,2025,Abu Dhabi Grand Prix,1276,9839,70,Yas Marina Circuit,2025-12-07 17:00:00,55,Carlos Sainz,SAI,sainz,williams,13.0,12.0,13,Finished,0.0,0 days 00:01:22.158000,58.0,26.674025974025977,0.0,1.5733766233766235,0 days 00:00:00.835000,64.0,137.0
24,2025,Abu Dhabi Grand Prix,1276,9839,70,Yas Marina Circuit,2025-12-07 17:00:00,22,Yuki Tsunoda,TSU,tsunoda,red_bull,14.0,10.0,14,Finished,0.0,0 days 00:01:23.794000,58.0,26.674025974025977,0.0,1.5733766233766235,0 days 00:00:00.827000,33.0,451.0
24,2025,Abu Dhabi Grand Prix,1276,9839,70,Yas Marina Circuit,2025-12-07 17:00:00,12,Kimi Antonelli,ANT,antonelli,mercedes,15.0,14.0,15,Finished,0.0,0 days 00:01:24.399000,58.0,26.674025974025977,0.0,1.5733766233766235,0 days 00:00:00.687000,150.0,469.0
24,2025,Abu Dhabi Grand Prix,1276,9839,70,Yas Marina Circuit,2025-12-07 17:00:00,23,Alexander Albon,ALB,albon,williams,16.0,17.0,16,Finished,0.0,0 days 00:01:30.327000,58.0,26.674025974025977,0.0,1.5733766233766235,0 days 00:00:01.209000,73.0,137.0
24,2025,Abu Dhabi Grand Prix,1276,9839,70,Yas Marina Circuit,2025-12-07 17:00:00,6,Isack Hadjar,HAD,hadjar,rb,17.0,9.0,17,Lapped,0.0,0 days 00:00:01.327000,57.0,26.674025974025977,0.0,1.5733766233766235,0 days 00:00:00.790000,51.0,92.0
24,2025,Abu Dhabi Grand Prix,1276,9839,70,Yas Marina Circuit,2025-12-07 17:00:00,30,Liam Lawson,LAW,lawson,rb,18.0,13.0,18,Lapped,0.0,0 days 00:00:04.659000,57.0,26.674025974025977,0.0,1.5733766233766235,0 days 00:00:00.870000,38.0,92.0
24,2025,Abu Dhabi Grand Prix,1276,9839,70,Yas Marina Circuit,2025-12-07 17:00:00,10,Pierre Gasly,GAS,gasly,alpine,19.0,19.0,19,Lapped,0.0,0 days 00:00:11.908000,57.0,26.674025974025977,0.0,1.5733766233766235,0 days 00:00:01.261000,22.0,22.0
24,2025,Abu Dhabi Grand Prix,1276,9839,70,Yas Marina Circuit,2025-12-07 17:00:00,43,Franco Colapinto,COL,colapinto,alpine,20.0,20.0,20,Lapped,0.0,0 days 00:00:14.003000,57.0,26.674025974025977,0.0,1.5733766233766235,0 days 00:00:01.683000,0.0,22.0
1,2026,Australian Grand Prix,1279,11234,10,Melbourne,2026-03-08 15:00:00,63,George Russell,RUS,russell,mercedes,1.0,1.0,1,Finished,25.0,0 days 01:23:06.801000,58.0,24.23445945945946,0.0,2.5614864864864866,0 days 00:00:00,25.0,43.0
1,2026,Australian Grand Prix,1279,11234,10,Melbourne,2026-03-08 15:00:00,12,Kimi Antonelli,ANT,antonelli,mercedes,2.0,2.0,2,Finished,18.0,0 days 00:00:02.974000,58.0,24.23445945945946,0.0,2.5614864864864866,0 days 00:00:00.293000,18.0,43.0
1,2026,Australian Grand Prix,1279,11234,10,Melbourne,2026-03-08 15:00:00,16,Charles Leclerc,LEC,leclerc,ferrari,3.0,4.0,3,Finished,15.0,0 days 00:00:15.519000,58.0,24.23445945945946,0.0,2.5614864864864866,0 days 00:00:00.809000,15.0,27.0
1,2026,Australian Grand Prix,1279,11234,10,Melbourne,2026-03-08 15:00:00,44,Lewis Hamilton,HAM,hamilton,ferrari,4.0,7.0,4,Finished,12.0,0 days 00:00:16.144000,58.0,24.23445945945946,0.0,2.5614864864864866,0 days 00:00:00.960000,12.0,27.0
1,2026,Australian Grand Prix,1279,11234,10,Melbourne,2026-03-08 15:00:00,1,Lando Norris,NOR,norris,mclaren,5.0,6.0,5,Finished,10.0,0 days 00:00:51.741000,58.0,24.23445945945946,0.0,2.5614864864864866,0 days 00:00:00.957000,10.0,10.0
1,2026,Australian Grand Prix,1279,11234,10,Melbourne,2026-03-08 15:00:00,3,Max Verstappen,VER,max_verstappen,red_bull,6.0,20.0,6,Finished,8.0,0 days 00:00:54.617000,58.0,24.23445945945946,0.0,2.5614864864864866,0 days 02:46:00,8.0,8.0
1,2026,Australian Grand Prix,1279,11234,10,Melbourne,2026-03-08 15:00:00,87,Oliver Bearman,BEA,bearman,haas,7.0,12.0,7,Lapped,6.0,0 days 00:00:04.593000,57.0,24.23445945945946,0.0,2.5614864864864866,0 days 00:00:01.793000,6.0,6.0
1,2026,Australian Grand Prix,1279,11234,10,Melbourne,2026-03-08 15:00:00,41,Arvid Lindblad,LIN,arvid_lindblad,rb,8.0,9.0,8,Lapped,4.0,0 days 00:00:11.816000,57.0,24.23445945945946,0.0,2.5614864864864866,0 days 00:00:01.453000,4.0,4.0
1,2026,Australian Grand Prix,1279,11234,10,Melbourne,2026-03-08 15:00:00,5,Gabriel Bortoleto,BOR,bortoleto,audi,9.0,10.0,9,Lapped,2.0,0 days 00:00:12.775000,57.0,24.23445945945946,0.0,2.5614864864864866,0 days 00:00:01.703000,2.0,2.0
1,2026,Australian Grand Prix,1279,11234,10,Melbourne,2026-03-08 15:00:00,10,Pierre Gasly,GAS,gasly,alpine,10.0,14.0,10,Lapped,1.0,0 days 00:00:29.027000,57.0,24.23445945945946,0.0,2.5614864864864866,0 days 00:00:01.983000,1.0,1.0
1,2026,Australian Grand Prix,1279,11234,10,Melbourne,2026-03-08 15:00:00,31,Esteban Ocon,OCO,ocon,haas,11.0,13.0,11,Lapped,0.0,0 days 00:00:29.850000,57.0,24.23445945945946,0.0,2.5614864864864866,0 days 00:00:01.973000,0.0,6.0
1,2026,Australian Grand Prix,1279,11234,10,Melbourne,2026-03-08 15:00:00,23,Alexander Albon,ALB,albon,williams,12.0,15.0,12,Lapped,0.0,0 days 00:00:56.075000,57.0,24.23445945945946,0.0,2.5614864864864866,0 days 00:00:02.423000,0.0,0.0
1,2026,Australian Grand Prix,1279,11234,10,Melbourne,2026-03-08 15:00:00,30,Liam Lawson,LAW,lawson,rb,13.0,8.0,13,Lapped,0.0,0 days 00:00:57.173000,57.0,24.23445945945946,0.0,2.5614864864864866,0 days 00:00:01.476000,0.0,4.0
1,2026,Australian Grand Prix,1279,11234,10,Melbourne,2026-03-08 15:00:00,43,Franco Colapinto,COL,colapinto,alpine,14.0,16.0,14,Lapped,0.0,0 days 00:00:08.487000,56.0,24.23445945945946,0.0,2.5614864864864866,0 days 00:00:02.682000,0.0,1.0
1,2026,Australian Grand Prix,1279,11234,10,Melbourne,2026-03-08 15:00:00,55,Carlos Sainz,SAI,sainz,williams,15.0,21.0,15,Lapped,0.0,0 days 00:00:36.886000,56.0,24.23445945945946,0.0,2.5614864864864866,0 days 02:46:00,0.0,0.0
1,2026,Australian Grand Prix,1279,11234,10,Melbourne,2026-03-08 15:00:00,11,Sergio Perez,PER,perez,cadillac,16.0,18.0,16,Lapped,0.0,0 days 00:00:07.850000,55.0,24.23445945945946,0.0,2.5614864864864866,0 days 00:00:04.087000,0.0,0.0
1,2026,Australian Grand Prix,1279,11234,10,Melbourne,2026-03-08 15:00:00,18,Lance Stroll,STR,stroll,aston_martin,17.0,22.0,R,Lapped,0.0,0 days 02:46:00,43.0,24.23445945945946,0.0,2.5614864864864866,0 days 02:46:00,0.0,0.0
1,2026,Australian Grand Prix,1279,11234,10,Melbourne,2026-03-08 15:00:00,14,Fernando Alonso,ALO,alonso,aston_martin,18.0,17.0,R,Retired,0.0,0 days 02:46:00,21.0,24.23445945945946,0.0,2.5614864864864866,0 days 00:00:03.451000,0.0,0.0
1,2026,Australian Grand Prix,1279,11234,10,Melbourne,2026-03-08 15:00:00,77,Valtteri Bottas,BOT,bottas,cadillac,19.0,19.0,R,Retired,0.0,0 days 02:46:00,15.0,24.23445945945946,0.0,2.5614864864864866,0 days 00:00:04.726000,0.0,0.0
1,2026,Australian Grand Prix,1279,11234,10,Melbourne,2026-03-08 15:00:00,6,Isack Hadjar,HAD,hadjar,red_bull,20.0,3.0,R,Retired,0.0,0 days 02:46:00,10.0,24.23445945945946,0.0,2.5614864864864866,0 days 00:00:00.785000,0.0,8.0
1,2026,Australian Grand Prix,1279,11234,10,Melbourne,2026-03-08 15:00:00,81,Oscar Piastri,PIA,piastri,mclaren,21.0,5.0,W,Did not start,0.0,0 days 02:46:00,0.0,24.23445945945946,0.0,2.5614864864864866,0 days 00:00:00.862000,0.0,10.0
1,2026,Australian Grand Prix,1279,11234,10,Melbourne,2026-03-08 15:00:00,27,Nico Hulkenberg,HUL,hulkenberg,audi,22.0,11.0,W,Did not start,0.0,0 days 02:46:00,0.0,24.23445945945946,0.0,2.5614864864864866,0 days 00:00:01.785000,0.0,2.0
2,2026,Chinese Grand Prix,1280,11245,49,Shanghai,2026-03-15 15:00:00,12,Kimi Antonelli,ANT,antonelli,mercedes,1.0,1.0,1,Finished,25.0,0 days 01:33:15.607000,56.0,15.572368421052632,0.0,2.193421052631579,0 days 00:00:00,47.0,98.0
2,2026,Chinese Grand Prix,1280,11245,49,Shanghai,2026-03-15 15:00:00,63,George Russell,RUS,russell,mercedes,2.0,2.0,2,Finished,18.0,0 days 00:00:05.515000,56.0,15.572368421052632,0.0,2.193421052631579,0 days 00:00:00.222000,51.0,98.0
2,2026,Chinese Grand Prix,1280,11245,49,Shanghai,2026-03-15 15:00:00,44,Lewis Hamilton,HAM,hamilton,ferrari,3.0,3.0,3,Finished,15.0,0 days 00:00:25.267000,56.0,15.572368421052632,0.0,2.193421052631579,0 days 00:00:00.351000,33.0,67.0
2,2026,Chinese Grand Prix,1280,11245,49,Shanghai,2026-03-15 15:00:00,16,Charles Leclerc,LEC,leclerc,ferrari,4.0,4.0,4,Finished,12.0,0 days 00:00:28.894000,56.0,15.572368421052632,0.0,2.193421052631579,0 days 00:00:00.364000,34.0,67.0
2,2026,Chinese Grand Prix,1280,11245,49,Shanghai,2026-03-15 15:00:00,87,Oliver Bearman,BEA,bearman,haas,5.0,10.0,5,Finished,10.0,0 days 00:00:57.268000,56.0,15.572368421052632,0.0,2.193421052631579,0 days 00:00:01.133000,17.0,17.0
2,2026,Chinese Grand Prix,1280,11245,49,Shanghai,2026-03-15 15:00:00,10,Pierre Gasly,GAS,gasly,alpine,6.0,7.0,6,Finished,8.0,0 days 00:00:59.647000,56.0,15.572368421052632,0.0,2.193421052631579,0 days 00:00:00.809000,9.0,10.0
2,2026,Chinese Grand Prix,1280,11245,49,Shanghai,2026-03-15 15:00:00,30,Liam Lawson,LAW,lawson,rb,7.0,14.0,7,Finished,6.0,0 days 00:01:20.588000,56.0,15.572368421052632,0.0,2.193421052631579,0 days 00:00:01.701000,8.0,12.0
2,2026,Chinese Grand Prix,1280,11245,49,Shanghai,2026-03-15 15:00:00,6,Isack Hadjar,HAD,hadjar,red_bull,8.0,9.0,8,Finished,4.0,0 days 00:01:27.247000,56.0,15.572368421052632,0.0,2.193421052631579,0 days 00:00:01.057000,4.0,12.0
2,2026,Chinese Grand Prix,1280,11245,49,Shanghai,2026-03-15 15:00:00,55,Carlos Sainz,SAI,sainz,williams,9.0,17.0,9,Lapped,2.0,0 days 00:00:11.673000,55.0,15.572368421052632,0.0,2.193421052631579,0 days 00:00:02.253000,2.0,2.0
2,2026,Chinese Grand Prix,1280,11245,49,Shanghai,2026-03-15 15:00:00,43,Franco Colapinto,COL,colapinto,alpine,10.0,12.0,10,Lapped,1.0,0 days 00:00:12.403000,55.0,15.572368421052632,0.0,2.193421052631579,0 days 00:00:01.293000,1.0,10.0
2,2026,Chinese Grand Prix,1280,11245,49,Shanghai,2026-03-15 15:00:00,27,Nico Hulkenberg,HUL,hulkenberg,audi,11.0,11.0,11,Lapped,0.0,0 days 00:00:21.109000,55.0,15.572368421052632,0.0,2.193421052631579,0 days 00:00:01.290000,0.0,2.0
2,2026,Chinese Grand Prix,1280,11245,49,Shanghai,2026-03-15 15:00:00,41,Arvid Lindblad,LIN,arvid_lindblad,rb,12.0,15.0,12,Lapped,0.0,0 days 00:00:22.828000,55.0,15.572368421052632,0.0,2.193421052631579,0 days 00:00:01.720000,4.0,12.0
2,2026,Chinese Grand Prix,1280,11245,49,Shanghai,2026-03-15 15:00:00,77,Valtteri Bottas,BOT,bottas,cadillac,13.0,19.0,13,Lapped,0.0,0 days 00:00:56.158000,55.0,15.572368421052632,0.0,2.193421052631579,0 days 00:00:03.372000,0.0,0.0
2,2026,Chinese Grand Prix,1280,11245,49,Shanghai,2026-03-15 15:00:00,31,Esteban Ocon,OCO,ocon,haas,14.0,13.0,14,Lapped,0.0,0 days 00:01:06.256000,55.0,15.572368421052632,0.0,2.193421052631579,0 days 00:00:01.474000,0.0,17.0
2,2026,Chinese Grand Prix,1280,11245,49,Shanghai,2026-03-15 15:00:00,11,Sergio Perez,PER,perez,cadillac,15.0,21.0,15,Lapped,0.0,0 days 00:01:14.641000,55.0,15.572368421052632,0.0,2.193421052631579,0 days 00:00:04.842000,0.0,0.0
2,2026,Chinese Grand Prix,1280,11245,49,Shanghai,2026-03-15 15:00:00,3,Max Verstappen,VER,max_verstappen,red_bull,16.0,8.0,R,Retired,0.0,0 days 02:46:00,45.0,15.572368421052632,0.0,2.193421052631579,0 days 00:00:00.938000,8.0,12.0
2,2026,Chinese Grand Prix,1280,11245,49,Shanghai,2026-03-15 15:00:00,14,Fernando Alonso,ALO,alonso,aston_martin,17.0,18.0,R,Retired,0.0,0 days 02:46:00,32.0,15.572368421052632,0.0,2.193421052631579,0 days 00:00:03.139000,0.0,0.0
2,2026,Chinese Grand Prix,1280,11245,49,Shanghai,2026-03-15 15:00:00,18,Lance Stroll,STR,stroll,aston_martin,18.0,20.0,R,Retired,0.0,0 days 02:46:00,9.0,15.572368421052632,0.0,2.193421052631579,0 days 00:00:03.931000,0.0,0.0
2,2026,Chinese Grand Prix,1280,11245,49,Shanghai,2026-03-15 15:00:00,81,Oscar Piastri,PIA,piastri,mclaren,19.0,5.0,W,Did not start,0.0,0 days 02:46:00,0.0,15.572368421052632,0.0,2.193421052631579,0 days 00:00:00.486000,3.0,18.0
2,2026,Chinese Grand Prix,1280,11245,49,Shanghai,2026-03-15 15:00:00,1,Lando Norris,NOR,norris,mclaren,20.0,6.0,W,Did not start,0.0,0 days 02:46:00,0.0,15.572368421052632,0.0,2.193421052631579,0 days 00:00:00.544000,15.0,18.0
2,2026,Chinese Grand Prix,1280,11245,49,Shanghai,2026-03-15 15:00:00,5,Gabriel Bortoleto,BOR,bortoleto,audi,21.0,16.0,W,Did not start,0.0,0 days 02:46:00,0.0,15.572368421052632,0.0,2.193421052631579,0 days 00:00:01.485000,2.0,2.0
2,2026,Chinese Grand Prix,1280,11245,49,Shanghai,2026-03-15 15:00:00,23,Alexander Albon,ALB,albon,williams,22.0,22.0,W,Did not start,0.0,0 days 02:46:00,0.0,15.572368421052632,0.0,2.193421052631579,0 days 00:00:02.708000,0.0,2.0
3,2026,Japanese Grand Prix,1281,11253,46,Suzuka,2026-03-29 14:00:00,12,Kimi Antonelli,ANT,antonelli,mercedes,1.0,1.0,1,Finished,25.0,0 days 01:28:03.403000,53.0,18.556410256410256,0.0,1.9506410256410256,0 days 00:00:00,72.0,135.0
3,2026,Japanese Grand Prix,1281,11253,46,Suzuka,2026-03-29 14:00:00,81,Oscar Piastri,PIA,piastri,mclaren,2.0,3.0,2,Finished,18.0,0 days 00:00:13.722000,53.0,18.556410256410256,0.0,1.9506410256410256,0 days 00:00:00.354000,21.0,46.0
3,2026,Japanese Grand Prix,1281,11253,46,Suzuka,2026-03-29 14:00:00,16,Charles Leclerc,LEC,leclerc,ferrari,3.0,4.0,3,Finished,15.0,0 days 00:00:15.270000,53.0,18.556410256410256,0.0,1.9506410256410256,0 days 00:00:00.525000,49.0,90.0
3,2026,Japanese Grand Prix,1281,11253,46,Suzuka,2026-03-29 14:00:00,63,George Russell,RUS,russell,mercedes,4.0,2.0,4,Finished,12.0,0 days 00:00:15.754000,53.0,18.556410256410256,0.0,1.9506410256410256,0 days 00:00:00.298000,63.0,135.0
3,2026,Japanese Grand Prix,1281,11253,46,Suzuka,2026-03-29 14:00:00,1,Lando Norris,NOR,norris,mclaren,5.0,5.0,5,Finished,10.0,0 days 00:00:23.479000,53.0,18.556410256410256,0.0,1.9506410256410256,0 days 00:00:00.631000,25.0,46.0
3,2026,Japanese Grand Prix,1281,11253,46,Suzuka,2026-03-29 14:00:00,44,Lewis Hamilton,HAM,hamilton,ferrari,6.0,6.0,6,Finished,8.0,0 days 00:00:25.037000,53.0,18.556410256410256,0.0,1.9506410256410256,0 days 00:00:00.789000,41.0,90.0
3,2026,Japanese Grand Prix,1281,11253,46,Suzuka,2026-03-29 14:00:00,10,Pierre Gasly,GAS,gasly,alpine,7.0,7.0,7,Finished,6.0,0 days 00:00:32.340000,53.0,18.556410256410256,0.0,1.9506410256410256,0 days 00:00:00.913000,15.0,16.0
3,2026,Japanese Grand Prix,1281,11253,46,Suzuka,2026-03-29 14:00:00,3,Max Verstappen,VER,max_verstappen,red_bull,8.0,11.0,8,Finished,4.0,0 days 00:00:32.677000,53.0,18.556410256410256,0.0,1.9506410256410256,0 days 00:00:01.484000,12.0,16.0
3,2026,Japanese Grand Prix,1281,11253,46,Suzuka,2026-03-29 14:00:00,30,Liam Lawson,LAW,lawson,rb,9.0,14.0,9,Finished,2.0,0 days 00:00:50.180000,53.0,18.556410256410256,0.0,1.9506410256410256,0 days 00:00:01.717000,10.0,14.0
3,2026,Japanese Grand Prix,1281,11253,46,Suzuka,2026-03-29 14:00:00,31,Esteban Ocon,OCO,ocon,haas,10.0,12.0,10,Finished,1.0,0 days 00:00:51.216000,53.0,18.556410256410256,0.0,1.9506410256410256,0 days 00:00:01.531000,1.0,18.0
3,2026,Japanese Grand Prix,1281,11253,46,Suzuka,2026-03-29 14:00:00,27,Nico Hulkenberg,HUL,hulkenberg,audi,11.0,13.0,11,Finished,0.0,0 days 00:00:52.280000,53.0,18.556410256410256,0.0,1.9506410256410256,0 days 00:00:01.580000,0.0,2.0
3,2026,Japanese Grand Prix,1281,11253,46,Suzuka,2026-03-29 14:00:00,6,Isack Hadjar,HAD,hadjar,red_bull,12.0,8.0,12,Finished,0.0,0 days 00:00:56.154000,53.0,18.556410256410256,0.0,1.9506410256410256,0 days 00:00:01.200000,4.0,16.0
3,2026,Japanese Grand Prix,1281,11253,46,Suzuka,2026-03-29 14:00:00,5,Gabriel Bortoleto,BOR,bortoleto,audi,13.0,9.0,13,Finished,0.0,0 days 00:00:59.078000,53.0,18.556410256410256,0.0,1.9506410256410256,0 days 00:00:01.212000,2.0,2.0
3,2026,Japanese Grand Prix,1281,11253,46,Suzuka,2026-03-29 14:00:00,41,Arvid Lindblad,LIN,arvid_lindblad,rb,14.0,10.0,14,Finished,0.0,0 days 00:00:59.848000,53.0,18.556410256410256,0.0,1.9506410256410256,0 days 00:00:01.331000,4.0,14.0
3,2026,Japanese Grand Prix,1281,11253,46,Suzuka,2026-03-29 14:00:00,55,Carlos Sainz,SAI,sainz,williams,15.0,16.0,15,Finished,0.0,0 days 00:01:05.008000,53.0,18.556410256410256,0.0,1.9506410256410256,0 days 00:00:02.149000,2.0,2.0
3,2026,Japanese Grand Prix,1281,11253,46,Suzuka,2026-03-29 14:00:00,43,Franco Colapinto,COL,colapinto,alpine,16.0,15.0,16,Finished,0.0,0 days 00:01:05.773000,53.0,18.556410256410256,0.0,1.9506410256410256,0 days 00:00:01.849000,1.0,16.0
3,2026,Japanese Grand Prix,1281,11253,46,Suzuka,2026-03-29 14:00:00,11,Sergio Perez,PER,perez,cadillac,17.0,19.0,17,Finished,0.0,0 days 00:01:32.453000,53.0,18.556410256410256,0.0,1.9506410256410256,0 days 00:00:03.428000,0.0,0.0
3,2026,Japanese Grand Prix,1281,11253,46,Suzuka,2026-03-29 14:00:00,14,Fernando Alonso,ALO,alonso,aston_martin,18.0,21.0,18,Lapped,0.0,0 days 00:00:26.548000,52.0,18.556410256410256,0.0,1.9506410256410256,0 days 00:00:03.868000,0.0,0.0
3,2026,Japanese Grand Prix,1281,11253,46,Suzuka,2026-03-29 14:00:00,77,Valtteri Bottas,BOT,bottas,cadillac,19.0,20.0,19,Lapped,0.0,0 days 00:00:42.621000,52.0,18.556410256410256,0.0,1.9506410256410256,0 days 00:00:03.552000,0.0,0.0
3,2026,Japanese Grand Prix,1281,11253,46,Suzuka,2026-03-29 14:00:00,23,Alexander Albon,ALB,albon,williams,20.0,17.0,20,Lapped,0.0,0 days 00:00:05.067000,51.0,18.556410256410256,0.0,1.9506410256410256,0 days 00:00:02.310000,0.0,2.0
3,2026,Japanese Grand Prix,1281,11253,46,Suzuka,2026-03-29 14:00:00,18,Lance Stroll,STR,stroll,aston_martin,21.0,22.0,R,Retired,0.0,0 days 02:46:00,30.0,18.556410256410256,0.0,1.9506410256410256,0 days 00:00:04.142000,0.0,0.0
3,2026,Japanese Grand Prix,1281,11253,46,Suzuka,2026-03-29 14:00:00,87,Oliver Bearman,BEA,bearman,haas,22.0,18.0,R,Retired,0.0,0 days 02:46:00,20.0,18.556410256410256,0.0,1.9506410256410256,0 days 00:00:02.312000,17.0,18.0
4,2026,Miami Grand Prix,1284,11280,151,Miami,2026-05-03 13:00:00,12,Kimi Antonelli,ANT,antonelli,mercedes,1.0,1.0,1,Finished,25.0,0 days 01:33:19.273000,57.0,27.12559523809524,0.0178571428571428,1.1517857142857142,0 days 00:00:00,100.0,180.0
4,2026,Miami Grand Prix,1284,11280,151,Miami,2026-05-03 13:00:00,1,Lando Norris,NOR,norris,mclaren,2.0,4.0,2,Finished,18.0,0 days 00:00:03.264000,57.0,27.12559523809524,0.0178571428571428,1.1517857142857142,0 days 00:00:00.385000,51.0,94.0
4,2026,Miami Grand Prix,1284,11280,151,Miami,2026-05-03 13:00:00,81,Oscar Piastri,PIA,piastri,mclaren,3.0,7.0,3,Finished,15.0,0 days 00:00:27.092000,57.0,27.12559523809524,0.0178571428571428,1.1517857142857142,0 days 00:00:00.534000,43.0,94.0
4,2026,Miami Grand Prix,1284,11280,151,Miami,2026-05-03 13:00:00,63,George Russell,RUS,russell,mercedes,4.0,5.0,4,Finished,12.0,0 days 00:00:43.051000,57.0,27.12559523809524,0.0178571428571428,1.1517857142857142,0 days 00:00:00.399000,80.0,180.0
4,2026,Miami Grand Prix,1284,11280,151,Miami,2026-05-03 13:00:00,3,Max Verstappen,VER,max_verstappen,red_bull,5.0,2.0,5,Finished,10.0,0 days 00:00:48.949000,57.0,27.12559523809524,0.0178571428571428,1.1517857142857142,0 days 00:00:00.166000,26.0,30.0
4,2026,Miami Grand Prix,1284,11280,151,Miami,2026-05-03 13:00:00,44,Lewis Hamilton,HAM,hamilton,ferrari,6.0,6.0,6,Finished,8.0,0 days 00:00:53.753000,57.0,27.12559523809524,0.0178571428571428,1.1517857142857142,0 days 00:00:00.521000,51.0,110.0
4,2026,Miami Grand Prix,1284,11280,151,Miami,2026-05-03 13:00:00,43,Franco Colapinto,COL,colapinto,alpine,7.0,8.0,7,Finished,6.0,0 days 00:01:01.871000,57.0,27.12559523809524,0.0178571428571428,1.1517857142857142,0 days 00:00:00.964000,7.0,23.0
4,2026,Miami Grand Prix,1284,11280,151,Miami,2026-05-03 13:00:00,16,Charles Leclerc,LEC,leclerc,ferrari,8.0,3.0,8,Finished,4.0,0 days 00:01:04.245000,57.0,27.12559523809524,0.0178571428571428,1.1517857142857142,0 days 00:00:00.345000,59.0,110.0
4,2026,Miami Grand Prix,1284,11280,151,Miami,2026-05-03 13:00:00,55,Carlos Sainz,SAI,sainz,williams,9.0,13.0,9,Finished,2.0,0 days 00:01:22.072000,57.0,27.12559523809524,0.0178571428571428,1.1517857142857142,0 days 00:00:01.742000,4.0,5.0
4,2026,Miami Grand Prix,1284,11280,151,Miami,2026-05-03 13:00:00,23,Alexander Albon,ALB,albon,williams,10.0,15.0,10,Finished,1.0,0 days 00:01:30.972000,57.0,27.12559523809524,0.0178571428571428,1.1517857142857142,0 days 00:00:01.922000,1.0,5.0
4,2026,Miami Grand Prix,1284,11280,151,Miami,2026-05-03 13:00:00,87,Oliver Bearman,BEA,bearman,haas,11.0,12.0,11,Lapped,0.0,0 days 00:00:06.400000,56.0,27.12559523809524,0.0178571428571428,1.1517857142857142,0 days 00:00:01.542000,17.0,18.0
4,2026,Miami Grand Prix,1284,11280,151,Miami,2026-05-03 13:00:00,5,Gabriel Bortoleto,BOR,bortoleto,audi,12.0,21.0,12,Lapped,0.0,0 days 00:00:09.353000,56.0,27.12559523809524,0.0178571428571428,1.1517857142857142,0 days 00:00:05.939000,2.0,2.0
4,2026,Miami Grand Prix,1284,11280,151,Miami,2026-05-03 13:00:00,31,Esteban Ocon,OCO,ocon,haas,13.0,14.0,13,Lapped,0.0,0 days 00:00:13.873000,56.0,27.12559523809524,0.0178571428571428,1.1517857142857142,0 days 00:00:01.974000,1.0,18.0
4,2026,Miami Grand Prix,1284,11280,151,Miami,2026-05-03 13:00:00,41,Arvid Lindblad,LIN,arvid_lindblad,rb,14.0,16.0,14,Lapped,0.0,0 days 00:00:44.781000,56.0,27.12559523809524,0.0178571428571428,1.1517857142857142,0 days 00:00:02.335000,4.0,14.0
4,2026,Miami Grand Prix,1284,11280,151,Miami,2026-05-03 13:00:00,14,Fernando Alonso,ALO,alonso,aston_martin,15.0,17.0,15,Lapped,0.0,0 days 00:01:14.964000,56.0,27.12559523809524,0.0178571428571428,1.1517857142857142,0 days 00:00:03.300000,0.0,0.0
4,2026,Miami Grand Prix,1284,11280,151,Miami,2026-05-03 13:00:00,11,Sergio Perez,PER,perez,cadillac,16.0,20.0,16,Lapped,0.0,0 days 00:01:17.513000,56.0,27.12559523809524,0.0178571428571428,1.1517857142857142,0 days 00:00:04.169000,0.0,0.0
4,2026,Miami Grand Prix,1284,11280,151,Miami,2026-05-03 13:00:00,18,Lance Stroll,STR,stroll,aston_martin,17.0,18.0,17,Lapped,0.0,0 days 00:01:22.631000,56.0,27.12559523809524,0.0178571428571428,1.1517857142857142,0 days 00:00:03.366000,0.0,0.0
4,2026,Miami Grand Prix,1284,11280,151,Miami,2026-05-03 13:00:00,77,Valtteri Bottas,BOT,bottas,cadillac,18.0,19.0,18,Lapped,0.0,0 days 00:01:08.255000,55.0,27.12559523809524,0.0178571428571428,1.1517857142857142,0 days 00:00:03.831000,0.0,0.0
4,2026,Miami Grand Prix,1284,11280,151,Miami,2026-05-03 13:00:00,27,Nico Hulkenberg,HUL,hulkenberg,audi,19.0,10.0,R,Retired,0.0,0 days 02:46:00,7.0,27.12559523809524,0.0178571428571428,1.1517857142857142,0 days 00:00:01.641000,0.0,2.0
4,2026,Miami Grand Prix,1284,11280,151,Miami,2026-05-03 13:00:00,30,Liam Lawson,LAW,lawson,rb,20.0,11.0,R,Retired,0.0,0 days 02:46:00,6.0,27.12559523809524,0.0178571428571428,1.1517857142857142,0 days 00:00:01.701000,10.0,14.0
4,2026,Miami Grand Prix,1284,11280,151,Miami,2026-05-03 13:00:00,10,Pierre Gasly,GAS,gasly,alpine,21.0,9.0,R,Retired,0.0,0 days 02:46:00,4.0,27.12559523809524,0.0178571428571428,1.1517857142857142,0 days 00:00:01.012000,16.0,23.0
4,2026,Miami Grand Prix,1284,11280,151,Miami,2026-05-03 13:00:00,6,Isack Hadjar,HAD,hadjar,red_bull,22.0,22.0,R,Retired,0.0,0 days 02:46:00,4.0,27.12559523809524,0.0178571428571428,1.1517857142857142,0 days 02:46:00,4.0,30.0
5,2026,Canadian Grand Prix,1285,11291,23,Montreal,2026-05-24 16:00:00,12,Kimi Antonelli,ANT,antonelli,mercedes,1.0,2.0,1,Finished,25.0,0 days 01:28:15.758000,68.0,12.84875,0.0,3.015625,0 days 00:00:00.068000,131.0,219.0
5,2026,Canadian Grand Prix,1285,11291,23,Montreal,2026-05-24 16:00:00,44,Lewis Hamilton,HAM,hamilton,ferrari,2.0,5.0,2,Finished,18.0,0 days 00:00:10.768000,68.0,12.84875,0.0,3.015625,0 days 00:00:00.290000,72.0,147.0
5,2026,Canadian Grand Prix,1285,11291,23,Montreal,2026-05-24 16:00:00,3,Max Verstappen,VER,max_verstappen,red_bull,3.0,6.0,3,Finished,15.0,0 days 00:00:11.276000,68.0,12.84875,0.0,3.015625,0 days 00:00:00.329000,43.0,57.0
5,2026,Canadian Grand Prix,1285,11291,23,Montreal,2026-05-24 16:00:00,16,Charles Leclerc,LEC,leclerc,ferrari,4.0,8.0,4,Finished,12.0,0 days 00:00:44.151000,68.0,12.84875,0.0,3.015625,0 days 00:00:00.398000,75.0,147.0
5,2026,Canadian Grand Prix,1285,11291,23,Montreal,2026-05-24 16:00:00,6,Isack Hadjar,HAD,hadjar,red_bull,5.0,7.0,5,Lapped,10.0,0 days 00:00:05.033000,67.0,12.84875,0.0,3.015625,0 days 00:00:00.357000,14.0,57.0
5,2026,Canadian Grand Prix,1285,11291,23,Montreal,2026-05-24 16:00:00,43,Franco Colapinto,COL,colapinto,alpine,6.0,10.0,6,Lapped,8.0,0 days 00:00:19.510000,67.0,12.84875,0.0,3.015625,0 days 00:00:01.119000,15.0,35.0
5,2026,Canadian Grand Prix,1285,11291,23,Montreal,2026-05-24 16:00:00,30,Liam Lawson,LAW,lawson,rb,7.0,12.0,7,Lapped,6.0,0 days 00:00:34.235000,67.0,12.84875,0.0,3.015625,0 days 00:00:01.319000,16.0,21.0
5,2026,Canadian Grand Prix,1285,11291,23,Montreal,2026-05-24 16:00:00,10,Pierre Gasly,GAS,gasly,alpine,8.0,14.0,8,Lapped,4.0,0 days 00:00:34.572000,67.0,12.84875,0.0,3.015625,0 days 00:00:01.609000,20.0,35.0
5,2026,Canadian Grand Prix,1285,11291,23,Montreal,2026-05-24 16:00:00,55,Carlos Sainz,SAI,sainz,williams,9.0,15.0,9,Lapped,2.0,0 days 00:00:58.014000,67.0,12.84875,0.0,3.015625,0 days 00:00:01.695000,6.0,7.0
5,2026,Canadian Grand Prix,1285,11291,23,Montreal,2026-05-24 16:00:00,87,Oliver Bearman,BEA,bearman,haas,10.0,16.0,10,Lapped,1.0,0 days 00:00:59.049000,67.0,12.84875,0.0,3.015625,0 days 00:00:01.838000,18.0,19.0
5,2026,Canadian Grand Prix,1285,11291,23,Montreal,2026-05-24 16:00:00,81,Oscar Piastri,PIA,piastri,mclaren,11.0,4.0,11,Lapped,0.0,0 days 00:00:12.699000,66.0,12.84875,0.0,3.015625,0 days 00:00:00.203000,48.0,106.0
5,2026,Canadian Grand Prix,1285,11291,23,Montreal,2026-05-24 16:00:00,27,Nico Hulkenberg,HUL,hulkenberg,audi,12.0,11.0,12,Lapped,0.0,0 days 00:00:14.182000,66.0,12.84875,0.0,3.015625,0 days 00:00:01.308000,0.0,2.0
5,2026,Canadian Grand Prix,1285,11291,23,Montreal,2026-05-24 16:00:00,5,Gabriel Bortoleto,BOR,bortoleto,audi,13.0,13.0,13,Lapped,0.0,0 days 00:00:21.156000,66.0,12.84875,0.0,3.015625,0 days 00:00:01.493000,2.0,2.0
5,2026,Canadian Grand Prix,1285,11291,23,Montreal,2026-05-24 16:00:00,31,Esteban Ocon,OCO,ocon,haas,14.0,17.0,14,Lapped,0.0,0 days 00:01:08.635000,66.0,12.84875,0.0,3.015625,0 days 00:00:02.267000,1.0,19.0
5,2026,Canadian Grand Prix,1285,11291,23,Montreal,2026-05-24 16:00:00,18,Lance Stroll,STR,stroll,aston_martin,15.0,22.0,15,Lapped,0.0,0 days 00:00:18.397000,64.0,12.84875,0.0,3.015625,0 days 00:00:03.617000,0.0,0.0
5,2026,Canadian Grand Prix,1285,11291,23,Montreal,2026-05-24 16:00:00,77,Valtteri Bottas,BOT,bottas,cadillac,16.0,21.0,16,Lapped,0.0,0 days 00:00:53.390000,64.0,12.84875,0.0,3.015625,0 days 00:00:03.694000,0.0,0.0
5,2026,Canadian Grand Prix,1285,11291,23,Montreal,2026-05-24 16:00:00,11,Sergio Perez,PER,perez,cadillac,17.0,20.0,R,Retired,0.0,0 days 02:46:00,39.0,12.84875,0.0,3.015625,0 days 00:00:02.851000,0.0,0.0
5,2026,Canadian Grand Prix,1285,11291,23,Montreal,2026-05-24 16:00:00,1,Lando Norris,NOR,norris,mclaren,18.0,3.0,R,Retired,0.0,0 days 02:46:00,38.0,12.84875,0.0,3.015625,0 days 00:00:00.151000,58.0,106.0
5,2026,Canadian Grand Prix,1285,11291,23,Montreal,2026-05-24 16:00:00,63,George Russell,RUS,russell,mercedes,19.0,1.0,R,Retired,0.0,0 days 02:46:00,29.0,12.84875,0.0,3.015625,0 days 00:00:00,88.0,219.0
5,2026,Canadian Grand Prix,1285,11291,23,Montreal,2026-05-24 16:00:00,14,Fernando Alonso,ALO,alonso,aston_martin,20.0,19.0,R,Retired,0.0,0 days 02:46:00,23.0,12.84875,0.0,3.015625,0 days 00:00:02.618000,0.0,0.0
5,2026,Canadian Grand Prix,1285,11291,23,Montreal,2026-05-24 16:00:00,23,Alexander Albon,ALB,albon,williams,21.0,18.0,R,Retired,0.0,0 days 02:46:00,11.0,12.84875,0.0,3.015625,0 days 00:00:02.273000,1.0,7.0
5,2026,Canadian Grand Prix,1285,11291,23,Montreal,2026-05-24 16:00:00,41,Arvid Lindblad,LIN,arvid_lindblad,rb,22.0,9.0,W,Did not start,0.0,0 days 02:46:00,0.0,12.84875,0.0,3.015625,0 days 00:00:00.702000,5.0,21.0
6,2026,Monaco Grand Prix,1286,11299,22,Monte Carlo,2026-06-07 15:00:00,12,Kimi Antonelli,ANT,antonelli,mercedes,1.0,1.0,1,Finished,25.0,0 days 02:23:31.243000,78.0,23.677403846153844,0.0,0.8418269230769231,0 days 00:00:00,156.0,244.0
6,2026,Monaco Grand Prix,1286,11299,22,Monte Carlo,2026-06-07 15:00:00,44,Lewis Hamilton,HAM,hamilton,ferrari,2.0,3.0,2,Finished,18.0,0 days 00:00:06.271000,78.0,23.677403846153844,0.0,0.8418269230769231,0 days 00:00:00.228000,90.0,165.0
6,2026,Monaco Grand Prix,1286,11299,22,Monte Carlo,2026-06-07 15:00:00,6,Isack Hadjar,HAD,hadjar,red_bull,3.0,5.0,3,Finished,15.0,0 days 00:00:23.394000,78.0,23.677403846153844,0.0,0.8418269230769231,0 days 00:00:00.383000,29.0,72.0
6,2026,Monaco Grand Prix,1286,11299,22,Monte Carlo,2026-06-07 15:00:00,81,Oscar Piastri,PIA,piastri,mclaren,4.0,7.0,4,Finished,12.0,0 days 00:00:24.261000,78.0,23.677403846153844,0.0,0.8418269230769231,0 days 00:00:00.573000,60.0,118.0
6,2026,Monaco Grand Prix,1286,11299,22,Monte Carlo,2026-06-07 15:00:00,30,Liam Lawson,LAW,lawson,rb,5.0,10.0,5,Finished,10.0,0 days 00:00:26.553000,78.0,23.677403846153844,0.0,0.8418269230769231,0 days 00:00:01.361000,26.0,39.0
6,2026,Monaco Grand Prix,1286,11299,22,Monte Carlo,2026-06-07 15:00:00,41,Arvid Lindblad,LIN,arvid_lindblad,rb,6.0,15.0,6,Finished,8.0,0 days 00:00:29.010000,78.0,23.677403846153844,0.0,0.8418269230769231,0 days 00:00:02.197000,13.0,39.0
6,2026,Monaco Grand Prix,1286,11299,22,Monte Carlo,2026-06-07 15:00:00,10,Pierre Gasly,GAS,gasly,alpine,7.0,9.0,7,Finished,6.0,0 days 00:00:30.369000,78.0,23.677403846153844,0.0,0.8418269230769231,0 days 00:00:01.175000,26.0,41.0
6,2026,Monaco Grand Prix,1286,11299,22,Monte Carlo,2026-06-07 15:00:00,23,Alexander Albon,ALB,albon,williams,8.0,11.0,8,Finished,4.0,0 days 00:00:33.413000,78.0,23.677403846153844,0.0,0.8418269230769231,0 days 00:00:01.736000,5.0,11.0
6,2026,Monaco Grand Prix,1286,11299,22,Monte Carlo,2026-06-07 15:00:00,31,Esteban Ocon,OCO,ocon,haas,9.0,17.0,9,Finished,2.0,0 days 00:00:37.140000,78.0,23.677403846153844,0.0,0.8418269230769231,0 days 00:00:02.671000,3.0,21.0
6,2026,Monaco Grand Prix,1286,11299,22,Monte Carlo,2026-06-07 15:00:00,14,Fernando Alonso,ALO,alonso,aston_martin,10.0,21.0,10,Finished,1.0,0 days 00:00:41.899000,78.0,23.677403846153844,0.0,0.8418269230769231,0 days 00:00:03.298000,1.0,1.0
6,2026,Monaco Grand Prix,1286,11299,22,Monte Carlo,2026-06-07 15:00:00,5,Gabriel Bortoleto,BOR,bortoleto,audi,11.0,16.0,11,Finished,0.0,0 days 00:00:42.748000,78.0,23.677403846153844,0.0,0.8418269230769231,0 days 00:00:02.632000,2.0,2.0
6,2026,Monaco Grand Prix,1286,11299,22,Monte Carlo,2026-06-07 15:00:00,63,George Russell,RUS,russell,mercedes,12.0,6.0,12,Finished,0.0,0 days 00:00:43.353000,78.0,23.677403846153844,0.0,0.8418269230769231,0 days 00:00:00.394000,88.0,244.0
6,2026,Monaco Grand Prix,1286,11299,22,Monte Carlo,2026-06-07 15:00:00,27,Nico Hulkenberg,HUL,hulkenberg,audi,13.0,13.0,13,Finished,0.0,0 days 00:00:44.102000,78.0,23.677403846153844,0.0,0.8418269230769231,0 days 00:00:01.851000,0.0,2.0
6,2026,Monaco Grand Prix,1286,11299,22,Monte Carlo,2026-06-07 15:00:00,43,Franco Colapinto,COL,colapinto,alpine,14.0,14.0,14,Finished,0.0,0 days 00:00:48.964000,78.0,23.677403846153844,0.0,0.8418269230769231,0 days 00:00:01.944000,15.0,41.0
6,2026,Monaco Grand Prix,1286,11299,22,Monte Carlo,2026-06-07 15:00:00,11,Sergio Perez,PER,perez,cadillac,15.0,18.0,15,Finished,0.0,0 days 00:00:49.153000,78.0,23.677403846153844,0.0,0.8418269230769231,0 days 00:00:02.696000,0.0,0.0
6,2026,Monaco Grand Prix,1286,11299,22,Monte Carlo,2026-06-07 15:00:00,55,Carlos Sainz,SAI,sainz,williams,16.0,12.0,16,Retired,0.0,0 days 02:46:00,70.0,23.677403846153844,0.0,0.8418269230769231,0 days 00:00:01.764000,6.0,11.0
6,2026,Monaco Grand Prix,1286,11299,22,Monte Carlo,2026-06-07 15:00:00,16,Charles Leclerc,LEC,leclerc,ferrari,17.0,4.0,R,Retired,0.0,0 days 02:46:00,64.0,23.677403846153844,0.0,0.8418269230769231,0 days 00:00:00.300000,75.0,165.0
6,2026,Monaco Grand Prix,1286,11299,22,Monte Carlo,2026-06-07 15:00:00,18,Lance Stroll,STR,stroll,aston_martin,18.0,22.0,R,Retired,0.0,0 days 02:46:00,56.0,23.677403846153844,0.0,0.8418269230769231,0 days 00:00:04.010000,0.0,1.0
6,2026,Monaco Grand Prix,1286,11299,22,Monte Carlo,2026-06-07 15:00:00,1,Lando Norris,NOR,norris,mclaren,19.0,8.0,R,Retired,0.0,0 days 02:46:00,43.0,23.677403846153844,0.0,0.8418269230769231,0 days 00:00:00.714000,58.0,118.0
6,2026,Monaco Grand Prix,1286,11299,22,Monte Carlo,2026-06-07 15:00:00,87,Oliver Bearman,BEA,bearman,haas,20.0,19.0,R,Retired,0.0,0 days 02:46:00,27.0,23.677403846153844,0.0,0.8418269230769231,0 days 00:00:02.763000,18.0,21.0
6,2026,Monaco Grand Prix,1286,11299,22,Monte Carlo,2026-06-07 15:00:00,77,Valtteri Bottas,BOT,bottas,cadillac,21.0,20.0,R,Retired,0.0,0 days 02:46:00,15.0,23.677403846153844,0.0,0.8418269230769231,0 days 00:00:03.232000,0.0,0.0
6,2026,Monaco Grand Prix,1286,11299,22,Monte Carlo,2026-06-07 15:00:00,3,Max Verstappen,VER,max_verstappen,red_bull,22.0,2.0,R,Retired,0.0,0 days 02:46:00,0.0,23.677403846153844,0.0,0.8418269230769231,0 days 00:00:00.043000,43.0,72.0
7,2026,Barcelona Grand Prix,1287,11307,15,Catalunya,2026-06-14 15:00:00,44,Lewis Hamilton,HAM,hamilton,ferrari,1.0,2.0,1,Finished,25.0,0 days 01:32:28.105000,66.0,30.52933333333333,0.0,2.5713333333333335,0 days 00:00:00.064000,115.0,190.0
7,2026,Barcelona Grand Prix,1287,11307,15,Catalunya,2026-06-14 15:00:00,63,George Russell,RUS,russell,mercedes,2.0,1.0,2,Finished,18.0,0 days 00:00:19.561000,66.0,30.52933333333333,0.0,2.5713333333333335,0 days 00:00:00,106.0,262.0
7,2026,Barcelona Grand Prix,1287,11307,15,Catalunya,2026-06-14 15:00:00,1,Lando Norris,NOR,norris,mclaren,3.0,4.0,3,Finished,15.0,0 days 00:00:23.719000,66.0,30.52933333333333,0.0,2.5713333333333335,0 days 00:00:00.322000,73.0,143.0
7,2026,Barcelona Grand Prix,1287,11307,15,Catalunya,2026-06-14 15:00:00,3,Max Verstappen,VER,max_verstappen,red_bull,4.0,5.0,4,Finished,12.0,0 days 00:00:40.497000,66.0,30.52933333333333,0.0,2.5713333333333335,0 days 00:00:00.342000,55.0,92.0
7,2026,Barcelona Grand Prix,1287,11307,15,Catalunya,2026-06-14 15:00:00,81,Oscar Piastri,PIA,piastri,mclaren,5.0,7.0,5,Finished,10.0,0 days 00:00:58.661000,66.0,30.52933333333333,0.0,2.5713333333333335,0 days 00:00:00.411000,70.0,143.0
7,2026,Barcelona Grand Prix,1287,11307,15,Catalunya,2026-06-14 15:00:00,6,Isack Hadjar,HAD,hadjar,red_bull,6.0,6.0,6,Lapped,8.0,0 days 00:00:24.627000,65.0,30.52933333333333,0.0,2.5713333333333335,0 days 00:00:00.398000,37.0,92.0
7,2026,Barcelona Grand Prix,1287,11307,15,Catalunya,2026-06-14 15:00:00,10,Pierre Gasly,GAS,gasly,alpine,7.0,14.0,7,Lapped,6.0,0 days 00:00:55.789000,65.0,30.52933333333333,0.0,2.5713333333333335,0 days 00:00:01.582000,32.0,48.0
7,2026,Barcelona Grand Prix,1287,11307,15,Catalunya,2026-06-14 15:00:00,30,Liam Lawson,LAW,lawson,rb,8.0,8.0,8,Lapped,4.0,0 days 00:01:12.224000,65.0,30.52933333333333,0.0,2.5713333333333335,0 days 00:00:00.906000,30.0,45.0
7,2026,Barcelona Grand Prix,1287,11307,15,Catalunya,2026-06-14 15:00:00,41,Arvid Lindblad,LIN,arvid_lindblad,rb,9.0,11.0,9,Lapped,2.0,0 days 00:01:18.074000,65.0,30.52933333333333,0.0,2.5713333333333335,0 days 00:00:01.161000,15.0,45.0
7,2026,Barcelona Grand Prix,1287,11307,15,Catalunya,2026-06-14 15:00:00,43,Franco Colapinto,COL,colapinto,alpine,10.0,13.0,10,Lapped,1.0,0 days 00:01:19.867000,65.0,30.52933333333333,0.0,2.5713333333333335,0 days 00:00:01.512000,16.0,48.0
7,2026,Barcelona Grand Prix,1287,11307,15,Catalunya,2026-06-14 15:00:00,5,Gabriel Bortoleto,BOR,bortoleto,audi,11.0,12.0,11,Lapped,0.0,0 days 00:00:26.687000,64.0,30.52933333333333,0.0,2.5713333333333335,0 days 00:00:01.322000,2.0,2.0
7,2026,Barcelona Grand Prix,1287,11307,15,Catalunya,2026-06-14 15:00:00,55,Carlos Sainz,SAI,sainz,williams,12.0,16.0,12,Lapped,0.0,0 days 00:00:27.866000,64.0,30.52933333333333,0.0,2.5713333333333335,0 days 00:00:02.202000,6.0,11.0
7,2026,Barcelona Grand Prix,1287,11307,15,Catalunya,2026-06-14 15:00:00,31,Esteban Ocon,OCO,ocon,haas,13.0,17.0,13,Lapped,0.0,0 days 00:00:59.149000,64.0,30.52933333333333,0.0,2.5713333333333335,0 days 00:00:02.394000,3.0,21.0
7,2026,Barcelona Grand Prix,1287,11307,15,Catalunya,2026-06-14 15:00:00,11,Sergio Perez,PER,perez,cadillac,14.0,19.0,14,Lapped,0.0,0 days 00:00:07.769000,63.0,30.52933333333333,0.0,2.5713333333333335,0 days 00:00:02.866000,0.0,0.0
7,2026,Barcelona Grand Prix,1287,11307,15,Catalunya,2026-06-14 15:00:00,16,Charles Leclerc,LEC,leclerc,ferrari,15.0,10.0,15,Retired,0.0,0 days 02:46:00,62.0,30.52933333333333,0.0,2.5713333333333335,0 days 00:00:00.602000,75.0,190.0
7,2026,Barcelona Grand Prix,1287,11307,15,Catalunya,2026-06-14 15:00:00,12,Kimi Antonelli,ANT,antonelli,mercedes,16.0,3.0,16,Retired,0.0,0 days 02:46:00,61.0,30.52933333333333,0.0,2.5713333333333335,0 days 00:00:00.319000,156.0,262.0
7,2026,Barcelona Grand Prix,1287,11307,15,Catalunya,2026-06-14 15:00:00,87,Oliver Bearman,BEA,bearman,haas,17.0,15.0,17,Retired,0.0,0 days 02:46:00,60.0,30.52933333333333,0.0,2.5713333333333335,0 days 00:00:01.710000,18.0,21.0
7,2026,Barcelona Grand Prix,1287,11307,15,Catalunya,2026-06-14 15:00:00,23,Alexander Albon,ALB,albon,williams,18.0,18.0,R,Lapped,0.0,0 days 02:46:00,55.0,30.52933333333333,0.0,2.5713333333333335,0 days 00:00:02.745000,5.0,11.0
7,2026,Barcelona Grand Prix,1287,11307,15,Catalunya,2026-06-14 15:00:00,14,Fernando Alonso,ALO,alonso,aston_martin,19.0,22.0,R,Retired,0.0,0 days 02:46:00,37.0,30.52933333333333,0.0,2.5713333333333335,0 days 00:00:04.136000,1.0,1.0
7,2026,Barcelona Grand Prix,1287,11307,15,Catalunya,2026-06-14 15:00:00,27,Nico Hulkenberg,HUL,hulkenberg,audi,20.0,9.0,R,Retired,0.0,0 days 02:46:00,29.0,30.52933333333333,0.0,2.5713333333333335,0 days 00:00:01.089000,0.0,2.0
7,2026,Barcelona Grand Prix,1287,11307,15,Catalunya,2026-06-14 15:00:00,77,Valtteri Bottas,BOT,bottas,cadillac,21.0,20.0,R,Retired,0.0,0 days 02:46:00,15.0,30.52933333333333,0.0,2.5713333333333335,0 days 00:00:03.078000,0.0,0.0
7,2026,Barcelona Grand Prix,1287,11307,15,Catalunya,2026-06-14 15:00:00,18,Lance Stroll,STR,stroll,aston_martin,22.0,21.0,R,Retired,0.0,0 days 02:46:00,5.0,30.52933333333333,0.0,2.5713333333333335,0 days 00:00:04.079000,0.0,1.0
8,2026,Austrian Grand Prix,1288,11315,19,Spielberg,2026-06-28 15:00:00,63,George Russell,RUS,russell,mercedes,1.0,1.0,1,Finished,25.0,0 days 01:26:37.979000,71.0,34.46711409395974,0.0,1.5228187919463088,0 days 00:00:00,131.0,302.0
8,2026,Austrian Grand Prix,1288,11315,19,Spielberg,2026-06-28 15:00:00,3,Max Verstappen,VER,max_verstappen,red_bull,2.0,5.0,2,Finished,18.0,0 days 00:00:01.611000,71.0,34.46711409395974,0.0,1.5228187919463088,0 days 00:00:00.362000,73.0,118.0
8,2026,Austrian Grand Prix,1288,11315,19,Spielberg,2026-06-28 15:00:00,12,Kimi Antonelli,ANT,antonelli,mercedes,3.0,4.0,3,Finished,15.0,0 days 00:00:01.986000,71.0,34.46711409395974,0.0,1.5228187919463088,0 days 00:00:00.301000,171.0,302.0
8,2026,Austrian Grand Prix,1288,11315,19,Spielberg,2026-06-28 15:00:00,81,Oscar Piastri,PIA,piastri,mclaren,4.0,7.0,4,Finished,12.0,0 days 00:00:21.809000,71.0,34.46711409395974,0.0,1.5228187919463088,0 days 00:00:00.398000,82.0,161.0
8,2026,Austrian Grand Prix,1288,11315,19,Spielberg,2026-06-28 15:00:00,44,Lewis Hamilton,HAM,hamilton,ferrari,5.0,3.0,5,Finished,10.0,0 days 00:00:26.393000,71.0,34.46711409395974,0.0,1.5228187919463088,0 days 00:00:00.295000,125.0,204.0
8,2026,Austrian Grand Prix,1288,11315,19,Spielberg,2026-06-28 15:00:00,6,Isack Hadjar,HAD,hadjar,red_bull,6.0,8.0,6,Finished,8.0,0 days 00:00:29.399000,71.0,34.46711409395974,0.0,1.5228187919463088,0 days 00:00:00.519000,45.0,118.0
8,2026,Austrian Grand Prix,1288,11315,19,Spielberg,2026-06-28 15:00:00,1,Lando Norris,NOR,norris,mclaren,7.0,6.0,7,Finished,6.0,0 days 00:00:31.505000,71.0,34.46711409395974,0.0,1.5228187919463088,0 days 00:00:00.389000,79.0,161.0
8,2026,Austrian Grand Prix,1288,11315,19,Spielberg,2026-06-28 15:00:00,16,Charles Leclerc,LEC,leclerc,ferrari,8.0,2.0,8,Finished,4.0,0 days 00:00:45.659000,71.0,34.46711409395974,0.0,1.5228187919463088,0 days 00:00:00.236000,79.0,204.0
8,2026,Austrian Grand Prix,1288,11315,19,Spielberg,2026-06-28 15:00:00,30,Liam Lawson,LAW,lawson,rb,9.0,9.0,9,Lapped,2.0,0 days 00:00:15.334000,70.0,34.46711409395974,0.0,1.5228187919463088,0 days 00:00:00.842000,32.0,48.0
8,2026,Austrian Grand Prix,1288,11315,19,Spielberg,2026-06-28 15:00:00,41,Arvid Lindblad,LIN,arvid_lindblad,rb,10.0,10.0,10,Lapped,1.0,0 days 00:00:19.030000,70.0,34.46711409395974,0.0,1.5228187919463088,0 days 00:00:00.894000,16.0,48.0
8,2026,Austrian Grand Prix,1288,11315,19,Spielberg,2026-06-28 15:00:00,5,Gabriel Bortoleto,BOR,bortoleto,audi,11.0,12.0,11,Lapped,0.0,0 days 00:00:30.315000,70.0,34.46711409395974,0.0,1.5228187919463088,0 days 00:00:01.180000,2.0,2.0
8,2026,Austrian Grand Prix,1288,11315,19,Spielberg,2026-06-28 15:00:00,27,Nico Hulkenberg,HUL,hulkenberg,audi,12.0,14.0,12,Lapped,0.0,0 days 00:00:38.484000,70.0,34.46711409395974,0.0,1.5228187919463088,0 days 00:00:01.498000,0.0,2.0
8,2026,Austrian Grand Prix,1288,11315,19,Spielberg,2026-06-28 15:00:00,10,Pierre Gasly,GAS,gasly,alpine,13.0,11.0,13,Lapped,0.0,0 days 00:00:39.251000,70.0,34.46711409395974,0.0,1.5228187919463088,0 days 00:00:01.110000,32.0,48.0
8,2026,Austrian Grand Prix,1288,11315,19,Spielberg,2026-06-28 15:00:00,87,Oliver Bearman,BEA,bearman,haas,14.0,13.0,14,Lapped,0.0,0 days 00:01:02.677000,70.0,34.46711409395974,0.0,1.5228187919463088,0 days 00:00:01.410000,18.0,21.0
8,2026,Austrian Grand Prix,1288,11315,19,Spielberg,2026-06-28 15:00:00,43,Franco Colapinto,COL,colapinto,alpine,15.0,16.0,15,Lapped,0.0,0 days 00:01:05.647000,70.0,34.46711409395974,0.0,1.5228187919463088,0 days 00:00:01.781000,16.0,48.0
8,2026,Austrian Grand Prix,1288,11315,19,Spielberg,2026-06-28 15:00:00,31,Esteban Ocon,OCO,ocon,haas,16.0,15.0,16,Lapped,0.0,0 days 00:00:25.932000,69.0,34.46711409395974,0.0,1.5228187919463088,0 days 00:00:01.704000,3.0,21.0
8,2026,Austrian Grand Prix,1288,11315,19,Spielberg,2026-06-28 15:00:00,23,Alexander Albon,ALB,albon,williams,17.0,18.0,17,Lapped,0.0,0 days 00:00:28.082000,69.0,34.46711409395974,0.0,1.5228187919463088,0 days 00:00:02.396000,5.0,11.0
8,2026,Austrian Grand Prix,1288,11315,19,Spielberg,2026-06-28 15:00:00,14,Fernando Alonso,ALO,alonso,aston_martin,18.0,21.0,18,Lapped,0.0,0 days 00:00:04.833000,68.0,34.46711409395974,0.0,1.5228187919463088,0 days 00:00:03.829000,1.0,1.0
8,2026,Austrian Grand Prix,1288,11315,19,Spielberg,2026-06-28 15:00:00,18,Lance Stroll,STR,stroll,aston_martin,19.0,22.0,R,Retired,0.0,0 days 02:46:00,45.0,34.46711409395974,0.0,1.5228187919463088,0 days 00:00:04.250000,0.0,1.0
8,2026,Austrian Grand Prix,1288,11315,19,Spielberg,2026-06-28 15:00:00,55,Carlos Sainz,SAI,sainz,williams,20.0,17.0,R,Retired,0.0,0 days 02:46:00,23.0,34.46711409395974,0.0,1.5228187919463088,0 days 00:00:02.139000,6.0,11.0
8,2026,Austrian Grand Prix,1288,11315,19,Spielberg,2026-06-28 15:00:00,11,Sergio Perez,PER,perez,cadillac,21.0,19.0,R,Retired,0.0,0 days 02:46:00,4.0,34.46711409395974,0.0,1.5228187919463088,0 days 00:00:02.832000,0.0,0.0
8,2026,Austrian Grand Prix,1288,11315,19,Spielberg,2026-06-28 15:00:00,77,Valtteri Bottas,BOT,bottas,cadillac,22.0,20.0,R,Retired,0.0,0 days 02:46:00,2.0,34.46711409395974,0.0,1.5228187919463088,0 days 00:00:02.917000,0.0,0.0
9,2026,British Grand Prix,1289,11326,2,Silverstone,2026-07-05 15:00:00,16,Charles Leclerc,LEC,leclerc,ferrari,1.0,2.0,1,Finished,25.0,0 days 01:27:11.335000,52.0,24.758333333333333,0.0,1.750641025641026,0 days 00:00:00.175000,108.0,255.0
9,2026,British Grand Prix,1289,11326,2,Silverstone,2026-07-05 15:00:00,63,George Russell,RUS,russell,mercedes,2.0,4.0,2,Finished,18.0,0 days 00:00:00.427000,52.0,24.758333333333333,0.0,1.750641025641026,0 days 00:00:00.370000,154.0,333.0
9,2026,British Grand Prix,1289,11326,2,Silverstone,2026-07-05 15:00:00,44,Lewis Hamilton,HAM,hamilton,ferrari,3.0,3.0,3,Finished,15.0,0 days 00:00:00.772000,52.0,24.758333333333333,0.0,1.750641025641026,0 days 00:00:00.347000,147.0,255.0
9,2026,British Grand Prix,1289,11326,2,Silverstone,2026-07-05 15:00:00,1,Lando Norris,NOR,norris,mclaren,4.0,6.0,4,Finished,12.0,0 days 00:00:01.149000,52.0,24.758333333333333,0.0,1.750641025641026,0 days 00:00:00.766000,97.0,181.0
9,2026,British Grand Prix,1289,11326,2,Silverstone,2026-07-05 15:00:00,6,Isack Hadjar,HAD,hadjar,red_bull,5.0,5.0,5,Finished,10.0,0 days 00:00:01.598000,52.0,24.758333333333333,0.0,1.750641025641026,0 days 00:00:00.635000,55.0,131.0
9,2026,British Grand Prix,1289,11326,2,Silverstone,2026-07-05 15:00:00,30,Liam Lawson,LAW,lawson,rb,6.0,10.0,6,Finished,8.0,0 days 00:00:02.023000,52.0,24.758333333333333,0.0,1.750641025641026,0 days 00:00:01.189000,41.0,63.0
9,2026,British Grand Prix,1289,11326,2,Silverstone,2026-07-05 15:00:00,41,Arvid Lindblad,LIN,arvid_lindblad,rb,7.0,9.0,7,Finished,6.0,0 days 00:00:02.214000,52.0,24.758333333333333,0.0,1.750641025641026,0 days 00:00:01.194000,22.0,63.0
9,2026,British Grand Prix,1289,11326,2,Silverstone,2026-07-05 15:00:00,5,Gabriel Bortoleto,BOR,bortoleto,audi,8.0,11.0,8,Finished,4.0,0 days 00:00:02.413000,52.0,24.758333333333333,0.0,1.750641025641026,0 days 00:00:01.350000,6.0,6.0
9,2026,British Grand Prix,1289,11326,2,Silverstone,2026-07-05 15:00:00,43,Franco Colapinto,COL,colapinto,alpine,9.0,19.0,9,Finished,2.0,0 days 00:00:03.229000,52.0,24.758333333333333,0.0,1.750641025641026,0 days 00:00:03.210000,18.0,51.0
9,2026,British Grand Prix,1289,11326,2,Silverstone,2026-07-05 15:00:00,10,Pierre Gasly,GAS,gasly,alpine,10.0,15.0,10,Finished,1.0,0 days 00:00:03.445000,52.0,24.758333333333333,0.0,1.750641025641026,0 days 00:00:01.952000,33.0,51.0
9,2026,British Grand Prix,1289,11326,2,Silverstone,2026-07-05 15:00:00,81,Oscar Piastri,PIA,piastri,mclaren,11.0,8.0,11,Finished,0.0,0 days 00:00:04.014000,52.0,24.758333333333333,0.0,1.750641025641026,0 days 00:00:00.921000,84.0,181.0
9,2026,British Grand Prix,1289,11326,2,Silverstone,2026-07-05 15:00:00,87,Oliver Bearman,BEA,bearman,haas,12.0,13.0,12,Finished,0.0,0 days 00:00:05.245000,52.0,24.758333333333333,0.0,1.750641025641026,0 days 00:00:02.390000,18.0,21.0
9,2026,British Grand Prix,1289,11326,2,Silverstone,2026-07-05 15:00:00,31,Esteban Ocon,OCO,ocon,haas,13.0,17.0,13,Finished,0.0,0 days 00:00:05.512000,52.0,24.758333333333333,0.0,1.750641025641026,0 days 00:00:02.569000,3.0,21.0
9,2026,British Grand Prix,1289,11326,2,Silverstone,2026-07-05 15:00:00,11,Sergio Perez,PER,perez,cadillac,14.0,20.0,14,Finished,0.0,0 days 00:00:07.403000,52.0,24.758333333333333,0.0,1.750641025641026,0 days 00:00:03.340000,0.0,0.0
9,2026,British Grand Prix,1289,11326,2,Silverstone,2026-07-05 15:00:00,12,Kimi Antonelli,ANT,antonelli,mercedes,15.0,1.0,15,Finished,0.0,0 days 00:00:08.005000,52.0,24.758333333333333,0.0,1.750641025641026,0 days 00:00:00,179.0,333.0
9,2026,British Grand Prix,1289,11326,2,Silverstone,2026-07-05 15:00:00,77,Valtteri Bottas,BOT,bottas,cadillac,16.0,18.0,16,Finished,0.0,0 days 00:00:08.162000,52.0,24.758333333333333,0.0,1.750641025641026,0 days 00:00:03.116000,0.0,0.0
9,2026,British Grand Prix,1289,11326,2,Silverstone,2026-07-05 15:00:00,55,Carlos Sainz,SAI,sainz,williams,17.0,14.0,17,Lapped,0.0,0 days 00:00:04.391000,51.0,24.758333333333333,0.0,1.750641025641026,0 days 00:00:02.451000,6.0,11.0
9,2026,British Grand Prix,1289,11326,2,Silverstone,2026-07-05 15:00:00,14,Fernando Alonso,ALO,alonso,aston_martin,18.0,21.0,18,Lapped,0.0,0 days 00:00:04.980000,51.0,24.758333333333333,0.0,1.750641025641026,0 days 00:00:04.914000,1.0,1.0
9,2026,British Grand Prix,1289,11326,2,Silverstone,2026-07-05 15:00:00,18,Lance Stroll,STR,stroll,aston_martin,19.0,22.0,19,Lapped,0.0,0 days 00:00:06.750000,51.0,24.758333333333333,0.0,1.750641025641026,0 days 00:00:04.752000,0.0,1.0
9,2026,British Grand Prix,1289,11326,2,Silverstone,2026-07-05 15:00:00,3,Max Verstappen,VER,max_verstappen,red_bull,20.0,7.0,20,Retired,0.0,0 days 02:46:00,46.0,24.758333333333333,0.0,1.750641025641026,0 days 00:00:00.782000,76.0,131.0
9,2026,British Grand Prix,1289,11326,2,Silverstone,2026-07-05 15:00:00,23,Alexander Albon,ALB,albon,williams,21.0,16.0,R,Retired,0.0,0 days 02:46:00,43.0,24.758333333333333,0.0,1.750641025641026,0 days 00:00:02.527000,5.0,11.0
9,2026,British Grand Prix,1289,11326,2,Silverstone,2026-07-05 15:00:00,27,Nico Hulkenberg,HUL,hulkenberg,audi,22.0,12.0,R,Retired,0.0,0 days 02:46:00,36.0,24.758333333333333,0.0,1.750641025641026,0 days 00:00:01.428000,0.0,6.0
10,2026,Belgian Grand Prix,1290,11334,7,Spa-Francorchamps,2026-07-19 15:00:00,12,Kimi Antonelli,ANT,antonelli,mercedes,1.0,1.0,1,Finished,25.0,0 days 01:24:42.479000,44.0,18.035616438356165,0.0,1.973972602739726,0 days 00:00:00,204.0,358.0
10,2026,Belgian Grand Prix,1290,11334,7,Spa-Francorchamps,2026-07-19 15:00:00,16,Charles Leclerc,LEC,leclerc,ferrari,2.0,4.0,2,Finished,18.0,0 days 00:00:01.952000,44.0,18.035616438356165,0.0,1.973972602739726,0 days 00:00:00.532000,126.0,285.0
10,2026,Belgian Grand Prix,1290,11334,7,Spa-Francorchamps,2026-07-19 15:00:00,3,Max Verstappen,VER,max_verstappen,red_bull,3.0,2.0,3,Finished,15.0,0 days 00:00:11.586000,44.0,18.035616438356165,0.0,1.973972602739726,0 days 00:00:00.317000,91.0,154.0
10,2026,Belgian Grand Prix,1290,11334,7,Spa-Francorchamps,2026-07-19 15:00:00,44,Lewis Hamilton,HAM,hamilton,ferrari,4.0,5.0,4,Finished,12.0,0 days 00:00:17.245000,44.0,18.035616438356165,0.0,1.973972602739726,0 days 00:00:00.534000,159.0,285.0
10,2026,Belgian Grand Prix,1290,11334,7,Spa-Francorchamps,2026-07-19 15:00:00,81,Oscar Piastri,PIA,piastri,mclaren,5.0,6.0,5,Finished,10.0,0 days 00:00:18.988000,44.0,18.035616438356165,0.0,1.973972602739726,0 days 00:00:00.655000,94.0,197.0
10,2026,Belgian Grand Prix,1290,11334,7,Spa-Francorchamps,2026-07-19 15:00:00,6,Isack Hadjar,HAD,hadjar,red_bull,6.0,21.0,6,Finished,8.0,0 days 00:00:23.307000,44.0,18.035616438356165,0.0,1.973972602739726,0 days 00:00:01.462000,63.0,154.0
10,2026,Belgian Grand Prix,1290,11334,7,Spa-Francorchamps,2026-07-19 15:00:00,1,Lando Norris,NOR,norris,mclaren,7.0,13.0,7,Finished,6.0,0 days 00:00:24.014000,44.0,18.035616438356165,0.0,1.973972602739726,0 days 00:00:00.440000,103.0,197.0
10,2026,Belgian Grand Prix,1290,11334,7,Spa-Francorchamps,2026-07-19 15:00:00,5,Gabriel Bortoleto,BOR,bortoleto,audi,8.0,8.0,8,Finished,4.0,0 days 00:00:49.140000,44.0,18.035616438356165,0.0,1.973972602739726,0 days 00:00:01.267000,10.0,10.0
10,2026,Belgian Grand Prix,1290,11334,7,Spa-Francorchamps,2026-07-19 15:00:00,41,Arvid Lindblad,LIN,arvid_lindblad,rb,9.0,7.0,9,Finished,2.0,0 days 00:00:50.406000,44.0,18.035616438356165,0.0,1.973972602739726,0 days 00:00:00.782000,24.0,65.0
10,2026,Belgian Grand Prix,1290,11334,7,Spa-Francorchamps,2026-07-19 15:00:00,43,Franco Colapinto,COL,colapinto,alpine,10.0,11.0,10,Finished,1.0,0 days 00:01:16.037000,44.0,18.035616438356165,0.0,1.973972602739726,0 days 00:00:02.031000,19.0,52.0
10,2026,Belgian Grand Prix,1290,11334,7,Spa-Francorchamps,2026-07-19 15:00:00,10,Pierre Gasly,GAS,gasly,alpine,11.0,10.0,11,Finished,0.0,0 days 00:01:16.991000,44.0,18.035616438356165,0.0,1.973972602739726,0 days 00:00:01.970000,33.0,52.0
10,2026,Belgian Grand Prix,1290,11334,7,Spa-Francorchamps,2026-07-19 15:00:00,30,Liam Lawson,LAW,lawson,rb,12.0,9.0,12,Finished,0.0,0 days 00:01:17.523000,44.0,18.035616438356165,0.0,1.973972602739726,0 days 00:00:01.759000,41.0,65.0
10,2026,Belgian Grand Prix,1290,11334,7,Spa-Francorchamps,2026-07-19 15:00:00,27,Nico Hulkenberg,HUL,hulkenberg,audi,13.0,12.0,13,Finished,0.0,0 days 00:01:18.348000,44.0,18.035616438356165,0.0,1.973972602739726,0 days 00:00:02.310000,0.0,10.0
10,2026,Belgian Grand Prix,1290,11334,7,Spa-Francorchamps,2026-07-19 15:00:00,87,Oliver Bearman,BEA,bearman,haas,14.0,14.0,14,Finished,0.0,0 days 00:01:34.465000,44.0,18.035616438356165,0.0,1.973972602739726,0 days 00:00:02.418000,18.0,21.0
10,2026,Belgian Grand Prix,1290,11334,7,Spa-Francorchamps,2026-07-19 15:00:00,23,Alexander Albon,ALB,albon,williams,15.0,15.0,15,Finished,0.0,0 days 00:01:44.684000,44.0,18.035616438356165,0.0,1.973972602739726,0 days 00:00:02.759000,5.0,11.0
10,2026,Belgian Grand Prix,1290,11334,7,Spa-Francorchamps,2026-07-19 15:00:00,55,Carlos Sainz,SAI,sainz,williams,16.0,19.0,16,Finished,0.0,0 days 00:01:45.856000,44.0,18.035616438356165,0.0,1.973972602739726,0 days 00:00:02.416000,6.0,11.0
10,2026,Belgian Grand Prix,1290,11334,7,Spa-Francorchamps,2026-07-19 15:00:00,31,Esteban Ocon,OCO,ocon,haas,17.0,16.0,17,Finished,0.0,0 days 00:01:50.925000,44.0,18.035616438356165,0.0,1.973972602739726,0 days 00:00:03.440000,3.0,21.0
10,2026,Belgian Grand Prix,1290,11334,7,Spa-Francorchamps,2026-07-19 15:00:00,77,Valtteri Bottas,BOT,bottas,cadillac,18.0,17.0,18,Lapped,0.0,0 days 00:01:00.979000,43.0,18.035616438356165,0.0,1.973972602739726,0 days 00:00:03.462000,0.0,0.0
10,2026,Belgian Grand Prix,1290,11334,7,Spa-Francorchamps,2026-07-19 15:00:00,14,Fernando Alonso,ALO,alonso,aston_martin,19.0,22.0,19,Lapped,0.0,0 days 00:00:20.848000,42.0,18.035616438356165,0.0,1.973972602739726,0 days 00:00:05.641000,1.0,1.0
10,2026,Belgian Grand Prix,1290,11334,7,Spa-Francorchamps,2026-07-19 15:00:00,18,Lance Stroll,STR,stroll,aston_martin,20.0,20.0,R,Retired,0.0,0 days 02:46:00,25.0,18.035616438356165,0.0,1.973972602739726,0 days 00:00:05.816000,0.0,1.0
10,2026,Belgian Grand Prix,1290,11334,7,Spa-Francorchamps,2026-07-19 15:00:00,11,Sergio Perez,PER,perez,cadillac,21.0,18.0,R,Retired,0.0,0 days 02:46:00,13.0,18.035616438356165,0.0,1.973972602739726,0 days 00:00:03.610000,0.0,0.0
10,2026,Belgian Grand Prix,1290,11334,7,Spa-Francorchamps,2026-07-19 15:00:00,63,George Russell,RUS,russell,mercedes,22.0,3.0,R,Retired,0.0,0 days 02:46:00,0.0,18.035616438356165,0.0,1.973972602739726,0 days 00:00:00.508000,154.0,358.0
11,2026,Hungarian Grand Prix,1291,11342,4,Hungaroring,2026-07-26 15:00:00,1,Lando Norris,NOR,norris,mclaren,1.0,1.0,1,Finished,25.0,0 days 01:39:56.180000,70.0,30.754777070063696,0.0,2.371337579617834,0 days 00:00:00,128.0,222.0
11,2026,Hungarian Grand Prix,1291,11342,4,Hungaroring,2026-07-26 15:00:00,3,Max Verstappen,VER,max_verstappen,red_bull,2.0,4.0,2,Finished,18.0,0 days 00:00:15.080000,70.0,30.754777070063696,0.0,2.371337579617834,0 days 00:00:00.518000,109.0,180.0
11,2026,Hungarian Grand Prix,1291,11342,4,Hungaroring,2026-07-26 15:00:00,12,Kimi Antonelli,ANT,antonelli,mercedes,3.0,7.0,3,Finished,15.0,0 days 00:00:18.728000,70.0,30.754777070063696,0.0,2.371337579617834,0 days 00:00:00.272000,219.0,379.0
11,2026,Hungarian Grand Prix,1291,11342,4,Hungaroring,2026-07-26 15:00:00,16,Charles Leclerc,LEC,leclerc,ferrari,4.0,2.0,4,Finished,12.0,0 days 00:00:23.840000,70.0,30.754777070063696,0.0,2.371337579617834,0 days 00:00:00.238000,138.0,307.0
11,2026,Hungarian Grand Prix,1291,11342,4,Hungaroring,2026-07-26 15:00:00,44,Lewis Hamilton,HAM,hamilton,ferrari,5.0,5.0,5,Finished,10.0,0 days 00:00:24.540000,70.0,30.754777070063696,0.0,2.371337579617834,0 days 00:00:00.012000,169.0,307.0
11,2026,Hungarian Grand Prix,1291,11342,4,Hungaroring,2026-07-26 15:00:00,6,Isack Hadjar,HAD,hadjar,red_bull,6.0,8.0,6,Finished,8.0,0 days 00:00:55.488000,70.0,30.754777070063696,0.0,2.371337579617834,0 days 00:00:00.649000,71.0,180.0
11,2026,Hungarian Grand Prix,1291,11342,4,Hungaroring,2026-07-26 15:00:00,63,George Russell,RUS,russell,mercedes,7.0,6.0,7,Finished,6.0,0 days 00:00:57.503000,70.0,30.754777070063696,0.0,2.371337579617834,0 days 00:00:00.553000,160.0,379.0
11,2026,Hungarian Grand Prix,1291,11342,4,Hungaroring,2026-07-26 15:00:00,30,Liam Lawson,LAW,lawson,rb,8.0,11.0,8,Lapped,4.0,0 days 00:00:28.033000,69.0,30.754777070063696,0.0,2.371337579617834,0 days 00:00:01.558000,45.0,70.0
11,2026,Hungarian Grand Prix,1291,11342,4,Hungaroring,2026-07-26 15:00:00,27,Nico Hulkenberg,HUL,hulkenberg,audi,9.0,10.0,9,Lapped,2.0,0 days 00:00:30.382000,69.0,30.754777070063696,0.0,2.371337579617834,0 days 00:00:01.432000,2.0,12.0
11,2026,Hungarian Grand Prix,1291,11342,4,Hungaroring,2026-07-26 15:00:00,41,Arvid Lindblad,LIN,arvid_lindblad,rb,10.0,9.0,10,Lapped,1.0,0 days 00:00:51.050000,69.0,30.754777070063696,0.0,2.371337579617834,0 days 00:00:01.074000,25.0,70.0
11,2026,Hungarian Grand Prix,1291,11342,4,Hungaroring,2026-07-26 15:00:00,5,Gabriel Bortoleto,BOR,bortoleto,audi,11.0,14.0,11,Lapped,0.0,0 days 00:00:52.028000,69.0,30.754777070063696,0.0,2.371337579617834,0 days 00:00:01.862000,10.0,12.0
11,2026,Hungarian Grand Prix,1291,11342,4,Hungaroring,2026-07-26 15:00:00,10,Pierre Gasly,GAS,gasly,alpine,12.0,12.0,12,Lapped,0.0,0 days 00:00:53.429000,69.0,30.754777070063696,0.0,2.371337579617834,0 days 00:00:01.637000,33.0,52.0
11,2026,Hungarian Grand Prix,1291,11342,4,Hungaroring,2026-07-26 15:00:00,18,Lance Stroll,STR,stroll,aston_martin,13.0,20.0,13,Lapped,0.0,0 days 00:01:03.828000,69.0,30.754777070063696,0.0,2.371337579617834,0 days 00:00:03.452000,0.0,1.0
11,2026,Hungarian Grand Prix,1291,11342,4,Hungaroring,2026-07-26 15:00:00,14,Fernando Alonso,ALO,alonso,aston_martin,14.0,16.0,14,Lapped,0.0,0 days 00:01:06.052000,69.0,30.754777070063696,0.0,2.371337579617834,0 days 00:00:02.601000,1.0,1.0
11,2026,Hungarian Grand Prix,1291,11342,4,Hungaroring,2026-07-26 15:00:00,43,Franco Colapinto,COL,colapinto,alpine,15.0,13.0,15,Lapped,0.0,0 days 00:00:03.876000,68.0,30.754777070063696,0.0,2.371337579617834,0 days 00:00:01.820000,19.0,52.0
11,2026,Hungarian Grand Prix,1291,11342,4,Hungaroring,2026-07-26 15:00:00,31,Esteban Ocon,OCO,ocon,haas,16.0,15.0,16,Lapped,0.0,0 days 00:00:12.859000,68.0,30.754777070063696,0.0,2.371337579617834,0 days 00:00:02.527000,3.0,21.0
11,2026,Hungarian Grand Prix,1291,11342,4,Hungaroring,2026-07-26 15:00:00,23,Alexander Albon,ALB,albon,williams,17.0,19.0,17,Lapped,0.0,0 days 00:00:52.729000,68.0,30.754777070063696,0.0,2.371337579617834,0 days 00:00:03.451000,5.0,11.0
11,2026,Hungarian Grand Prix,1291,11342,4,Hungaroring,2026-07-26 15:00:00,55,Carlos Sainz,SAI,sainz,williams,18.0,18.0,18,Lapped,0.0,0 days 00:00:52.973000,68.0,30.754777070063696,0.0,2.371337579617834,0 days 00:00:03.414000,6.0,11.0
11,2026,Hungarian Grand Prix,1291,11342,4,Hungaroring,2026-07-26 15:00:00,87,Oliver Bearman,BEA,bearman,haas,19.0,17.0,19,Lapped,0.0,0 days 00:00:57.198000,68.0,30.754777070063696,0.0,2.371337579617834,0 days 00:00:03.026000,18.0,21.0
11,2026,Hungarian Grand Prix,1291,11342,4,Hungaroring,2026-07-26 15:00:00,81,Oscar Piastri,PIA,piastri,mclaren,20.0,3.0,R,Retired,0.0,0 days 02:46:00,55.0,30.754777070063696,0.0,2.371337579617834,0 days 00:00:00.477000,94.0,222.0
11,2026,Hungarian Grand Prix,1291,11342,4,Hungaroring,2026-07-26 15:00:00,11,Sergio Perez,PER,perez,cadillac,21.0,22.0,R,Retired,0.0,0 days 02:46:00,48.0,30.754777070063696,0.0,2.371337579617834,0 days 00:00:04.115000,0.0,0.0
11,2026,Hungarian Grand Prix,1291,11342,4,Hungaroring,2026-07-26 15:00:00,77,Valtteri Bottas,BOT,bottas,cadillac,22.0,21.0,R,Retired,0.0,0 days 02:46:00,13.0,30.754777070063696,0.0,2.371337579617834,0 days 00:00:03.679000,0.0,0.0
12,2026,Dutch Grand Prix,1292,11353,55,Zandvoort,2026-08-23 15:00:00,1,Lando Norris,NOR,norris,mclaren,1.0,1.0,1,Finished,25.0,0 days 02:04:44.859000,72.0,18.5151832460733,0.1675392670157068,1.525130890052356,0 days 00:00:00,159.0,265.0
12,2026,Dutch Grand Prix,1292,11353,55,Zandvoort,2026-08-23 15:00:00,12,Kimi Antonelli,ANT,antonelli,mercedes,2.0,3.0,2,Finished,18.0,0 days 00:00:11.536000,72.0,18.5151832460733,0.1675392670157068,1.525130890052356,0 days 00:00:00.133000,242.0,425.0
12,2026,Dutch Grand Prix,1292,11353,55,Zandvoort,2026-08-23 15:00:00,63,George Russell,RUS,russell,mercedes,3.0,2.0,3,Finished,15.0,0 days 00:00:15.906000,72.0,18.5151832460733,0.1675392670157068,1.525130890052356,0 days 00:00:00.102000,183.0,425.0
12,2026,Dutch Grand Prix,1292,11353,55,Zandvoort,2026-08-23 15:00:00,44,Lewis Hamilton,HAM,hamilton,ferrari,4.0,5.0,4,Finished,12.0,0 days 00:00:16.755000,72.0,18.5151832460733,0.1675392670157068,1.525130890052356,0 days 00:00:00.331000,183.0,338.0
12,2026,Dutch Grand Prix,1292,11353,55,Zandvoort,2026-08-23 15:00:00,16,Charles Leclerc,LEC,leclerc,ferrari,5.0,6.0,5,Finished,10.0,0 days 00:00:17.258000,72.0,18.5151832460733,0.1675392670157068,1.525130890052356,0 days 00:00:00.395000,155.0,338.0
12,2026,Dutch Grand Prix,1292,11353,55,Zandvoort,2026-08-23 15:00:00,81,Oscar Piastri,PIA,piastri,mclaren,6.0,4.0,6,Finished,8.0,0 days 00:00:32.332000,72.0,18.5151832460733,0.1675392670157068,1.525130890052356,0 days 00:00:00.142000,106.0,265.0
12,2026,Dutch Grand Prix,1292,11353,55,Zandvoort,2026-08-23 15:00:00,30,Liam Lawson,LAW,lawson,red_bull,7.0,8.0,7,Finished,6.0,0 days 00:01:19.915000,72.0,18.5151832460733,0.1675392670157068,1.525130890052356,0 days 00:00:00.570000,51.0,189.0
12,2026,Dutch Grand Prix,1292,11353,55,Zandvoort,2026-08-23 15:00:00,27,Nico Hulkenberg,HUL,hulkenberg,audi,8.0,13.0,8,Lapped,4.0,0 days 00:00:36.049000,71.0,18.5151832460733,0.1675392670157068,1.525130890052356,0 days 00:00:01.634000,6.0,16.0
12,2026,Dutch Grand Prix,1292,11353,55,Zandvoort,2026-08-23 15:00:00,14,Fernando Alonso,ALO,alonso,aston_martin,9.0,18.0,9,Lapped,2.0,0 days 00:00:48.393000,71.0,18.5151832460733,0.1675392670157068,1.525130890052356,0 days 00:00:02.487000,3.0,3.0
12,2026,Dutch Grand Prix,1292,11353,55,Zandvoort,2026-08-23 15:00:00,10,Pierre Gasly,GAS,gasly,alpine,10.0,11.0,10,Lapped,1.0,0 days 00:00:49.640000,71.0,18.5151832460733,0.1675392670157068,1.525130890052356,0 days 00:00:01.453000,35.0,54.0
12,2026,Dutch Grand Prix,1292,11353,55,Zandvoort,2026-08-23 15:00:00,22,Yuki Tsunoda,TSU,tsunoda,rb,11.0,12.0,11,Lapped,0.0,0 days 00:00:54.322000,71.0,18.5151832460733,0.1675392670157068,1.525130890052356,0 days 00:00:01.464000,0.0,70.0
12,2026,Dutch Grand Prix,1292,11353,55,Zandvoort,2026-08-23 15:00:00,41,Arvid Lindblad,LIN,arvid_lindblad,rb,12.0,10.0,12,Lapped,0.0,0 days 00:01:05.680000,71.0,18.5151832460733,0.1675392670157068,1.525130890052356,0 days 00:00:01.022000,25.0,70.0
12,2026,Dutch Grand Prix,1292,11353,55,Zandvoort,2026-08-23 15:00:00,5,Gabriel Bortoleto,BOR,bortoleto,audi,13.0,9.0,13,Lapped,0.0,0 days 00:01:06.235000,71.0,18.5151832460733,0.1675392670157068,1.525130890052356,0 days 00:00:00.916000,10.0,16.0
12,2026,Dutch Grand Prix,1292,11353,55,Zandvoort,2026-08-23 15:00:00,43,Franco Colapinto,COL,colapinto,alpine,14.0,14.0,14,Lapped,0.0,0 days 00:00:20.534000,70.0,18.5151832460733,0.1675392670157068,1.525130890052356,0 days 00:00:01.637000,19.0,54.0
12,2026,Dutch Grand Prix,1292,11353,55,Zandvoort,2026-08-23 15:00:00,11,Sergio Perez,PER,perez,cadillac,15.0,22.0,15,Lapped,0.0,0 days 00:00:58.582000,70.0,18.5151832460733,0.1675392670157068,1.525130890052356,0 days 00:00:03.437000,0.0,0.0
12,2026,Dutch Grand Prix,1292,11353,55,Zandvoort,2026-08-23 15:00:00,55,Carlos Sainz,SAI,sainz,williams,16.0,17.0,16,Lapped,0.0,0 days 00:01:10.271000,70.0,18.5151832460733,0.1675392670157068,1.525130890052356,0 days 00:00:02.411000,6.0,11.0
12,2026,Dutch Grand Prix,1292,11353,55,Zandvoort,2026-08-23 15:00:00,23,Alexander Albon,ALB,albon,williams,17.0,16.0,17,Retired,0.0,0 days 02:46:00,66.0,18.5151832460733,0.1675392670157068,1.525130890052356,0 days 00:00:02.019000,5.0,11.0
12,2026,Dutch Grand Prix,1292,11353,55,Zandvoort,2026-08-23 15:00:00,77,Valtteri Bottas,BOT,bottas,cadillac,18.0,21.0,R,Retired,0.0,0 days 02:46:00,61.0,18.5151832460733,0.1675392670157068,1.525130890052356,0 days 00:00:03.208000,0.0,0.0
12,2026,Dutch Grand Prix,1292,11353,55,Zandvoort,2026-08-23 15:00:00,31,Esteban Ocon,OCO,ocon,haas,19.0,15.0,R,Retired,0.0,0 days 02:46:00,52.0,18.5151832460733,0.1675392670157068,1.525130890052356,0 days 00:00:01.974000,3.0,21.0
12,2026,Dutch Grand Prix,1292,11353,55,Zandvoort,2026-08-23 15:00:00,18,Lance Stroll,STR,stroll,aston_martin,20.0,19.0,R,Retired,0.0,0 days 02:46:00,45.0,18.5151832460733,0.1675392670157068,1.525130890052356,0 days 00:00:02.655000,0.0,3.0
12,2026,Dutch Grand Prix,1292,11353,55,Zandvoort,2026-08-23 15:00:00,87,Oliver Bearman,BEA,bearman,haas,21.0,20.0,R,Retired,0.0,0 days 02:46:00,2.0,18.5151832460733,0.1675392670157068,1.525130890052356,0 days 00:00:02.663000,18.0,21.0
12,2026,Dutch Grand Prix,1292,11353,55,Zandvoort,2026-08-23 15:00:00,3,Max Verstappen,VER,max_verstappen,red_bull,22.0,7.0,R,Retired,0.0,0 days 02:46:00,0.0,18.5151832460733,0.1675392670157068,1.525130890052356,0 days 00:00:00.455000,112.0,189.0
13,2026,Italian Grand Prix,1293,11361,39,Monza,2026-09-06 15:00:00,12,Kimi Antonelli,ANT,antonelli,mercedes,1.0,19.0,1,Finished,25.0,0 days 01:51:15.281000,53.0,32.17272727272727,0.0,1.347159090909091,0 days 00:00:00.096000,267.0,468.0
13,2026,Italian Grand Prix,1293,11361,39,Monza,2026-09-06 15:00:00,63,George Russell,RUS,russell,mercedes,2.0,2.0,2,Finished,18.0,0 days 00:00:03.857000,53.0,32.17272727272727,0.0,1.347159090909091,0 days 00:00:00.060000,201.0,468.0
13,2026,Italian Grand Prix,1293,11361,39,Monza,2026-09-06 15:00:00,3,Max Verstappen,VER,max_verstappen,red_bull,3.0,5.0,3,Finished,15.0,0 days 00:00:14.718000,53.0,32.17272727272727,0.0,1.347159090909091,0 days 00:00:00.284000,127.0,204.0
13,2026,Italian Grand Prix,1293,11361,39,Monza,2026-09-06 15:00:00,1,Lando Norris,NOR,norris,mclaren,4.0,8.0,4,Finished,12.0,0 days 00:00:19.056000,53.0,32.17272727272727,0.0,1.347159090909091,0 days 00:00:00.281000,171.0,287.0
13,2026,Italian Grand Prix,1293,11361,39,Monza,2026-09-06 15:00:00,81,Oscar Piastri,PIA,piastri,mclaren,5.0,6.0,5,Finished,10.0,0 days 00:00:19.253000,53.0,32.17272727272727,0.0,1.347159090909091,0 days 00:00:00.180000,116.0,287.0
13,2026,Italian Grand Prix,1293,11361,39,Monza,2026-09-06 15:00:00,44,Lewis Hamilton,HAM,hamilton,ferrari,6.0,4.0,6,Finished,8.0,0 days 00:00:24.655000,53.0,32.17272727272727,0.0,1.347159090909091,0 days 00:00:00.225000,191.0,346.0
13,2026,Italian Grand Prix,1293,11361,39,Monza,2026-09-06 15:00:00,10,Pierre Gasly,GAS,gasly,alpine,7.0,1.0,7,Finished,6.0,0 days 00:00:27.351000,53.0,32.17272727272727,0.0,1.347159090909091,0 days 00:00:00,41.0,62.0
13,2026,Italian Grand Prix,1293,11361,39,Monza,2026-09-06 15:00:00,41,Arvid Lindblad,LIN,arvid_lindblad,rb,8.0,9.0,8,Finished,4.0,0 days 00:00:45.136000,53.0,32.17272727272727,0.0,1.347159090909091,0 days 00:00:00.500000,29.0,75.0
13,2026,Italian Grand Prix,1293,11361,39,Monza,2026-09-06 15:00:00,43,Franco Colapinto,COL,colapinto,alpine,9.0,7.0,9,Finished,2.0,0 days 00:00:47.353000,53.0,32.17272727272727,0.0,1.347159090909091,0 days 00:00:00.434000,21.0,62.0
13,2026,Italian Grand Prix,1293,11361,39,Monza,2026-09-06 15:00:00,22,Yuki Tsunoda,TSU,tsunoda,rb,10.0,15.0,10,Finished,1.0,0 days 00:00:58.187000,53.0,32.17272727272727,0.0,1.347159090909091,0 days 00:00:01.969000,1.0,75.0
13,2026,Italian Grand Prix,1293,11361,39,Monza,2026-09-06 15:00:00,5,Gabriel Bortoleto,BOR,bortoleto,audi,11.0,10.0,11,Finished,0.0,0 days 00:01:05.187000,53.0,32.17272727272727,0.0,1.347159090909091,0 days 00:00:00.731000,10.0,16.0
13,2026,Italian Grand Prix,1293,11361,39,Monza,2026-09-06 15:00:00,27,Nico Hulkenberg,HUL,hulkenberg,audi,12.0,12.0,12,Finished,0.0,0 days 00:01:06.187000,53.0,32.17272727272727,0.0,1.347159090909091,0 days 00:00:00.993000,6.0,16.0
13,2026,Italian Grand Prix,1293,11361,39,Monza,2026-09-06 15:00:00,55,Carlos Sainz,SAI,sainz,williams,13.0,13.0,13,Finished,0.0,0 days 00:01:14.117000,53.0,32.17272727272727,0.0,1.347159090909091,0 days 00:00:01.667000,6.0,11.0
13,2026,Italian Grand Prix,1293,11361,39,Monza,2026-09-06 15:00:00,30,Liam Lawson,LAW,lawson,red_bull,14.0,22.0,14,Finished,0.0,0 days 00:01:15.609000,53.0,32.17272727272727,0.0,1.347159090909091,0 days 00:00:01.035000,51.0,204.0
13,2026,Italian Grand Prix,1293,11361,39,Monza,2026-09-06 15:00:00,87,Oliver Bearman,BEA,bearman,haas,15.0,11.0,15,Finished,0.0,0 days 00:01:18.958000,53.0,32.17272727272727,0.0,1.347159090909091,0 days 00:00:00.970000,18.0,21.0
13,2026,Italian Grand Prix,1293,11361,39,Monza,2026-09-06 15:00:00,31,Esteban Ocon,OCO,ocon,haas,16.0,14.0,16,Lapped,0.0,0 days 00:00:06.591000,52.0,32.17272727272727,0.0,1.347159090909091,0 days 00:00:01.668000,3.0,21.0
13,2026,Italian Grand Prix,1293,11361,39,Monza,2026-09-06 15:00:00,23,Alexander Albon,ALB,albon,williams,17.0,20.0,17,Lapped,0.0,0 days 00:00:20.268000,52.0,32.17272727272727,0.0,1.347159090909091,0 days 00:00:02.570000,5.0,11.0
13,2026,Italian Grand Prix,1293,11361,39,Monza,2026-09-06 15:00:00,11,Sergio Perez,PER,perez,cadillac,18.0,17.0,18,Lapped,0.0,0 days 00:01:13.372000,52.0,32.17272727272727,0.0,1.347159090909091,0 days 00:00:02.809000,0.0,0.0
13,2026,Italian Grand Prix,1293,11361,39,Monza,2026-09-06 15:00:00,77,Valtteri Bottas,BOT,bottas,cadillac,19.0,16.0,19,Lapped,0.0,0 days 00:00:12.880000,51.0,32.17272727272727,0.0,1.347159090909091,0 days 00:00:02.578000,0.0,0.0
13,2026,Italian Grand Prix,1293,11361,39,Monza,2026-09-06 15:00:00,18,Lance Stroll,STR,stroll,aston_martin,20.0,18.0,R,Retired,0.0,0 days 02:46:00,26.0,32.17272727272727,0.0,1.347159090909091,0 days 00:00:03.436000,0.0,3.0
13,2026,Italian Grand Prix,1293,11361,39,Monza,2026-09-06 15:00:00,14,Fernando Alonso,ALO,alonso,aston_martin,21.0,21.0,R,Retired,0.0,0 days 02:46:00,23.0,32.17272727272727,0.0,1.347159090909091,0 days 00:00:03.364000,3.0,3.0
13,2026,Italian Grand Prix,1293,11361,39,Monza,2026-09-06 15:00:00,16,Charles Leclerc,LEC,leclerc,ferrari,22.0,3.0,R,Retired,0.0,0 days 02:46:00,1.0,32.17272727272727,0.0,1.347159090909091,0 days 00:00:00.218000,155.0,346.0
14,2026,Spanish Grand Prix,1294,11369,153,Madring,2026-09-13 15:00:00,12,Kimi Antonelli,ANT,antonelli,mercedes,1.0,2.0,1,Finished,25.0,0 days 01:34:23.754000,57.0,30.56459627329192,0.0,1.45527950310559,0 days 00:00:00.011000,292.0,503.0
14,2026,Spanish Grand Prix,1294,11369,153,Madring,2026-09-13 15:00:00,3,Max Verstappen,VER,max_verstappen,red_bull,2.0,3.0,2,Finished,18.0,0 days 00:00:04.351000,57.0,30.56459627329192,0.0,1.45527950310559,0 days 00:00:00.140000,145.0,230.0
14,2026,Spanish Grand Prix,1294,11369,153,Madring,2026-09-13 15:00:00,1,Lando Norris,NOR,norris,mclaren,3.0,1.0,3,Finished,15.0,0 days 00:00:05.089000,57.0,30.56459627329192,0.0,1.45527950310559,0 days 00:00:00,186.0,306.0
14,2026,Spanish Grand Prix,1294,11369,153,Madring,2026-09-13 15:00:00,16,Charles Leclerc,LEC,leclerc,ferrari,4.0,5.0,4,Finished,12.0,0 days 00:00:29.116000,57.0,30.56459627329192,0.0,1.45527950310559,0 days 00:00:00.195000,167.0,358.0
14,2026,Spanish Grand Prix,1294,11369,153,Madring,2026-09-13 15:00:00,63,George Russell,RUS,russell,mercedes,5.0,6.0,5,Finished,10.0,0 days 00:00:29.829000,57.0,30.56459627329192,0.0,1.45527950310559,0 days 00:00:00.325000,211.0,503.0
14,2026,Spanish Grand Prix,1294,11369,153,Madring,2026-09-13 15:00:00,30,Liam Lawson,LAW,lawson,red_bull,6.0,8.0,6,Finished,8.0,0 days 00:01:26.746000,57.0,30.56459627329192,0.0,1.45527950310559,0 days 00:00:00.492000,59.0,230.0
14,2026,Spanish Grand Prix,1294,11369,153,Madring,2026-09-13 15:00:00,43,Franco Colapinto,COL,colapinto,alpine,7.0,9.0,7,Finished,6.0,0 days 00:01:34.281000,57.0,30.56459627329192,0.0,1.45527950310559,0 days 00:00:01.079000,27.0,68.0
14,2026,Spanish Grand Prix,1294,11369,153,Madring,2026-09-13 15:00:00,81,Oscar Piastri,PIA,piastri,mclaren,8.0,7.0,8,Finished,4.0,0 days 00:01:35.839000,57.0,30.56459627329192,0.0,1.45527950310559,0 days 00:00:00.470000,120.0,306.0
14,2026,Spanish Grand Prix,1294,11369,153,Madring,2026-09-13 15:00:00,41,Arvid Lindblad,LIN,arvid_lindblad,rb,9.0,10.0,9,Lapped,2.0,0 days 00:00:10.408000,56.0,30.56459627329192,0.0,1.45527950310559,0 days 00:00:01.217000,31.0,77.0
14,2026,Spanish Grand Prix,1294,11369,153,Madring,2026-09-13 15:00:00,27,Nico Hulkenberg,HUL,hulkenberg,audi,10.0,11.0,10,Lapped,1.0,0 days 00:00:11.298000,56.0,30.56459627329192,0.0,1.45527950310559,0 days 00:00:01.399000,7.0,17.0
14,2026,Spanish Grand Prix,1294,11369,153,Madring,2026-09-13 15:00:00,31,Esteban Ocon,OCO,ocon,haas,11.0,13.0,11,Lapped,0.0,0 days 00:00:15.143000,56.0,30.56459627329192,0.0,1.45527950310559,0 days 00:00:01.843000,3.0,21.0
14,2026,Spanish Grand Prix,1294,11369,153,Madring,2026-09-13 15:00:00,10,Pierre Gasly,GAS,gasly,alpine,12.0,14.0,12,Lapped,0.0,0 days 00:00:26.152000,56.0,30.56459627329192,0.0,1.45527950310559,0 days 00:00:01.929000,41.0,68.0
14,2026,Spanish Grand Prix,1294,11369,153,Madring,2026-09-13 15:00:00,5,Gabriel Bortoleto,BOR,bortoleto,audi,13.0,12.0,13,Lapped,0.0,0 days 00:00:28.389000,56.0,30.56459627329192,0.0,1.45527950310559,0 days 00:00:01.564000,10.0,17.0
14,2026,Spanish Grand Prix,1294,11369,153,Madring,2026-09-13 15:00:00,22,Yuki Tsunoda,TSU,tsunoda,rb,14.0,15.0,14,Lapped,0.0,0 days 00:01:00.163000,56.0,30.56459627329192,0.0,1.45527950310559,0 days 00:00:02.260000,1.0,77.0
14,2026,Spanish Grand Prix,1294,11369,153,Madring,2026-09-13 15:00:00,23,Alexander Albon,ALB,albon,williams,15.0,16.0,15,Lapped,0.0,0 days 00:01:26.212000,56.0,30.56459627329192,0.0,1.45527950310559,0 days 00:00:03.483000,5.0,11.0
14,2026,Spanish Grand Prix,1294,11369,153,Madring,2026-09-13 15:00:00,87,Oliver Bearman,BEA,bearman,haas,16.0,22.0,16,Lapped,0.0,0 days 00:01:29.963000,56.0,30.56459627329192,0.0,1.45527950310559,0 days 02:46:00,18.0,21.0
14,2026,Spanish Grand Prix,1294,11369,153,Madring,2026-09-13 15:00:00,14,Fernando Alonso,ALO,alonso,aston_martin,17.0,17.0,17,Lapped,0.0,0 days 00:00:33.776000,55.0,30.56459627329192,0.0,1.45527950310559,0 days 00:00:03.564000,3.0,3.0
14,2026,Spanish Grand Prix,1294,11369,153,Madring,2026-09-13 15:00:00,77,Valtteri Bottas,BOT,bottas,cadillac,18.0,19.0,18,Lapped,0.0,0 days 00:00:49.246000,54.0,30.56459627329192,0.0,1.45527950310559,0 days 00:00:06.187000,0.0,0.0
14,2026,Spanish Grand Prix,1294,11369,153,Madring,2026-09-13 15:00:00,55,Carlos Sainz,SAI,sainz,williams,19.0,20.0,R,Retired,0.0,0 days 02:46:00,43.0,30.56459627329192,0.0,1.45527950310559,0 days 00:00:03.488000,6.0,11.0
14,2026,Spanish Grand Prix,1294,11369,153,Madring,2026-09-13 15:00:00,11,Sergio Perez,PER,perez,cadillac,20.0,18.0,R,Retired,0.0,0 days 02:46:00,31.0,30.56459627329192,0.0,1.45527950310559,0 days 00:00:04.089000,0.0,0.0
14,2026,Spanish Grand Prix,1294,11369,153,Madring,2026-09-13 15:00:00,18,Lance Stroll,STR,stroll,aston_martin,21.0,21.0,R,Retired,0.0,0 days 02:46:00,12.0,30.56459627329192,0.0,1.45527950310559,0 days 02:46:00,0.0,3.0
14,2026,Spanish Grand Prix,1294,11369,153,Madring,2026-09-13 15:00:00,44,Lewis Hamilton,HAM,hamilton,ferrari,22.0,4.0,R,Retired,0.0,0 days 02:46:00,6.0,30.56459627329192,0.0,1.45527950310559,0 days 00:00:00.189000,191.0,358.0
